method,run,generation,best
BLX_sigma_0.01,0,0,119.28414125849221
BLX_sigma_0.01,0,1,64.32208348299045
BLX_sigma_0.01,0,2,44.335738229138485
BLX_sigma_0.01,0,3,31.109665777110944
BLX_sigma_0.01,0,4,16.841089200775432
BLX_sigma_0.01,0,5,7.206865464646306
BLX_sigma_0.01,0,6,5.659201985149351
BLX_sigma_0.01,0,7,3.51515024985006
BLX_sigma_0.01,0,8,2.2188546539838825
BLX_sigma_0.01,0,9,1.3277702456012812
BLX_sigma_0.01,0,10,1.3277702456012812
BLX_sigma_0.01,0,11,1.2109607732106011
BLX_sigma_0.01,0,12,1.1168081543696133
BLX_sigma_0.01,0,13,1.1168081543696133
BLX_sigma_0.01,0,14,1.0999439221005427
BLX_sigma_0.01,0,15,1.0191710585596623
BLX_sigma_0.01,0,16,0.9016451012027911
BLX_sigma_0.01,0,17,0.9016451012027911
BLX_sigma_0.01,0,18,0.9016451012027911
BLX_sigma_0.01,0,19,0.893091511036577
BLX_sigma_0.01,0,20,0.893091511036577
BLX_sigma_0.01,0,21,0.7444828873799829
BLX_sigma_0.01,0,22,0.7444828873799829
BLX_sigma_0.01,0,23,0.7444828873799829
BLX_sigma_0.01,0,24,0.7444828873799829
BLX_sigma_0.01,0,25,0.7444828873799829
BLX_sigma_0.01,0,26,0.6692010196460566
BLX_sigma_0.01,0,27,0.563031044153842
BLX_sigma_0.01,0,28,0.563031044153842
BLX_sigma_0.01,0,29,0.563031044153842
BLX_sigma_0.01,0,30,0.563031044153842
BLX_sigma_0.01,0,31,0.563031044153842
BLX_sigma_0.01,0,32,0.563031044153842
BLX_sigma_0.01,0,33,0.4671548946451909
BLX_sigma_0.01,0,34,0.4421118501991602
BLX_sigma_0.01,0,35,0.3706775074672788
BLX_sigma_0.01,0,36,0.2964444803121925
BLX_sigma_0.01,0,37,0.2964444803121925
BLX_sigma_0.01,0,38,0.2964444803121925
BLX_sigma_0.01,0,39,0.2656237253579371
BLX_sigma_0.01,0,40,0.2656237253579371
BLX_sigma_0.01,0,41,0.2656237253579371
BLX_sigma_0.01,0,42,0.2656237253579371
BLX_sigma_0.01,0,43,0.2656237253579371
BLX_sigma_0.01,0,44,0.25741456292781706
BLX_sigma_0.01,0,45,0.21801521374858812
BLX_sigma_0.01,0,46,0.21259391473987577
BLX_sigma_0.01,0,47,0.21259391473987577
BLX_sigma_0.01,0,48,0.14285467147743447
BLX_sigma_0.01,0,49,0.14285467147743447
BLX_sigma_0.01,0,50,0.14285467147743447
BLX_sigma_0.01,0,51,0.14200921321457127
BLX_sigma_0.01,0,52,0.10210736105222962
BLX_sigma_0.01,0,53,0.09692885131685125
BLX_sigma_0.01,0,54,0.08793781156562297
BLX_sigma_0.01,0,55,0.08421576418560073
BLX_sigma_0.01,0,56,0.07368047958638557
BLX_sigma_0.01,0,57,0.07368047958638557
BLX_sigma_0.01,0,58,0.07275721356310005
BLX_sigma_0.01,0,59,0.07075099040916955
BLX_sigma_0.01,0,60,0.06347683790445746
BLX_sigma_0.01,0,61,0.06347683790445746
BLX_sigma_0.01,0,62,0.062410869552274595
BLX_sigma_0.01,0,63,0.06005127258712617
BLX_sigma_0.01,0,64,0.05929173066332949
BLX_sigma_0.01,0,65,0.0567451242474315
BLX_sigma_0.01,0,66,0.055806439876769365
BLX_sigma_0.01,0,67,0.05319353855899256
BLX_sigma_0.01,0,68,0.0529615524371746
BLX_sigma_0.01,0,69,0.04966227700801906
BLX_sigma_0.01,0,70,0.04966227700801906
BLX_sigma_0.01,0,71,0.048474343536005216
BLX_sigma_0.01,0,72,0.04458406769856915
BLX_sigma_0.01,0,73,0.04320914875109616
BLX_sigma_0.01,0,74,0.042709406941363603
BLX_sigma_0.01,0,75,0.042709406941363603
BLX_sigma_0.01,0,76,0.04151702774804222
BLX_sigma_0.01,0,77,0.04151702774804222
BLX_sigma_0.01,0,78,0.04070261875213843
BLX_sigma_0.01,0,79,0.04020220549780107
BLX_sigma_0.01,0,80,0.04004435676196505
BLX_sigma_0.01,0,81,0.039812881218728946
BLX_sigma_0.01,0,82,0.039491422249367525
BLX_sigma_0.01,0,83,0.039491422249367525
BLX_sigma_0.01,0,84,0.039062954033899366
BLX_sigma_0.01,0,85,0.039062954033899366
BLX_sigma_0.01,0,86,0.03884073279972022
BLX_sigma_0.01,0,87,0.038765337816114354
BLX_sigma_0.01,0,88,0.037737000368680995
BLX_sigma_0.01,0,89,0.037737000368680995
BLX_sigma_0.01,0,90,0.037737000368680995
BLX_sigma_0.01,0,91,0.037737000368680995
BLX_sigma_0.01,0,92,0.03648088278859374
BLX_sigma_0.01,0,93,0.03648088278859374
BLX_sigma_0.01,0,94,0.03648088278859374
BLX_sigma_0.01,0,95,0.035941802849266846
BLX_sigma_0.01,0,96,0.03577741360655018
BLX_sigma_0.01,0,97,0.03577741360655018
BLX_sigma_0.01,0,98,0.03577741360655018
BLX_sigma_0.01,0,99,0.035660208388476056
BLX_sigma_0.01,0,100,0.035636268683001515
BLX_sigma_0.01,0,101,0.035636268683001515
BLX_sigma_0.01,0,102,0.035636268683001515
BLX_sigma_0.01,0,103,0.03547209128037021
BLX_sigma_0.01,0,104,0.03544629914167663
BLX_sigma_0.01,0,105,0.03544629914167663
BLX_sigma_0.01,0,106,0.03537646634900593
BLX_sigma_0.01,0,107,0.03537614148761803
BLX_sigma_0.01,0,108,0.035341446505926744
BLX_sigma_0.01,0,109,0.0353123877597008
BLX_sigma_0.01,0,110,0.03530587755606385
BLX_sigma_0.01,0,111,0.03530587755606385
BLX_sigma_0.01,0,112,0.03529865828079537
BLX_sigma_0.01,0,113,0.03526973193525962
BLX_sigma_0.01,0,114,0.035177531555346864
BLX_sigma_0.01,0,115,0.035163512601133595
BLX_sigma_0.01,0,116,0.035163512601133595
BLX_sigma_0.01,0,117,0.03513627244418893
BLX_sigma_0.01,0,118,0.035093758852161594
BLX_sigma_0.01,0,119,0.035093758852161594
BLX_sigma_0.01,0,120,0.03505274892147625
BLX_sigma_0.01,0,121,0.03505274892147625
BLX_sigma_0.01,0,122,0.03505274892147625
BLX_sigma_0.01,0,123,0.03504468852713538
BLX_sigma_0.01,0,124,0.03504468852713538
BLX_sigma_0.01,0,125,0.0350067505388475
BLX_sigma_0.01,0,126,0.03499946394641862
BLX_sigma_0.01,0,127,0.03499946394641862
BLX_sigma_0.01,0,128,0.03499946394641862
BLX_sigma_0.01,0,129,0.03499373517809967
BLX_sigma_0.01,0,130,0.03499373517809967
BLX_sigma_0.01,0,131,0.03499149046963723
BLX_sigma_0.01,0,132,0.03498731539112432
BLX_sigma_0.01,0,133,0.0349872744019587
BLX_sigma_0.01,0,134,0.03498637061952625
BLX_sigma_0.01,0,135,0.034984654914230195
BLX_sigma_0.01,0,136,0.03497288789163977
BLX_sigma_0.01,0,137,0.03497288789163977
BLX_sigma_0.01,0,138,0.034970184578937635
BLX_sigma_0.01,0,139,0.034970102384732527
BLX_sigma_0.01,0,140,0.03496181460344827
BLX_sigma_0.01,0,141,0.03496181460344827
BLX_sigma_0.01,0,142,0.03496181460344827
BLX_sigma_0.01,0,143,0.03495630872965727
BLX_sigma_0.01,0,144,0.034955271789508524
BLX_sigma_0.01,0,145,0.03495007875911549
BLX_sigma_0.01,0,146,0.03495007875911549
BLX_sigma_0.01,0,147,0.03494654956223586
BLX_sigma_0.01,0,148,0.03494654956223586
BLX_sigma_0.01,0,149,0.034943903112722996
BLX_sigma_0.01,0,150,0.034943903112722996
BLX_sigma_0.01,0,151,0.034943251014825316
BLX_sigma_0.01,0,152,0.034939927080670174
BLX_sigma_0.01,0,153,0.034939927080670174
BLX_sigma_0.01,0,154,0.034939927080670174
BLX_sigma_0.01,0,155,0.034939927080670174
BLX_sigma_0.01,0,156,0.034939927080670174
BLX_sigma_0.01,0,157,0.03493961119906186
BLX_sigma_0.01,0,158,0.03493955750022326
BLX_sigma_0.01,0,159,0.03493923141089372
BLX_sigma_0.01,0,160,0.03493907048873002
BLX_sigma_0.01,0,161,0.03493900222390045
BLX_sigma_0.01,0,162,0.03493873150318172
BLX_sigma_0.01,0,163,0.03489446318351708
BLX_sigma_0.01,0,164,0.03489446318351708
BLX_sigma_0.01,0,165,0.03489446318351708
BLX_sigma_0.01,0,166,0.03489446318351708
BLX_sigma_0.01,0,167,0.03489048656151239
BLX_sigma_0.01,1,0,122.82597643369839
BLX_sigma_0.01,1,1,65.46751005478319
BLX_sigma_0.01,1,2,54.43915891874221
BLX_sigma_0.01,1,3,18.290599148311216
BLX_sigma_0.01,1,4,15.5529921612412
BLX_sigma_0.01,1,5,9.07343488984333
BLX_sigma_0.01,1,6,8.09297029206362
BLX_sigma_0.01,1,7,5.02791440798487
BLX_sigma_0.01,1,8,4.497802422000536
BLX_sigma_0.01,1,9,2.2695688843914006
BLX_sigma_0.01,1,10,2.2695688843914006
BLX_sigma_0.01,1,11,1.5763543110433356
BLX_sigma_0.01,1,12,1.5414919670975813
BLX_sigma_0.01,1,13,1.2585579792854895
BLX_sigma_0.01,1,14,1.1755531972456934
BLX_sigma_0.01,1,15,1.1451450194643185
BLX_sigma_0.01,1,16,1.0040145697754939
BLX_sigma_0.01,1,17,0.9546941275726604
BLX_sigma_0.01,1,18,0.9546941275726604
BLX_sigma_0.01,1,19,0.9428099488463757
BLX_sigma_0.01,1,20,0.6550151654300793
BLX_sigma_0.01,1,21,0.6550151654300793
BLX_sigma_0.01,1,22,0.6550151654300793
BLX_sigma_0.01,1,23,0.6550151654300793
BLX_sigma_0.01,1,24,0.6550151654300793
BLX_sigma_0.01,1,25,0.6550151654300793
BLX_sigma_0.01,1,26,0.6550151654300793
BLX_sigma_0.01,1,27,0.6550151654300793
BLX_sigma_0.01,1,28,0.6550151654300793
BLX_sigma_0.01,1,29,0.6550151654300793
BLX_sigma_0.01,1,30,0.6550151654300793
BLX_sigma_0.01,1,31,0.5750595135575868
BLX_sigma_0.01,1,32,0.5601494670229601
BLX_sigma_0.01,1,33,0.5601494670229601
BLX_sigma_0.01,1,34,0.48504775386961185
BLX_sigma_0.01,1,35,0.38338616455453456
BLX_sigma_0.01,1,36,0.38338616455453456
BLX_sigma_0.01,1,37,0.38338616455453456
BLX_sigma_0.01,1,38,0.38338616455453456
BLX_sigma_0.01,1,39,0.3712282041645508
BLX_sigma_0.01,1,40,0.3584438068086492
BLX_sigma_0.01,1,41,0.3584438068086492
BLX_sigma_0.01,1,42,0.3499979122591733
BLX_sigma_0.01,1,43,0.2819569950486158
BLX_sigma_0.01,1,44,0.2819569950486158
BLX_sigma_0.01,1,45,0.2783783945427797
BLX_sigma_0.01,1,46,0.2783783945427797
BLX_sigma_0.01,1,47,0.24729104865240248
BLX_sigma_0.01,1,48,0.24635788256321367
BLX_sigma_0.01,1,49,0.24635788256321367
BLX_sigma_0.01,1,50,0.24067292054307066
BLX_sigma_0.01,1,51,0.24054377118254622
BLX_sigma_0.01,1,52,0.23522706878397903
BLX_sigma_0.01,1,53,0.23522706878397903
BLX_sigma_0.01,1,54,0.23220170054069056
BLX_sigma_0.01,1,55,0.2302669221658884
BLX_sigma_0.01,1,56,0.22968575782807454
BLX_sigma_0.01,1,57,0.22763721687219562
BLX_sigma_0.01,1,58,0.17190393526182401
BLX_sigma_0.01,1,59,0.15777931144923518
BLX_sigma_0.01,1,60,0.15777931144923518
BLX_sigma_0.01,1,61,0.15777931144923518
BLX_sigma_0.01,1,62,0.10805077454440182
BLX_sigma_0.01,1,63,0.10805077454440182
BLX_sigma_0.01,1,64,0.10805077454440182
BLX_sigma_0.01,1,65,0.10805077454440182
BLX_sigma_0.01,1,66,0.10020811698389309
BLX_sigma_0.01,1,67,0.09526852544796749
BLX_sigma_0.01,1,68,0.09526852544796749
BLX_sigma_0.01,1,69,0.0789687515902624
BLX_sigma_0.01,1,70,0.07778715016438309
BLX_sigma_0.01,1,71,0.07668973881505536
BLX_sigma_0.01,1,72,0.07027010943476208
BLX_sigma_0.01,1,73,0.06914355467983979
BLX_sigma_0.01,1,74,0.06756280409706494
BLX_sigma_0.01,1,75,0.06630962897294579
BLX_sigma_0.01,1,76,0.05172878266400893
BLX_sigma_0.01,1,77,0.05172878266400893
BLX_sigma_0.01,1,78,0.03896458089134047
BLX_sigma_0.01,1,79,0.03726787630744688
BLX_sigma_0.01,1,80,0.03520855186412697
BLX_sigma_0.01,1,81,0.03399081810654003
BLX_sigma_0.01,1,82,0.02970046776908364
BLX_sigma_0.01,1,83,0.02970046776908364
BLX_sigma_0.01,1,84,0.02970046776908364
BLX_sigma_0.01,1,85,0.0279231749643587
BLX_sigma_0.01,1,86,0.0279231749643587
BLX_sigma_0.01,1,87,0.027847748415924523
BLX_sigma_0.01,1,88,0.027376437604107906
BLX_sigma_0.01,1,89,0.027376437604107906
BLX_sigma_0.01,1,90,0.027170550675340244
BLX_sigma_0.01,1,91,0.027170550675340244
BLX_sigma_0.01,1,92,0.027049352456645526
BLX_sigma_0.01,1,93,0.026514665131726844
BLX_sigma_0.01,1,94,0.026412023754993408
BLX_sigma_0.01,1,95,0.026005298460309634
BLX_sigma_0.01,1,96,0.02597976752245701
BLX_sigma_0.01,1,97,0.025898575156865666
BLX_sigma_0.01,1,98,0.025793942556943894
BLX_sigma_0.01,1,99,0.025693845005057336
BLX_sigma_0.01,1,100,0.025693845005057336
BLX_sigma_0.01,1,101,0.025546108693193736
BLX_sigma_0.01,1,102,0.025451407631153722
BLX_sigma_0.01,1,103,0.025451407631153722
BLX_sigma_0.01,1,104,0.025337938879064437
BLX_sigma_0.01,1,105,0.02531339010908218
BLX_sigma_0.01,1,106,0.02531339010908218
BLX_sigma_0.01,1,107,0.02531339010908218
BLX_sigma_0.01,1,108,0.025294020081545243
BLX_sigma_0.01,1,109,0.025294020081545243
BLX_sigma_0.01,1,110,0.025234190710179183
BLX_sigma_0.01,1,111,0.025234190710179183
BLX_sigma_0.01,1,112,0.025234190710179183
BLX_sigma_0.01,1,113,0.025179057149095074
BLX_sigma_0.01,1,114,0.0251718029211353
BLX_sigma_0.01,1,115,0.025167038591736524
BLX_sigma_0.01,1,116,0.025135665398808404
BLX_sigma_0.01,1,117,0.025135665398808404
BLX_sigma_0.01,1,118,0.02507170046603413
BLX_sigma_0.01,1,119,0.02507170046603413
BLX_sigma_0.01,1,120,0.02507170046603413
BLX_sigma_0.01,1,121,0.02507170046603413
BLX_sigma_0.01,1,122,0.02507170046603413
BLX_sigma_0.01,1,123,0.02505722419870482
BLX_sigma_0.01,1,124,0.025051546869113372
BLX_sigma_0.01,1,125,0.025013557739755776
BLX_sigma_0.01,1,126,0.025013557739755776
BLX_sigma_0.01,1,127,0.025012664017933006
BLX_sigma_0.01,1,128,0.025011394009642807
BLX_sigma_0.01,1,129,0.025007990249870438
BLX_sigma_0.01,1,130,0.024999122748153302
BLX_sigma_0.01,1,131,0.024998461887589696
BLX_sigma_0.01,1,132,0.024996422009509578
BLX_sigma_0.01,1,133,0.024996234225999392
BLX_sigma_0.01,1,134,0.024991086056328382
BLX_sigma_0.01,1,135,0.02498932504906426
BLX_sigma_0.01,1,136,0.02498932504906426
BLX_sigma_0.01,1,137,0.02498932504906426
BLX_sigma_0.01,1,138,0.02498625111306718
BLX_sigma_0.01,1,139,0.02498612660602839
BLX_sigma_0.01,1,140,0.02498612660602839
BLX_sigma_0.01,1,141,0.02498612660602839
BLX_sigma_0.01,1,142,0.02498430365943005
BLX_sigma_0.01,1,143,0.02498430365943005
BLX_sigma_0.01,1,144,0.024982411455667486
BLX_sigma_0.01,1,145,0.024982411455667486
BLX_sigma_0.01,1,146,0.024982411455667486
BLX_sigma_0.01,1,147,0.024982411455667486
BLX_sigma_0.01,1,148,0.024982397222760633
BLX_sigma_0.01,1,149,0.024981935066924366
BLX_sigma_0.01,1,150,0.024980868100524356
BLX_sigma_0.01,1,151,0.02498079085254734
BLX_sigma_0.01,1,152,0.024980744700675128
BLX_sigma_0.01,1,153,0.024980515443228213
BLX_sigma_0.01,1,154,0.024980019910908702
BLX_sigma_0.01,1,155,0.024980019910908702
BLX_sigma_0.01,1,156,0.02497989245065113
BLX_sigma_0.01,1,157,0.024979723624940497
BLX_sigma_0.01,1,158,0.02497866828086104
BLX_sigma_0.01,1,159,0.024978441599849077
BLX_sigma_0.01,1,160,0.024978005809921155
BLX_sigma_0.01,1,161,0.02497792510653596
BLX_sigma_0.01,1,162,0.024977787803676987
BLX_sigma_0.01,1,163,0.024977787803676987
BLX_sigma_0.01,1,164,0.024977787803676987
BLX_sigma_0.01,1,165,0.024977753174280193
BLX_sigma_0.01,1,166,0.024977027206174562
BLX_sigma_0.01,1,167,0.024977027206174562
BLX_sigma_0.01,2,0,130.70009137490476
BLX_sigma_0.01,2,1,17.678863130489173
BLX_sigma_0.01,2,2,17.678863130489173
BLX_sigma_0.01,2,3,17.678863130489173
BLX_sigma_0.01,2,4,11.243846576282166
BLX_sigma_0.01,2,5,8.507391988772808
BLX_sigma_0.01,2,6,4.555325735660894
BLX_sigma_0.01,2,7,4.306437051233241
BLX_sigma_0.01,2,8,3.266050584111133
BLX_sigma_0.01,2,9,2.5209976351463825
BLX_sigma_0.01,2,10,1.4496428241697357
BLX_sigma_0.01,2,11,1.4496428241697357
BLX_sigma_0.01,2,12,1.2089216952392514
BLX_sigma_0.01,2,13,1.151864525948918
BLX_sigma_0.01,2,14,1.1010236703798362
BLX_sigma_0.01,2,15,1.07295522893003
BLX_sigma_0.01,2,16,1.0546919950495457
BLX_sigma_0.01,2,17,1.0373163872715363
BLX_sigma_0.01,2,18,1.0210245319407458
BLX_sigma_0.01,2,19,0.7688925423638009
BLX_sigma_0.01,2,20,0.7688925423638009
BLX_sigma_0.01,2,21,0.7688925423638009
BLX_sigma_0.01,2,22,0.7441165575796733
BLX_sigma_0.01,2,23,0.6145361752247875
BLX_sigma_0.01,2,24,0.6145361752247875
BLX_sigma_0.01,2,25,0.6145361752247875
BLX_sigma_0.01,2,26,0.4463567623242706
BLX_sigma_0.01,2,27,0.4463567623242706
BLX_sigma_0.01,2,28,0.4463567623242706
BLX_sigma_0.01,2,29,0.4463567623242706
BLX_sigma_0.01,2,30,0.3390860788089325
BLX_sigma_0.01,2,31,0.2955704588524294
BLX_sigma_0.01,2,32,0.2955704588524294
BLX_sigma_0.01,2,33,0.2955704588524294
BLX_sigma_0.01,2,34,0.2955704588524294
BLX_sigma_0.01,2,35,0.2955704588524294
BLX_sigma_0.01,2,36,0.27653474426364866
BLX_sigma_0.01,2,37,0.27653474426364866
BLX_sigma_0.01,2,38,0.2268681687930001
BLX_sigma_0.01,2,39,0.2268681687930001
BLX_sigma_0.01,2,40,0.2268681687930001
BLX_sigma_0.01,2,41,0.2268681687930001
BLX_sigma_0.01,2,42,0.2268681687930001
BLX_sigma_0.01,2,43,0.2268681687930001
BLX_sigma_0.01,2,44,0.2268681687930001
BLX_sigma_0.01,2,45,0.2268681687930001
BLX_sigma_0.01,2,46,0.2268681687930001
BLX_sigma_0.01,2,47,0.2264604335558662
BLX_sigma_0.01,2,48,0.22506065043805523
BLX_sigma_0.01,2,49,0.20434910415144059
BLX_sigma_0.01,2,50,0.20434910415144059
BLX_sigma_0.01,2,51,0.1775519698935405
BLX_sigma_0.01,2,52,0.1775519698935405
BLX_sigma_0.01,2,53,0.1775519698935405
BLX_sigma_0.01,2,54,0.1628785334859142
BLX_sigma_0.01,2,55,0.1628785334859142
BLX_sigma_0.01,2,56,0.15410620932385743
BLX_sigma_0.01,2,57,0.13237417155872733
BLX_sigma_0.01,2,58,0.1297506404203077
BLX_sigma_0.01,2,59,0.1297506404203077
BLX_sigma_0.01,2,60,0.12106620662945466
BLX_sigma_0.01,2,61,0.12106620662945466
BLX_sigma_0.01,2,62,0.10400268976747151
BLX_sigma_0.01,2,63,0.10155350322982315
BLX_sigma_0.01,2,64,0.0991505563191114
BLX_sigma_0.01,2,65,0.09484494965984591
BLX_sigma_0.01,2,66,0.08684307501405619
BLX_sigma_0.01,2,67,0.08280941873146741
BLX_sigma_0.01,2,68,0.07744295976195736
BLX_sigma_0.01,2,69,0.06126351022058596
BLX_sigma_0.01,2,70,0.06126351022058596
BLX_sigma_0.01,2,71,0.06126351022058596
BLX_sigma_0.01,2,72,0.06126351022058596
BLX_sigma_0.01,2,73,0.06126351022058596
BLX_sigma_0.01,2,74,0.06126351022058596
BLX_sigma_0.01,2,75,0.06126351022058596
BLX_sigma_0.01,2,76,0.06126351022058596
BLX_sigma_0.01,2,77,0.06126351022058596
BLX_sigma_0.01,2,78,0.06126351022058596
BLX_sigma_0.01,2,79,0.06126351022058596
BLX_sigma_0.01,2,80,0.06126351022058596
BLX_sigma_0.01,2,81,0.06053065947211389
BLX_sigma_0.01,2,82,0.059445148114669166
BLX_sigma_0.01,2,83,0.059445148114669166
BLX_sigma_0.01,2,84,0.05815937133869631
BLX_sigma_0.01,2,85,0.05651046630499379
BLX_sigma_0.01,2,86,0.05651046630499379
BLX_sigma_0.01,2,87,0.05499547823182349
BLX_sigma_0.01,2,88,0.054865412738518304
BLX_sigma_0.01,2,89,0.05374280901101369
BLX_sigma_0.01,2,90,0.05293938755141703
BLX_sigma_0.01,2,91,0.05293938755141703
BLX_sigma_0.01,2,92,0.05293938755141703
BLX_sigma_0.01,2,93,0.05293938755141703
BLX_sigma_0.01,2,94,0.05293938755141703
BLX_sigma_0.01,2,95,0.05293938755141703
BLX_sigma_0.01,2,96,0.052892422143588025
BLX_sigma_0.01,2,97,0.0528113778749284
BLX_sigma_0.01,2,98,0.052779705448121716
BLX_sigma_0.01,2,99,0.052779705448121716
BLX_sigma_0.01,2,100,0.052779705448121716
BLX_sigma_0.01,2,101,0.05270754010629575
BLX_sigma_0.01,2,102,0.05264518999651102
BLX_sigma_0.01,2,103,0.05258973821594903
BLX_sigma_0.01,2,104,0.05258831827677024
BLX_sigma_0.01,2,105,0.05255489075861364
BLX_sigma_0.01,2,106,0.05081536131024866
BLX_sigma_0.01,2,107,0.05081536131024866
BLX_sigma_0.01,2,108,0.05081536131024866
BLX_sigma_0.01,2,109,0.05081536131024866
BLX_sigma_0.01,2,110,0.05081536131024866
BLX_sigma_0.01,2,111,0.05081536131024866
BLX_sigma_0.01,2,112,0.05081536131024866
BLX_sigma_0.01,2,113,0.04580991148929925
BLX_sigma_0.01,2,114,0.04580991148929925
BLX_sigma_0.01,2,115,0.04580991148929925
BLX_sigma_0.01,2,116,0.04580991148929925
BLX_sigma_0.01,2,117,0.04580991148929925
BLX_sigma_0.01,2,118,0.04580991148929925
BLX_sigma_0.01,2,119,0.04541059383451396
BLX_sigma_0.01,2,120,0.04541059383451396
BLX_sigma_0.01,2,121,0.04425136972242705
BLX_sigma_0.01,2,122,0.0439820055965745
BLX_sigma_0.01,2,123,0.0439820055965745
BLX_sigma_0.01,2,124,0.0439820055965745
BLX_sigma_0.01,2,125,0.04349065879382319
BLX_sigma_0.01,2,126,0.04287719170276705
BLX_sigma_0.01,2,127,0.042593141604899465
BLX_sigma_0.01,2,128,0.042593141604899465
BLX_sigma_0.01,2,129,0.04251354552208253
BLX_sigma_0.01,2,130,0.04251354552208253
BLX_sigma_0.01,2,131,0.04251354552208253
BLX_sigma_0.01,2,132,0.0424932268413174
BLX_sigma_0.01,2,133,0.04248582110584842
BLX_sigma_0.01,2,134,0.04247625736373373
BLX_sigma_0.01,2,135,0.0424719782692744
BLX_sigma_0.01,2,136,0.04245957153422175
BLX_sigma_0.01,2,137,0.04245562880339249
BLX_sigma_0.01,2,138,0.04245562880339249
BLX_sigma_0.01,2,139,0.04244173564741893
BLX_sigma_0.01,2,140,0.04244173564741893
BLX_sigma_0.01,2,141,0.04244173564741893
BLX_sigma_0.01,2,142,0.04243680861663035
BLX_sigma_0.01,2,143,0.04243680861663035
BLX_sigma_0.01,2,144,0.04243680861663035
BLX_sigma_0.01,2,145,0.04243560326700402
BLX_sigma_0.01,2,146,0.04243491223049012
BLX_sigma_0.01,2,147,0.0424314012735556
BLX_sigma_0.01,2,148,0.04213140082745137
BLX_sigma_0.01,2,149,0.042095414974776424
BLX_sigma_0.01,2,150,0.042095414974776424
BLX_sigma_0.01,2,151,0.042095414974776424
BLX_sigma_0.01,2,152,0.04208876532990902
BLX_sigma_0.01,2,153,0.042087891210652484
BLX_sigma_0.01,2,154,0.042087891210652484
BLX_sigma_0.01,2,155,0.042087891210652484
BLX_sigma_0.01,2,156,0.04208715810739583
BLX_sigma_0.01,2,157,0.042086615960655216
BLX_sigma_0.01,2,158,0.042086342826163525
BLX_sigma_0.01,2,159,0.042085473248291594
BLX_sigma_0.01,2,160,0.042083868823948545
BLX_sigma_0.01,2,161,0.04208325626070908
BLX_sigma_0.01,2,162,0.04208176321822499
BLX_sigma_0.01,2,163,0.042078231569795954
BLX_sigma_0.01,2,164,0.042078231569795954
BLX_sigma_0.01,2,165,0.042078231569795954
BLX_sigma_0.01,2,166,0.042078231569795954
BLX_sigma_0.01,2,167,0.042078231569795954
BLX_sigma_0.01,3,0,138.4827981389377
BLX_sigma_0.01,3,1,59.992223834519166
BLX_sigma_0.01,3,2,32.83338385087547
BLX_sigma_0.01,3,3,20.93099733057228
BLX_sigma_0.01,3,4,18.69660984573123
BLX_sigma_0.01,3,5,11.998290775480145
BLX_sigma_0.01,3,6,5.620217153894402
BLX_sigma_0.01,3,7,5.620217153894402
BLX_sigma_0.01,3,8,4.081956420097066
BLX_sigma_0.01,3,9,1.8008543365326994
BLX_sigma_0.01,3,10,1.153553463436174
BLX_sigma_0.01,3,11,1.153553463436174
BLX_sigma_0.01,3,12,1.153553463436174
BLX_sigma_0.01,3,13,1.153553463436174
BLX_sigma_0.01,3,14,1.094768493561849
BLX_sigma_0.01,3,15,1.0653124141044399
BLX_sigma_0.01,3,16,0.9454314937647958
BLX_sigma_0.01,3,17,0.9454314937647958
BLX_sigma_0.01,3,18,0.9454314937647958
BLX_sigma_0.01,3,19,0.9324366454989965
BLX_sigma_0.01,3,20,0.9125973037930863
BLX_sigma_0.01,3,21,0.9125973037930863
BLX_sigma_0.01,3,22,0.818730154280565
BLX_sigma_0.01,3,23,0.818730154280565
BLX_sigma_0.01,3,24,0.6913841918100925
BLX_sigma_0.01,3,25,0.6913841918100925
BLX_sigma_0.01,3,26,0.6913841918100925
BLX_sigma_0.01,3,27,0.6913841918100925
BLX_sigma_0.01,3,28,0.6913841918100925
BLX_sigma_0.01,3,29,0.6913841918100925
BLX_sigma_0.01,3,30,0.6258445223639388
BLX_sigma_0.01,3,31,0.6258445223639388
BLX_sigma_0.01,3,32,0.6258445223639388
BLX_sigma_0.01,3,33,0.6258445223639388
BLX_sigma_0.01,3,34,0.6258445223639388
BLX_sigma_0.01,3,35,0.6258445223639388
BLX_sigma_0.01,3,36,0.6258445223639388
BLX_sigma_0.01,3,37,0.5507077409919858
BLX_sigma_0.01,3,38,0.5507077409919858
BLX_sigma_0.01,3,39,0.5415461904873123
BLX_sigma_0.01,3,40,0.5415461904873123
BLX_sigma_0.01,3,41,0.40454061198050406
BLX_sigma_0.01,3,42,0.40454061198050406
BLX_sigma_0.01,3,43,0.32581213623939487
BLX_sigma_0.01,3,44,0.32581213623939487
BLX_sigma_0.01,3,45,0.3089313197519191
BLX_sigma_0.01,3,46,0.24831139936527546
BLX_sigma_0.01,3,47,0.23556642974082775
BLX_sigma_0.01,3,48,0.16456025492634196
BLX_sigma_0.01,3,49,0.16456025492634196
BLX_sigma_0.01,3,50,0.16456025492634196
BLX_sigma_0.01,3,51,0.1370709785037728
BLX_sigma_0.01,3,52,0.1370709785037728
BLX_sigma_0.01,3,53,0.10369080533581154
BLX_sigma_0.01,3,54,0.10369080533581154
BLX_sigma_0.01,3,55,0.10369080533581154
BLX_sigma_0.01,3,56,0.10369080533581154
BLX_sigma_0.01,3,57,0.10298045604187012
BLX_sigma_0.01,3,58,0.09254955970050238
BLX_sigma_0.01,3,59,0.09254955970050238
BLX_sigma_0.01,3,60,0.080079380490648
BLX_sigma_0.01,3,61,0.07787473442328319
BLX_sigma_0.01,3,62,0.07481374175569677
BLX_sigma_0.01,3,63,0.06414284862783715
BLX_sigma_0.01,3,64,0.06393153337655899
BLX_sigma_0.01,3,65,0.06393153337655899
BLX_sigma_0.01,3,66,0.05582152229028858
BLX_sigma_0.01,3,67,0.05496690119155778
BLX_sigma_0.01,3,68,0.05323693476729274
BLX_sigma_0.01,3,69,0.04891269714111468
BLX_sigma_0.01,3,70,0.04891269714111468
BLX_sigma_0.01,3,71,0.04776815766647169
BLX_sigma_0.01,3,72,0.045488036796826004
BLX_sigma_0.01,3,73,0.043056810304927695
BLX_sigma_0.01,3,74,0.039212959342576514
BLX_sigma_0.01,3,75,0.026883565333873594
BLX_sigma_0.01,3,76,0.026883565333873594
BLX_sigma_0.01,3,77,0.026883565333873594
BLX_sigma_0.01,3,78,0.026883565333873594
BLX_sigma_0.01,3,79,0.026883565333873594
BLX_sigma_0.01,3,80,0.02476279240650403
BLX_sigma_0.01,3,81,0.01693367150077607
BLX_sigma_0.01,3,82,0.015394102960603617
BLX_sigma_0.01,3,83,0.015394102960603617
BLX_sigma_0.01,3,84,0.015394102960603617
BLX_sigma_0.01,3,85,0.01394164192889924
BLX_sigma_0.01,3,86,0.01389036319460335
BLX_sigma_0.01,3,87,0.012983736080011465
BLX_sigma_0.01,3,88,0.012983736080011465
BLX_sigma_0.01,3,89,0.01242368219999046
BLX_sigma_0.01,3,90,0.01242368219999046
BLX_sigma_0.01,3,91,0.011938763514009354
BLX_sigma_0.01,3,92,0.011681532066883604
BLX_sigma_0.01,3,93,0.01139897764678055
BLX_sigma_0.01,3,94,0.01139897764678055
BLX_sigma_0.01,3,95,0.01139897764678055
BLX_sigma_0.01,3,96,0.01133787087468674
BLX_sigma_0.01,3,97,0.011155292540141248
BLX_sigma_0.01,3,98,0.011077315046938985
BLX_sigma_0.01,3,99,0.011077315046938985
BLX_sigma_0.01,3,100,0.010967840867606604
BLX_sigma_0.01,3,101,0.010944502219302654
BLX_sigma_0.01,3,102,0.010931342044013692
BLX_sigma_0.01,3,103,0.010841964934244053
BLX_sigma_0.01,3,104,0.010798094173941175
BLX_sigma_0.01,3,105,0.010605686657748414
BLX_sigma_0.01,3,106,0.010528584067453495
BLX_sigma_0.01,3,107,0.010528584067453495
BLX_sigma_0.01,3,108,0.010491986301297773
BLX_sigma_0.01,3,109,0.01037824189100256
BLX_sigma_0.01,3,110,0.01037824189100256
BLX_sigma_0.01,3,111,0.01037824189100256
BLX_sigma_0.01,3,112,0.010344902238509701
BLX_sigma_0.01,3,113,0.010344902238509701
BLX_sigma_0.01,3,114,0.010344902238509701
BLX_sigma_0.01,3,115,0.01033084687293151
BLX_sigma_0.01,3,116,0.01033084687293151
BLX_sigma_0.01,3,117,0.010319491533567926
BLX_sigma_0.01,3,118,0.010319491533567926
BLX_sigma_0.01,3,119,0.010273304937395977
BLX_sigma_0.01,3,120,0.010273304937395977
BLX_sigma_0.01,3,121,0.010273304937395977
BLX_sigma_0.01,3,122,0.010242487168054648
BLX_sigma_0.01,3,123,0.010242312468694448
BLX_sigma_0.01,3,124,0.010212676102188123
BLX_sigma_0.01,3,125,0.010202677681726557
BLX_sigma_0.01,3,126,0.008121600646808114
BLX_sigma_0.01,3,127,0.008025484714346276
BLX_sigma_0.01,3,128,0.008025484714346276
BLX_sigma_0.01,3,129,0.008025484714346276
BLX_sigma_0.01,3,130,0.00800934166816647
BLX_sigma_0.01,3,131,0.007983401765695675
BLX_sigma_0.01,3,132,0.007983401765695675
BLX_sigma_0.01,3,133,0.007983401765695675
BLX_sigma_0.01,3,134,0.007983401765695675
BLX_sigma_0.01,3,135,0.007983401765695675
BLX_sigma_0.01,3,136,0.007982889686262817
BLX_sigma_0.01,3,137,0.007977264478982171
BLX_sigma_0.01,3,138,0.007968852557222239
BLX_sigma_0.01,3,139,0.007968852557222239
BLX_sigma_0.01,3,140,0.007968852557222239
BLX_sigma_0.01,3,141,0.007958524213183105
BLX_sigma_0.01,3,142,0.007958524213183105
BLX_sigma_0.01,3,143,0.007623332461899945
BLX_sigma_0.01,3,144,0.007623332461899945
BLX_sigma_0.01,3,145,0.007623030486315963
BLX_sigma_0.01,3,146,0.007623030486315963
BLX_sigma_0.01,3,147,0.007622380132853435
BLX_sigma_0.01,3,148,0.007621274947859469
BLX_sigma_0.01,3,149,0.007621274947859469
BLX_sigma_0.01,3,150,0.0076148192490957944
BLX_sigma_0.01,3,151,0.00761368891470382
BLX_sigma_0.01,3,152,0.007612718698632004
BLX_sigma_0.01,3,153,0.007610153053951074
BLX_sigma_0.01,3,154,0.007608519531131619
BLX_sigma_0.01,3,155,0.007608519531131619
BLX_sigma_0.01,3,156,0.007608519531131619
BLX_sigma_0.01,3,157,0.007608519531131619
BLX_sigma_0.01,3,158,0.007608519531131619
BLX_sigma_0.01,3,159,0.007608404399050306
BLX_sigma_0.01,3,160,0.007607626161378445
BLX_sigma_0.01,3,161,0.007607626161378445
BLX_sigma_0.01,3,162,0.007607626161378445
BLX_sigma_0.01,3,163,0.00747262912407487
BLX_sigma_0.01,3,164,0.00747262912407487
BLX_sigma_0.01,3,165,0.00747262912407487
BLX_sigma_0.01,3,166,0.00747262912407487
BLX_sigma_0.01,3,167,0.007465520558089134
BLX_sigma_0.01,4,0,105.50667880244106
BLX_sigma_0.01,4,1,62.114409378606
BLX_sigma_0.01,4,2,42.665444112935866
BLX_sigma_0.01,4,3,23.43607386881891
BLX_sigma_0.01,4,4,13.037819128808312
BLX_sigma_0.01,4,5,6.608678851373639
BLX_sigma_0.01,4,6,6.1808363709793435
BLX_sigma_0.01,4,7,2.935016874356419
BLX_sigma_0.01,4,8,2.328640246632885
BLX_sigma_0.01,4,9,2.328640246632885
BLX_sigma_0.01,4,10,1.5818219928472228
BLX_sigma_0.01,4,11,1.5001418037687462
BLX_sigma_0.01,4,12,1.2896876334903724
BLX_sigma_0.01,4,13,1.153307401062894
BLX_sigma_0.01,4,14,1.152987738929383
BLX_sigma_0.01,4,15,1.0664164267017724
BLX_sigma_0.01,4,16,1.0408987488460864
BLX_sigma_0.01,4,17,1.0273246812852264
BLX_sigma_0.01,4,18,0.9131259949580669
BLX_sigma_0.01,4,19,0.9131259949580669
BLX_sigma_0.01,4,20,0.9131259949580669
BLX_sigma_0.01,4,21,0.880416356148447
BLX_sigma_0.01,4,22,0.770924926337017
BLX_sigma_0.01,4,23,0.770924926337017
BLX_sigma_0.01,4,24,0.7657851819282113
BLX_sigma_0.01,4,25,0.6947032031432872
BLX_sigma_0.01,4,26,0.6947032031432872
BLX_sigma_0.01,4,27,0.6947032031432872
BLX_sigma_0.01,4,28,0.5286137703577245
BLX_sigma_0.01,4,29,0.5286137703577245
BLX_sigma_0.01,4,30,0.5286137703577245
BLX_sigma_0.01,4,31,0.5286137703577245
BLX_sigma_0.01,4,32,0.5286137703577245
BLX_sigma_0.01,4,33,0.4182302864535884
BLX_sigma_0.01,4,34,0.4182302864535884
BLX_sigma_0.01,4,35,0.4182302864535884
BLX_sigma_0.01,4,36,0.4182302864535884
BLX_sigma_0.01,4,37,0.4182302864535884
BLX_sigma_0.01,4,38,0.3777108544009976
BLX_sigma_0.01,4,39,0.3777108544009976
BLX_sigma_0.01,4,40,0.3777108544009976
BLX_sigma_0.01,4,41,0.3777108544009976
BLX_sigma_0.01,4,42,0.3777108544009976
BLX_sigma_0.01,4,43,0.3777108544009976
BLX_sigma_0.01,4,44,0.301308180420656
BLX_sigma_0.01,4,45,0.301308180420656
BLX_sigma_0.01,4,46,0.301308180420656
BLX_sigma_0.01,4,47,0.301308180420656
BLX_sigma_0.01,4,48,0.27435565478725965
BLX_sigma_0.01,4,49,0.25521533522401585
BLX_sigma_0.01,4,50,0.17633103777171888
BLX_sigma_0.01,4,51,0.17633103777171888
BLX_sigma_0.01,4,52,0.17633103777171888
BLX_sigma_0.01,4,53,0.16360197454313596
BLX_sigma_0.01,4,54,0.16360197454313596
BLX_sigma_0.01,4,55,0.1626417145593405
BLX_sigma_0.01,4,56,0.1626417145593405
BLX_sigma_0.01,4,57,0.1626417145593405
BLX_sigma_0.01,4,58,0.15961665722398266
BLX_sigma_0.01,4,59,0.1359892420719151
BLX_sigma_0.01,4,60,0.1359892420719151
BLX_sigma_0.01,4,61,0.1359892420719151
BLX_sigma_0.01,4,62,0.1350636851583601
BLX_sigma_0.01,4,63,0.12171473802547084
BLX_sigma_0.01,4,64,0.12171473802547084
BLX_sigma_0.01,4,65,0.12171473802547084
BLX_sigma_0.01,4,66,0.12097992655815148
BLX_sigma_0.01,4,67,0.12097992655815148
BLX_sigma_0.01,4,68,0.11469593672664635
BLX_sigma_0.01,4,69,0.11469593672664635
BLX_sigma_0.01,4,70,0.10960713792050703
BLX_sigma_0.01,4,71,0.10960713792050703
BLX_sigma_0.01,4,72,0.10707059381564932
BLX_sigma_0.01,4,73,0.10707059381564932
BLX_sigma_0.01,4,74,0.10619754611905319
BLX_sigma_0.01,4,75,0.10511411607150467
BLX_sigma_0.01,4,76,0.1032236791666361
BLX_sigma_0.01,4,77,0.1032236791666361
BLX_sigma_0.01,4,78,0.1032236791666361
BLX_sigma_0.01,4,79,0.10032788442615881
BLX_sigma_0.01,4,80,0.09949646804785828
BLX_sigma_0.01,4,81,0.09949646804785828
BLX_sigma_0.01,4,82,0.09783390211292542
BLX_sigma_0.01,4,83,0.09783390211292542
BLX_sigma_0.01,4,84,0.09783390211292542
BLX_sigma_0.01,4,85,0.09783390211292542
BLX_sigma_0.01,4,86,0.09739939311207046
BLX_sigma_0.01,4,87,0.09739939311207046
BLX_sigma_0.01,4,88,0.09739939311207046
BLX_sigma_0.01,4,89,0.09739939311207046
BLX_sigma_0.01,4,90,0.09695283833341628
BLX_sigma_0.01,4,91,0.09695283833341628
BLX_sigma_0.01,4,92,0.09695283833341628
BLX_sigma_0.01,4,93,0.09693529476194629
BLX_sigma_0.01,4,94,0.09688454802719382
BLX_sigma_0.01,4,95,0.09683094705099149
BLX_sigma_0.01,4,96,0.09666661539512522
BLX_sigma_0.01,4,97,0.09663748327968358
BLX_sigma_0.01,4,98,0.09662908632243905
BLX_sigma_0.01,4,99,0.09652092707051396
BLX_sigma_0.01,4,100,0.09651081645799064
BLX_sigma_0.01,4,101,0.09650875651708091
BLX_sigma_0.01,4,102,0.0964080051792029
BLX_sigma_0.01,4,103,0.09637568227476112
BLX_sigma_0.01,4,104,0.09632467714000348
BLX_sigma_0.01,4,105,0.09632467714000348
BLX_sigma_0.01,4,106,0.09628767713740027
BLX_sigma_0.01,4,107,0.09627399555874516
BLX_sigma_0.01,4,108,0.0962737212503324
BLX_sigma_0.01,4,109,0.0962737212503324
BLX_sigma_0.01,4,110,0.09625748759571362
BLX_sigma_0.01,4,111,0.09623854346110561
BLX_sigma_0.01,4,112,0.0962378934970125
BLX_sigma_0.01,4,113,0.0962326802294946
BLX_sigma_0.01,4,114,0.09622935922691456
BLX_sigma_0.01,4,115,0.09621799206871762
BLX_sigma_0.01,4,116,0.09621799206871762
BLX_sigma_0.01,4,117,0.09619711379938833
BLX_sigma_0.01,4,118,0.09619711379938833
BLX_sigma_0.01,4,119,0.09619711379938833
BLX_sigma_0.01,4,120,0.09619711379938833
BLX_sigma_0.01,4,121,0.09619711379938833
BLX_sigma_0.01,4,122,0.09619293059307188
BLX_sigma_0.01,4,123,0.09619293059307188
BLX_sigma_0.01,4,124,0.09619293059307188
BLX_sigma_0.01,4,125,0.09619293059307188
BLX_sigma_0.01,4,126,0.09619168964207614
BLX_sigma_0.01,4,127,0.09618899025963867
BLX_sigma_0.01,4,128,0.09618899025963867
BLX_sigma_0.01,4,129,0.09618899025963867
BLX_sigma_0.01,4,130,0.09618899025963867
BLX_sigma_0.01,4,131,0.09096593490322724
BLX_sigma_0.01,4,132,0.09096593490322724
BLX_sigma_0.01,4,133,0.09096593490322724
BLX_sigma_0.01,4,134,0.09096593490322724
BLX_sigma_0.01,4,135,0.09096593490322724
BLX_sigma_0.01,4,136,0.09096593490322724
BLX_sigma_0.01,4,137,0.09096593490322724
BLX_sigma_0.01,4,138,0.09096593490322724
BLX_sigma_0.01,4,139,0.084104923532622
BLX_sigma_0.01,4,140,0.084104923532622
BLX_sigma_0.01,4,141,0.084104923532622
BLX_sigma_0.01,4,142,0.084104923532622
BLX_sigma_0.01,4,143,0.084104923532622
BLX_sigma_0.01,4,144,0.084104923532622
BLX_sigma_0.01,4,145,0.084104923532622
BLX_sigma_0.01,4,146,0.084104923532622
BLX_sigma_0.01,4,147,0.084104923532622
BLX_sigma_0.01,4,148,0.084104923532622
BLX_sigma_0.01,4,149,0.084104923532622
BLX_sigma_0.01,4,150,0.084104923532622
BLX_sigma_0.01,4,151,0.084104923532622
BLX_sigma_0.01,4,152,0.084104923532622
BLX_sigma_0.01,4,153,0.084104923532622
BLX_sigma_0.01,4,154,0.08393847535625987
BLX_sigma_0.01,4,155,0.08393847535625987
BLX_sigma_0.01,4,156,0.08393847535625987
BLX_sigma_0.01,4,157,0.08393847535625987
BLX_sigma_0.01,4,158,0.08393847535625987
BLX_sigma_0.01,4,159,0.08393847535625987
BLX_sigma_0.01,4,160,0.08307096513499412
BLX_sigma_0.01,4,161,0.08307096513499412
BLX_sigma_0.01,4,162,0.08305772096745379
BLX_sigma_0.01,4,163,0.08299882552783577
BLX_sigma_0.01,4,164,0.08219853967423218
BLX_sigma_0.01,4,165,0.08219853967423218
BLX_sigma_0.01,4,166,0.0778685332298591
BLX_sigma_0.01,4,167,0.07715710356131089
BLX_sigma_0.01,5,0,93.56896413276998
BLX_sigma_0.01,5,1,71.07344804090266
BLX_sigma_0.01,5,2,33.49675981627534
BLX_sigma_0.01,5,3,20.419005961400057
BLX_sigma_0.01,5,4,10.955744963281283
BLX_sigma_0.01,5,5,10.955744963281283
BLX_sigma_0.01,5,6,5.521351944700584
BLX_sigma_0.01,5,7,3.8142608168891936
BLX_sigma_0.01,5,8,3.0155691289351045
BLX_sigma_0.01,5,9,2.6848910638002716
BLX_sigma_0.01,5,10,1.8708613639042282
BLX_sigma_0.01,5,11,1.544622930838364
BLX_sigma_0.01,5,12,1.4985078349753227
BLX_sigma_0.01,5,13,1.2772666957039212
BLX_sigma_0.01,5,14,1.2610516476038172
BLX_sigma_0.01,5,15,1.0370620970789102
BLX_sigma_0.01,5,16,1.0370620970789102
BLX_sigma_0.01,5,17,1.0212450832852378
BLX_sigma_0.01,5,18,1.0212450832852378
BLX_sigma_0.01,5,19,0.9543211757648382
BLX_sigma_0.01,5,20,0.9543211757648382
BLX_sigma_0.01,5,21,0.8692223760867123
BLX_sigma_0.01,5,22,0.8692223760867123
BLX_sigma_0.01,5,23,0.8692223760867123
BLX_sigma_0.01,5,24,0.8692223760867123
BLX_sigma_0.01,5,25,0.8692223760867123
BLX_sigma_0.01,5,26,0.8692223760867123
BLX_sigma_0.01,5,27,0.8581060690858415
BLX_sigma_0.01,5,28,0.8057173937443346
BLX_sigma_0.01,5,29,0.8057173937443346
BLX_sigma_0.01,5,30,0.8057173937443346
BLX_sigma_0.01,5,31,0.6897496119242525
BLX_sigma_0.01,5,32,0.6175736501246953
BLX_sigma_0.01,5,33,0.6175736501246953
BLX_sigma_0.01,5,34,0.6175736501246953
BLX_sigma_0.01,5,35,0.5918898639386272
BLX_sigma_0.01,5,36,0.5918898639386272
BLX_sigma_0.01,5,37,0.5918898639386272
BLX_sigma_0.01,5,38,0.4736998398364185
BLX_sigma_0.01,5,39,0.4736998398364185
BLX_sigma_0.01,5,40,0.4736998398364185
BLX_sigma_0.01,5,41,0.4736998398364185
BLX_sigma_0.01,5,42,0.37866802273200484
BLX_sigma_0.01,5,43,0.31920156583894566
BLX_sigma_0.01,5,44,0.31920156583894566
BLX_sigma_0.01,5,45,0.31920156583894566
BLX_sigma_0.01,5,46,0.31920156583894566
BLX_sigma_0.01,5,47,0.31920156583894566
BLX_sigma_0.01,5,48,0.2959645180628979
BLX_sigma_0.01,5,49,0.28273208571550756
BLX_sigma_0.01,5,50,0.24249217680931978
BLX_sigma_0.01,5,51,0.24249217680931978
BLX_sigma_0.01,5,52,0.22452907643841946
BLX_sigma_0.01,5,53,0.22452907643841946
BLX_sigma_0.01,5,54,0.1926267939215779
BLX_sigma_0.01,5,55,0.1926267939215779
BLX_sigma_0.01,5,56,0.1926267939215779
BLX_sigma_0.01,5,57,0.1926267939215779
BLX_sigma_0.01,5,58,0.1926267939215779
BLX_sigma_0.01,5,59,0.1926267939215779
BLX_sigma_0.01,5,60,0.13958345730251964
BLX_sigma_0.01,5,61,0.13167032557514713
BLX_sigma_0.01,5,62,0.11977332093083137
BLX_sigma_0.01,5,63,0.10458870196392012
BLX_sigma_0.01,5,64,0.09898436235838526
BLX_sigma_0.01,5,65,0.09865996484548478
BLX_sigma_0.01,5,66,0.09195602367384736
BLX_sigma_0.01,5,67,0.09195602367384736
BLX_sigma_0.01,5,68,0.08717794130402445
BLX_sigma_0.01,5,69,0.07865449435143868
BLX_sigma_0.01,5,70,0.07865449435143868
BLX_sigma_0.01,5,71,0.07600380118753636
BLX_sigma_0.01,5,72,0.06912554743814947
BLX_sigma_0.01,5,73,0.06912554743814947
BLX_sigma_0.01,5,74,0.049779483334368546
BLX_sigma_0.01,5,75,0.049779483334368546
BLX_sigma_0.01,5,76,0.049779483334368546
BLX_sigma_0.01,5,77,0.04274350197016241
BLX_sigma_0.01,5,78,0.042627736714661246
BLX_sigma_0.01,5,79,0.042627736714661246
BLX_sigma_0.01,5,80,0.04235965934866304
BLX_sigma_0.01,5,81,0.04235965934866304
BLX_sigma_0.01,5,82,0.04235965934866304
BLX_sigma_0.01,5,83,0.04179969847456344
BLX_sigma_0.01,5,84,0.04132914364577989
BLX_sigma_0.01,5,85,0.04132914364577989
BLX_sigma_0.01,5,86,0.04125994915226372
BLX_sigma_0.01,5,87,0.041177320535963124
BLX_sigma_0.01,5,88,0.039925235145379045
BLX_sigma_0.01,5,89,0.039925235145379045
BLX_sigma_0.01,5,90,0.039925235145379045
BLX_sigma_0.01,5,91,0.039699768865052776
BLX_sigma_0.01,5,92,0.039699768865052776
BLX_sigma_0.01,5,93,0.039443217342868486
BLX_sigma_0.01,5,94,0.03917522853421185
BLX_sigma_0.01,5,95,0.03917522853421185
BLX_sigma_0.01,5,96,0.03917522853421185
BLX_sigma_0.01,5,97,0.03917522853421185
BLX_sigma_0.01,5,98,0.03891041622195224
BLX_sigma_0.01,5,99,0.03887216339183164
BLX_sigma_0.01,5,100,0.03887216339183164
BLX_sigma_0.01,5,101,0.03887216339183164
BLX_sigma_0.01,5,102,0.03883870682110857
BLX_sigma_0.01,5,103,0.03854725368373246
BLX_sigma_0.01,5,104,0.03854725368373246
BLX_sigma_0.01,5,105,0.03847480677817017
BLX_sigma_0.01,5,106,0.0384555916591921
BLX_sigma_0.01,5,107,0.03839349358079225
BLX_sigma_0.01,5,108,0.03839349358079225
BLX_sigma_0.01,5,109,0.03835444929190357
BLX_sigma_0.01,5,110,0.03835444929190357
BLX_sigma_0.01,5,111,0.038345706862134676
BLX_sigma_0.01,5,112,0.03832481033253621
BLX_sigma_0.01,5,113,0.03832481033253621
BLX_sigma_0.01,5,114,0.03827671103971109
BLX_sigma_0.01,5,115,0.03827671103971109
BLX_sigma_0.01,5,116,0.03827671103971109
BLX_sigma_0.01,5,117,0.03827671103971109
BLX_sigma_0.01,5,118,0.03824696982019893
BLX_sigma_0.01,5,119,0.03823720147144649
BLX_sigma_0.01,5,120,0.038220012967187134
BLX_sigma_0.01,5,121,0.038220012967187134
BLX_sigma_0.01,5,122,0.038196471508196495
BLX_sigma_0.01,5,123,0.038196471508196495
BLX_sigma_0.01,5,124,0.038196471508196495
BLX_sigma_0.01,5,125,0.038196471508196495
BLX_sigma_0.01,5,126,0.03819354422286647
BLX_sigma_0.01,5,127,0.038181068065914925
BLX_sigma_0.01,5,128,0.038174211887036735
BLX_sigma_0.01,5,129,0.038174211887036735
BLX_sigma_0.01,5,130,0.038174211887036735
BLX_sigma_0.01,5,131,0.0381719338673141
BLX_sigma_0.01,5,132,0.038168541240583886
BLX_sigma_0.01,5,133,0.038167470196865394
BLX_sigma_0.01,5,134,0.038167470196865394
BLX_sigma_0.01,5,135,0.03816684334427711
BLX_sigma_0.01,5,136,0.038162162821713586
BLX_sigma_0.01,5,137,0.038162162821713586
BLX_sigma_0.01,5,138,0.038162162821713586
BLX_sigma_0.01,5,139,0.038162149712499316
BLX_sigma_0.01,5,140,0.03815771103141852
BLX_sigma_0.01,5,141,0.03815741884360935
BLX_sigma_0.01,5,142,0.03815579205523112
BLX_sigma_0.01,5,143,0.03815579205523112
BLX_sigma_0.01,5,144,0.03815579205523112
BLX_sigma_0.01,5,145,0.03815579205523112
BLX_sigma_0.01,5,146,0.03815579205523112
BLX_sigma_0.01,5,147,0.03815514426912825
BLX_sigma_0.01,5,148,0.038152059587514664
BLX_sigma_0.01,5,149,0.038151504918162216
BLX_sigma_0.01,5,150,0.037829959185589956
BLX_sigma_0.01,5,151,0.037829959185589956
BLX_sigma_0.01,5,152,0.037829959185589956
BLX_sigma_0.01,5,153,0.037829959185589956
BLX_sigma_0.01,5,154,0.037829959185589956
BLX_sigma_0.01,5,155,0.037829959185589956
BLX_sigma_0.01,5,156,0.03782653081366738
BLX_sigma_0.01,5,157,0.03782313488514122
BLX_sigma_0.01,5,158,0.03781954074756888
BLX_sigma_0.01,5,159,0.03781954074756888
BLX_sigma_0.01,5,160,0.03781951584981602
BLX_sigma_0.01,5,161,0.03781817356700046
BLX_sigma_0.01,5,162,0.03781800294431148
BLX_sigma_0.01,5,163,0.03781800294431148
BLX_sigma_0.01,5,164,0.037817873717775785
BLX_sigma_0.01,5,165,0.03781741132808569
BLX_sigma_0.01,5,166,0.037816782332947274
BLX_sigma_0.01,5,167,0.037816782332947274
BLX_sigma_0.01,6,0,132.71618634173646
BLX_sigma_0.01,6,1,75.16318892602186
BLX_sigma_0.01,6,2,45.34479158202955
BLX_sigma_0.01,6,3,33.440484029154035
BLX_sigma_0.01,6,4,19.940254385642497
BLX_sigma_0.01,6,5,11.745773280199918
BLX_sigma_0.01,6,6,10.310914149763898
BLX_sigma_0.01,6,7,3.186168940663573
BLX_sigma_0.01,6,8,2.5775533576112735
BLX_sigma_0.01,6,9,2.4672782856016235
BLX_sigma_0.01,6,10,1.843698440193531
BLX_sigma_0.01,6,11,1.2986362538831138
BLX_sigma_0.01,6,12,1.2485088281136028
BLX_sigma_0.01,6,13,1.2485088281136028
BLX_sigma_0.01,6,14,1.1616848386173153
BLX_sigma_0.01,6,15,1.0935884141598256
BLX_sigma_0.01,6,16,1.0387835227873075
BLX_sigma_0.01,6,17,1.0387835227873075
BLX_sigma_0.01,6,18,0.9720301014010362
BLX_sigma_0.01,6,19,0.9720301014010362
BLX_sigma_0.01,6,20,0.9385570320967571
BLX_sigma_0.01,6,21,0.9385570320967571
BLX_sigma_0.01,6,22,0.6442636598010584
BLX_sigma_0.01,6,23,0.6442636598010584
BLX_sigma_0.01,6,24,0.6442636598010584
BLX_sigma_0.01,6,25,0.6050545414079693
BLX_sigma_0.01,6,26,0.6050545414079693
BLX_sigma_0.01,6,27,0.6050545414079693
BLX_sigma_0.01,6,28,0.6050545414079693
BLX_sigma_0.01,6,29,0.6050545414079693
BLX_sigma_0.01,6,30,0.600807848727202
BLX_sigma_0.01,6,31,0.4710304715985033
BLX_sigma_0.01,6,32,0.423348835042452
BLX_sigma_0.01,6,33,0.423348835042452
BLX_sigma_0.01,6,34,0.423348835042452
BLX_sigma_0.01,6,35,0.4003989270715048
BLX_sigma_0.01,6,36,0.39773493398787074
BLX_sigma_0.01,6,37,0.3438413002002393
BLX_sigma_0.01,6,38,0.3308422880092793
BLX_sigma_0.01,6,39,0.2959352030861482
BLX_sigma_0.01,6,40,0.2959352030861482
BLX_sigma_0.01,6,41,0.24212964294279504
BLX_sigma_0.01,6,42,0.24212964294279504
BLX_sigma_0.01,6,43,0.24212964294279504
BLX_sigma_0.01,6,44,0.2117280238387944
BLX_sigma_0.01,6,45,0.2117280238387944
BLX_sigma_0.01,6,46,0.18999565272075558
BLX_sigma_0.01,6,47,0.18999565272075558
BLX_sigma_0.01,6,48,0.18999565272075558
BLX_sigma_0.01,6,49,0.18999565272075558
BLX_sigma_0.01,6,50,0.18020612293826377
BLX_sigma_0.01,6,51,0.18020612293826377
BLX_sigma_0.01,6,52,0.17538972194758606
BLX_sigma_0.01,6,53,0.171027981954621
BLX_sigma_0.01,6,54,0.14578563624183383
BLX_sigma_0.01,6,55,0.14578563624183383
BLX_sigma_0.01,6,56,0.14504458397357345
BLX_sigma_0.01,6,57,0.14141633330436465
BLX_sigma_0.01,6,58,0.1261920103639178
BLX_sigma_0.01,6,59,0.1261920103639178
BLX_sigma_0.01,6,60,0.1261920103639178
BLX_sigma_0.01,6,61,0.1261920103639178
BLX_sigma_0.01,6,62,0.1261920103639178
BLX_sigma_0.01,6,63,0.1261920103639178
BLX_sigma_0.01,6,64,0.1247402259575292
BLX_sigma_0.01,6,65,0.12320165742479472
BLX_sigma_0.01,6,66,0.12198474042923013
BLX_sigma_0.01,6,67,0.11706583934725767
BLX_sigma_0.01,6,68,0.11706583934725767
BLX_sigma_0.01,6,69,0.11468127811881612
BLX_sigma_0.01,6,70,0.11327644005906545
BLX_sigma_0.01,6,71,0.11211149883819727
BLX_sigma_0.01,6,72,0.11211149883819727
BLX_sigma_0.01,6,73,0.11198173546901624
BLX_sigma_0.01,6,74,0.11198173546901624
BLX_sigma_0.01,6,75,0.11158015599930748
BLX_sigma_0.01,6,76,0.11139909371757917
BLX_sigma_0.01,6,77,0.11139909371757917
BLX_sigma_0.01,6,78,0.11084249724351014
BLX_sigma_0.01,6,79,0.11084249724351014
BLX_sigma_0.01,6,80,0.11084249724351014
BLX_sigma_0.01,6,81,0.11081919760142167
BLX_sigma_0.01,6,82,0.11081919760142167
BLX_sigma_0.01,6,83,0.11081919760142167
BLX_sigma_0.01,6,84,0.11055990887992606
BLX_sigma_0.01,6,85,0.11003663926826823
BLX_sigma_0.01,6,86,0.11003663926826823
BLX_sigma_0.01,6,87,0.10968831996457207
BLX_sigma_0.01,6,88,0.10947696933927409
BLX_sigma_0.01,6,89,0.10947696933927409
BLX_sigma_0.01,6,90,0.10935735488784326
BLX_sigma_0.01,6,91,0.10906648266294638
BLX_sigma_0.01,6,92,0.10898213852200955
BLX_sigma_0.01,6,93,0.10898213852200955
BLX_sigma_0.01,6,94,0.10891339402359024
BLX_sigma_0.01,6,95,0.10891339402359024
BLX_sigma_0.01,6,96,0.10888218861803134
BLX_sigma_0.01,6,97,0.10870131284577977
BLX_sigma_0.01,6,98,0.10867936547095147
BLX_sigma_0.01,6,99,0.10867936547095147
BLX_sigma_0.01,6,100,0.10851608822920344
BLX_sigma_0.01,6,101,0.10679842477334311
BLX_sigma_0.01,6,102,0.10679842477334311
BLX_sigma_0.01,6,103,0.10679842477334311
BLX_sigma_0.01,6,104,0.10679842477334311
BLX_sigma_0.01,6,105,0.10679842477334311
BLX_sigma_0.01,6,106,0.10679842477334311
BLX_sigma_0.01,6,107,0.10679842477334311
BLX_sigma_0.01,6,108,0.10679842477334311
BLX_sigma_0.01,6,109,0.10679842477334311
BLX_sigma_0.01,6,110,0.10679842477334311
BLX_sigma_0.01,6,111,0.10679842477334311
BLX_sigma_0.01,6,112,0.10679842477334311
BLX_sigma_0.01,6,113,0.10612436535501524
BLX_sigma_0.01,6,114,0.10612436535501524
BLX_sigma_0.01,6,115,0.10612436535501524
BLX_sigma_0.01,6,116,0.10612436535501524
BLX_sigma_0.01,6,117,0.10605686500505218
BLX_sigma_0.01,6,118,0.10604108976654303
BLX_sigma_0.01,6,119,0.10598530890262359
BLX_sigma_0.01,6,120,0.10598530890262359
BLX_sigma_0.01,6,121,0.10560734261595972
BLX_sigma_0.01,6,122,0.10469126942303475
BLX_sigma_0.01,6,123,0.10468833189121196
BLX_sigma_0.01,6,124,0.10459726802383251
BLX_sigma_0.01,6,125,0.10449940319974882
BLX_sigma_0.01,6,126,0.10449940319974882
BLX_sigma_0.01,6,127,0.1044637571099819
BLX_sigma_0.01,6,128,0.1043739298369728
BLX_sigma_0.01,6,129,0.10430474397100598
BLX_sigma_0.01,6,130,0.10430474397100598
BLX_sigma_0.01,6,131,0.10428982898992234
BLX_sigma_0.01,6,132,0.10427655306169803
BLX_sigma_0.01,6,133,0.10424729831783797
BLX_sigma_0.01,6,134,0.10424729831783797
BLX_sigma_0.01,6,135,0.10424729831783797
BLX_sigma_0.01,6,136,0.10424729831783797
BLX_sigma_0.01,6,137,0.1042417195951163
BLX_sigma_0.01,6,138,0.10421772677024888
BLX_sigma_0.01,6,139,0.10421772677024888
BLX_sigma_0.01,6,140,0.10421772677024888
BLX_sigma_0.01,6,141,0.10421349452616302
BLX_sigma_0.01,6,142,0.10421349452616302
BLX_sigma_0.01,6,143,0.10420802549014474
BLX_sigma_0.01,6,144,0.10412536369196024
BLX_sigma_0.01,6,145,0.10412536369196024
BLX_sigma_0.01,6,146,0.10412536369196024
BLX_sigma_0.01,6,147,0.10412536369196024
BLX_sigma_0.01,6,148,0.10412536369196024
BLX_sigma_0.01,6,149,0.10412536369196024
BLX_sigma_0.01,6,150,0.10412536369196024
BLX_sigma_0.01,6,151,0.10412536369196024
BLX_sigma_0.01,6,152,0.10412536369196024
BLX_sigma_0.01,6,153,0.10412536369196024
BLX_sigma_0.01,6,154,0.10412536369196024
BLX_sigma_0.01,6,155,0.10412536369196024
BLX_sigma_0.01,6,156,0.10412536369196024
BLX_sigma_0.01,6,157,0.10412536369196024
BLX_sigma_0.01,6,158,0.10412536369196024
BLX_sigma_0.01,6,159,0.10412536369196024
BLX_sigma_0.01,6,160,0.10412536369196024
BLX_sigma_0.01,6,161,0.10412536369196024
BLX_sigma_0.01,6,162,0.10412536369196024
BLX_sigma_0.01,6,163,0.10412536369196024
BLX_sigma_0.01,6,164,0.10412536369196024
BLX_sigma_0.01,6,165,0.10412536369196024
BLX_sigma_0.01,6,166,0.10412536369196024
BLX_sigma_0.01,6,167,0.10412536369196024
BLX_sigma_0.01,7,0,118.04239513227925
BLX_sigma_0.01,7,1,64.468370721909
BLX_sigma_0.01,7,2,47.272680096302835
BLX_sigma_0.01,7,3,28.63071963137775
BLX_sigma_0.01,7,4,6.696579038090568
BLX_sigma_0.01,7,5,6.696579038090568
BLX_sigma_0.01,7,6,4.794626085729306
BLX_sigma_0.01,7,7,4.094127371177189
BLX_sigma_0.01,7,8,2.4358718077538684
BLX_sigma_0.01,7,9,2.1593728658090705
BLX_sigma_0.01,7,10,1.7902000078948233
BLX_sigma_0.01,7,11,1.3397584250505545
BLX_sigma_0.01,7,12,1.1317730498750616
BLX_sigma_0.01,7,13,1.1317730498750616
BLX_sigma_0.01,7,14,1.037098696845398
BLX_sigma_0.01,7,15,1.037098696845398
BLX_sigma_0.01,7,16,0.8573481519511901
BLX_sigma_0.01,7,17,0.8573481519511901
BLX_sigma_0.01,7,18,0.8573481519511901
BLX_sigma_0.01,7,19,0.8573481519511901
BLX_sigma_0.01,7,20,0.8573481519511901
BLX_sigma_0.01,7,21,0.832766664247404
BLX_sigma_0.01,7,22,0.832766664247404
BLX_sigma_0.01,7,23,0.831950602888315
BLX_sigma_0.01,7,24,0.6938023108796308
BLX_sigma_0.01,7,25,0.6938023108796308
BLX_sigma_0.01,7,26,0.5704241570125006
BLX_sigma_0.01,7,27,0.5704241570125006
BLX_sigma_0.01,7,28,0.4968322015681389
BLX_sigma_0.01,7,29,0.38951223860675876
BLX_sigma_0.01,7,30,0.38951223860675876
BLX_sigma_0.01,7,31,0.3543965586023524
BLX_sigma_0.01,7,32,0.3234239555428512
BLX_sigma_0.01,7,33,0.09822879305316634
BLX_sigma_0.01,7,34,0.09822879305316634
BLX_sigma_0.01,7,35,0.09817865089031919
BLX_sigma_0.01,7,36,0.07803094240065844
BLX_sigma_0.01,7,37,0.07803094240065844
BLX_sigma_0.01,7,38,0.07700052082515807
BLX_sigma_0.01,7,39,0.06134643609421131
BLX_sigma_0.01,7,40,0.05176696824174787
BLX_sigma_0.01,7,41,0.05176696824174787
BLX_sigma_0.01,7,42,0.040536410785607324
BLX_sigma_0.01,7,43,0.03757519655780017
BLX_sigma_0.01,7,44,0.03648492960347138
BLX_sigma_0.01,7,45,0.034970942575991426
BLX_sigma_0.01,7,46,0.03225569558803676
BLX_sigma_0.01,7,47,0.031230102851369623
BLX_sigma_0.01,7,48,0.023260186363402657
BLX_sigma_0.01,7,49,0.020453891102470756
BLX_sigma_0.01,7,50,0.017059943027256885
BLX_sigma_0.01,7,51,0.017059943027256885
BLX_sigma_0.01,7,52,0.015745357740384436
BLX_sigma_0.01,7,53,0.015310900662571791
BLX_sigma_0.01,7,54,0.015310900662571791
BLX_sigma_0.01,7,55,0.014173604466993228
BLX_sigma_0.01,7,56,0.013292711071766217
BLX_sigma_0.01,7,57,0.01271734308049488
BLX_sigma_0.01,7,58,0.01265160792932929
BLX_sigma_0.01,7,59,0.011814538383790762
BLX_sigma_0.01,7,60,0.011578063362578828
BLX_sigma_0.01,7,61,0.011433064382324387
BLX_sigma_0.01,7,62,0.011292582513573901
BLX_sigma_0.01,7,63,0.01086188479980743
BLX_sigma_0.01,7,64,0.010693352868397454
BLX_sigma_0.01,7,65,0.010469929747656148
BLX_sigma_0.01,7,66,0.010460024287556435
BLX_sigma_0.01,7,67,0.010460024287556435
BLX_sigma_0.01,7,68,0.010385731893162164
BLX_sigma_0.01,7,69,0.010352208846256983
BLX_sigma_0.01,7,70,0.010325295400017698
BLX_sigma_0.01,7,71,0.010265701902613111
BLX_sigma_0.01,7,72,0.010212296184490821
BLX_sigma_0.01,7,73,0.010193014570469283
BLX_sigma_0.01,7,74,0.01018462498406758
BLX_sigma_0.01,7,75,0.010151357126685023
BLX_sigma_0.01,7,76,0.01014543720964034
BLX_sigma_0.01,7,77,0.01014543720964034
BLX_sigma_0.01,7,78,0.010110910786915839
BLX_sigma_0.01,7,79,0.010108051297830212
BLX_sigma_0.01,7,80,0.010101895687327223
BLX_sigma_0.01,7,81,0.010101895687327223
BLX_sigma_0.01,7,82,0.010089428560165037
BLX_sigma_0.01,7,83,0.010084373072802189
BLX_sigma_0.01,7,84,0.010081307934297068
BLX_sigma_0.01,7,85,0.010072173628666192
BLX_sigma_0.01,7,86,0.01006971900867093
BLX_sigma_0.01,7,87,0.010062078987083667
BLX_sigma_0.01,7,88,0.010059402150095598
BLX_sigma_0.01,7,89,0.010055968370750956
BLX_sigma_0.01,7,90,0.010047323141538889
BLX_sigma_0.01,7,91,0.010047323141538889
BLX_sigma_0.01,7,92,0.01004604353287486
BLX_sigma_0.01,7,93,0.01004604353287486
BLX_sigma_0.01,7,94,0.01004604353287486
BLX_sigma_0.01,7,95,0.010045493719268106
BLX_sigma_0.01,7,96,0.01004540334353643
BLX_sigma_0.01,7,97,0.010040795652616064
BLX_sigma_0.01,7,98,0.010040795652616064
BLX_sigma_0.01,7,99,0.010037903816287996
BLX_sigma_0.01,7,100,0.010037903816287996
BLX_sigma_0.01,7,101,0.010037903816287996
BLX_sigma_0.01,7,102,0.010037903816287996
BLX_sigma_0.01,7,103,0.010037340252921578
BLX_sigma_0.01,7,104,0.01003684471430899
BLX_sigma_0.01,7,105,0.01003684471430899
BLX_sigma_0.01,7,106,0.010033384725580685
BLX_sigma_0.01,7,107,0.010031030572301702
BLX_sigma_0.01,7,108,0.010031030572301702
BLX_sigma_0.01,7,109,0.010031030572301702
BLX_sigma_0.01,7,110,0.010031030572301702
BLX_sigma_0.01,7,111,0.010030426251971258
BLX_sigma_0.01,7,112,0.0100302659354512
BLX_sigma_0.01,7,113,0.01003025463846241
BLX_sigma_0.01,7,114,0.010029802595487247
BLX_sigma_0.01,7,115,0.010029480851209804
BLX_sigma_0.01,7,116,0.010029480851209804
BLX_sigma_0.01,7,117,0.010029182919813029
BLX_sigma_0.01,7,118,0.010029076116029545
BLX_sigma_0.01,7,119,0.010028787453563393
BLX_sigma_0.01,7,120,0.010028787453563393
BLX_sigma_0.01,7,121,0.010028787453563393
BLX_sigma_0.01,7,122,0.01002846442760641
BLX_sigma_0.01,7,123,0.010028438574467446
BLX_sigma_0.01,7,124,0.010027929621226783
BLX_sigma_0.01,7,125,0.010027147825299454
BLX_sigma_0.01,7,126,0.010027147825299454
BLX_sigma_0.01,7,127,0.010027147825299454
BLX_sigma_0.01,7,128,0.010019516433581788
BLX_sigma_0.01,7,129,0.010019516433581788
BLX_sigma_0.01,7,130,0.010019516433581788
BLX_sigma_0.01,7,131,0.010016727346697452
BLX_sigma_0.01,7,132,0.01001551204144624
BLX_sigma_0.01,7,133,0.010015379514048184
BLX_sigma_0.01,7,134,0.0100150915070224
BLX_sigma_0.01,7,135,0.010014561726636395
BLX_sigma_0.01,7,136,0.010014313362206484
BLX_sigma_0.01,7,137,0.010014060887642118
BLX_sigma_0.01,7,138,0.010014060887642118
BLX_sigma_0.01,7,139,0.010013906428005925
BLX_sigma_0.01,7,140,0.010013906428005925
BLX_sigma_0.01,7,141,0.010013786225990251
BLX_sigma_0.01,7,142,0.010013786225990251
BLX_sigma_0.01,7,143,0.010013786225990251
BLX_sigma_0.01,7,144,0.010013786225990251
BLX_sigma_0.01,7,145,0.01001375609240751
BLX_sigma_0.01,7,146,0.010013741714905988
BLX_sigma_0.01,7,147,0.01001370148687486
BLX_sigma_0.01,7,148,0.01001369207724745
BLX_sigma_0.01,7,149,0.010013604328232506
BLX_sigma_0.01,7,150,0.010013604328232506
BLX_sigma_0.01,7,151,0.010013598286963132
BLX_sigma_0.01,7,152,0.010013575600244295
BLX_sigma_0.01,7,153,0.010013575600244295
BLX_sigma_0.01,7,154,0.010013575600244295
BLX_sigma_0.01,7,155,0.010013547763674358
BLX_sigma_0.01,7,156,0.01001354250852049
BLX_sigma_0.01,7,157,0.010013523238298405
BLX_sigma_0.01,7,158,0.010013516869008643
BLX_sigma_0.01,7,159,0.010013508544226002
BLX_sigma_0.01,7,160,0.01001350174248783
BLX_sigma_0.01,7,161,0.010013496975815883
BLX_sigma_0.01,7,162,0.01001348836452276
BLX_sigma_0.01,7,163,0.010013467814318888
BLX_sigma_0.01,7,164,0.010013457620284716
BLX_sigma_0.01,7,165,0.010013457620284716
BLX_sigma_0.01,7,166,0.010013439535427993
BLX_sigma_0.01,7,167,0.010013439535427993
BLX_sigma_0.01,8,0,145.91307609651784
BLX_sigma_0.01,8,1,68.7307133951592
BLX_sigma_0.01,8,2,47.77839669806818
BLX_sigma_0.01,8,3,27.341299354523695
BLX_sigma_0.01,8,4,19.61425283739188
BLX_sigma_0.01,8,5,11.519435328918297
BLX_sigma_0.01,8,6,4.5626767164513415
BLX_sigma_0.01,8,7,3.571666938029226
BLX_sigma_0.01,8,8,3.5533760698387042
BLX_sigma_0.01,8,9,2.2532568382710103
BLX_sigma_0.01,8,10,1.4910293726892654
BLX_sigma_0.01,8,11,1.455299425667607
BLX_sigma_0.01,8,12,1.4009089012719038
BLX_sigma_0.01,8,13,1.2946492689114153
BLX_sigma_0.01,8,14,0.7773471049351324
BLX_sigma_0.01,8,15,0.7773471049351324
BLX_sigma_0.01,8,16,0.7773471049351324
BLX_sigma_0.01,8,17,0.7773471049351324
BLX_sigma_0.01,8,18,0.7773471049351324
BLX_sigma_0.01,8,19,0.7773471049351324
BLX_sigma_0.01,8,20,0.7773471049351324
BLX_sigma_0.01,8,21,0.7773471049351324
BLX_sigma_0.01,8,22,0.7773471049351324
BLX_sigma_0.01,8,23,0.7773471049351324
BLX_sigma_0.01,8,24,0.7773471049351324
BLX_sigma_0.01,8,25,0.7764077768091813
BLX_sigma_0.01,8,26,0.7493470820886362
BLX_sigma_0.01,8,27,0.7293621563824485
BLX_sigma_0.01,8,28,0.6361502289796528
BLX_sigma_0.01,8,29,0.6361502289796528
BLX_sigma_0.01,8,30,0.6361502289796528
BLX_sigma_0.01,8,31,0.6134399145759678
BLX_sigma_0.01,8,32,0.6134399145759678
BLX_sigma_0.01,8,33,0.609959078900152
BLX_sigma_0.01,8,34,0.609959078900152
BLX_sigma_0.01,8,35,0.609959078900152
BLX_sigma_0.01,8,36,0.609959078900152
BLX_sigma_0.01,8,37,0.609959078900152
BLX_sigma_0.01,8,38,0.609959078900152
BLX_sigma_0.01,8,39,0.4917157274529079
BLX_sigma_0.01,8,40,0.4917157274529079
BLX_sigma_0.01,8,41,0.4618242657506768
BLX_sigma_0.01,8,42,0.4618242657506768
BLX_sigma_0.01,8,43,0.40962299113446
BLX_sigma_0.01,8,44,0.40962299113446
BLX_sigma_0.01,8,45,0.40962299113446
BLX_sigma_0.01,8,46,0.40962299113446
BLX_sigma_0.01,8,47,0.40962299113446
BLX_sigma_0.01,8,48,0.40962299113446
BLX_sigma_0.01,8,49,0.40962299113446
BLX_sigma_0.01,8,50,0.40962299113446
BLX_sigma_0.01,8,51,0.38991052864112197
BLX_sigma_0.01,8,52,0.38991052864112197
BLX_sigma_0.01,8,53,0.38991052864112197
BLX_sigma_0.01,8,54,0.371621055246913
BLX_sigma_0.01,8,55,0.371621055246913
BLX_sigma_0.01,8,56,0.371621055246913
BLX_sigma_0.01,8,57,0.34050733375809483
BLX_sigma_0.01,8,58,0.34050733375809483
BLX_sigma_0.01,8,59,0.34050733375809483
BLX_sigma_0.01,8,60,0.34050733375809483
BLX_sigma_0.01,8,61,0.31689247244869534
BLX_sigma_0.01,8,62,0.31689247244869534
BLX_sigma_0.01,8,63,0.31689247244869534
BLX_sigma_0.01,8,64,0.31689247244869534
BLX_sigma_0.01,8,65,0.31689247244869534
BLX_sigma_0.01,8,66,0.2977963653331491
BLX_sigma_0.01,8,67,0.2977963653331491
BLX_sigma_0.01,8,68,0.2977963653331491
BLX_sigma_0.01,8,69,0.2977963653331491
BLX_sigma_0.01,8,70,0.2977963653331491
BLX_sigma_0.01,8,71,0.2977963653331491
BLX_sigma_0.01,8,72,0.2977963653331491
BLX_sigma_0.01,8,73,0.2977963653331491
BLX_sigma_0.01,8,74,0.2977963653331491
BLX_sigma_0.01,8,75,0.2977963653331491
BLX_sigma_0.01,8,76,0.2977963653331491
BLX_sigma_0.01,8,77,0.22801094479560746
BLX_sigma_0.01,8,78,0.22801094479560746
BLX_sigma_0.01,8,79,0.22801094479560746
BLX_sigma_0.01,8,80,0.22801094479560746
BLX_sigma_0.01,8,81,0.22801094479560746
BLX_sigma_0.01,8,82,0.22801094479560746
BLX_sigma_0.01,8,83,0.22801094479560746
BLX_sigma_0.01,8,84,0.22133439706137514
BLX_sigma_0.01,8,85,0.22133439706137514
BLX_sigma_0.01,8,86,0.22133439706137514
BLX_sigma_0.01,8,87,0.19830891270009476
BLX_sigma_0.01,8,88,0.19830891270009476
BLX_sigma_0.01,8,89,0.19830891270009476
BLX_sigma_0.01,8,90,0.19830891270009476
BLX_sigma_0.01,8,91,0.19830891270009476
BLX_sigma_0.01,8,92,0.19433298302228652
BLX_sigma_0.01,8,93,0.19433298302228652
BLX_sigma_0.01,8,94,0.19101320300078173
BLX_sigma_0.01,8,95,0.19101320300078173
BLX_sigma_0.01,8,96,0.1906535503045702
BLX_sigma_0.01,8,97,0.14041362524985257
BLX_sigma_0.01,8,98,0.14041362524985257
BLX_sigma_0.01,8,99,0.14041362524985257
BLX_sigma_0.01,8,100,0.14041362524985257
BLX_sigma_0.01,8,101,0.12129785586001829
BLX_sigma_0.01,8,102,0.12129785586001829
BLX_sigma_0.01,8,103,0.12129785586001829
BLX_sigma_0.01,8,104,0.1124129214556927
BLX_sigma_0.01,8,105,0.1124129214556927
BLX_sigma_0.01,8,106,0.1124129214556927
BLX_sigma_0.01,8,107,0.1124129214556927
BLX_sigma_0.01,8,108,0.10898908205767965
BLX_sigma_0.01,8,109,0.0919095426974893
BLX_sigma_0.01,8,110,0.0919095426974893
BLX_sigma_0.01,8,111,0.0919095426974893
BLX_sigma_0.01,8,112,0.0919095426974893
BLX_sigma_0.01,8,113,0.0919095426974893
BLX_sigma_0.01,8,114,0.0919095426974893
BLX_sigma_0.01,8,115,0.0919095426974893
BLX_sigma_0.01,8,116,0.0919095426974893
BLX_sigma_0.01,8,117,0.07647827341185365
BLX_sigma_0.01,8,118,0.07647827341185365
BLX_sigma_0.01,8,119,0.07647827341185365
BLX_sigma_0.01,8,120,0.07647827341185365
BLX_sigma_0.01,8,121,0.07614370864019082
BLX_sigma_0.01,8,122,0.07440281374346702
BLX_sigma_0.01,8,123,0.07346646639854071
BLX_sigma_0.01,8,124,0.07346646639854071
BLX_sigma_0.01,8,125,0.07334767181018775
BLX_sigma_0.01,8,126,0.07334767181018775
BLX_sigma_0.01,8,127,0.07287017954393826
BLX_sigma_0.01,8,128,0.07287017954393826
BLX_sigma_0.01,8,129,0.0725669414241763
BLX_sigma_0.01,8,130,0.07204496257942583
BLX_sigma_0.01,8,131,0.07166576598556262
BLX_sigma_0.01,8,132,0.07166576598556262
BLX_sigma_0.01,8,133,0.07146074354528986
BLX_sigma_0.01,8,134,0.07022919312743947
BLX_sigma_0.01,8,135,0.07009252699407686
BLX_sigma_0.01,8,136,0.0697930091714225
BLX_sigma_0.01,8,137,0.06958454029854588
BLX_sigma_0.01,8,138,0.06958454029854588
BLX_sigma_0.01,8,139,0.0695807736724886
BLX_sigma_0.01,8,140,0.06953971998558761
BLX_sigma_0.01,8,141,0.06931419711938436
BLX_sigma_0.01,8,142,0.06917492525990887
BLX_sigma_0.01,8,143,0.06917492525990887
BLX_sigma_0.01,8,144,0.06917492525990887
BLX_sigma_0.01,8,145,0.06917492525990887
BLX_sigma_0.01,8,146,0.06917492525990887
BLX_sigma_0.01,8,147,0.06903777103172981
BLX_sigma_0.01,8,148,0.06903556371601938
BLX_sigma_0.01,8,149,0.06903408119937271
BLX_sigma_0.01,8,150,0.0689215247037197
BLX_sigma_0.01,8,151,0.068852078577055
BLX_sigma_0.01,8,152,0.068852078577055
BLX_sigma_0.01,8,153,0.068852078577055
BLX_sigma_0.01,8,154,0.068852078577055
BLX_sigma_0.01,8,155,0.06879268235400449
BLX_sigma_0.01,8,156,0.06877884884063967
BLX_sigma_0.01,8,157,0.06875553422647185
BLX_sigma_0.01,8,158,0.06872424735087967
BLX_sigma_0.01,8,159,0.0686942064361935
BLX_sigma_0.01,8,160,0.06864352199425616
BLX_sigma_0.01,8,161,0.06864352199425616
BLX_sigma_0.01,8,162,0.06864352199425616
BLX_sigma_0.01,8,163,0.06864352199425616
BLX_sigma_0.01,8,164,0.06864352199425616
BLX_sigma_0.01,8,165,0.06864352199425616
BLX_sigma_0.01,8,166,0.06864352199425616
BLX_sigma_0.01,8,167,0.0686433250066879
BLX_sigma_0.01,9,0,77.0653663139
BLX_sigma_0.01,9,1,50.95611939806877
BLX_sigma_0.01,9,2,21.179693597381252
BLX_sigma_0.01,9,3,21.179693597381252
BLX_sigma_0.01,9,4,14.483852926078075
BLX_sigma_0.01,9,5,14.483852926078075
BLX_sigma_0.01,9,6,7.065541614733038
BLX_sigma_0.01,9,7,4.123381877688974
BLX_sigma_0.01,9,8,3.17849435742035
BLX_sigma_0.01,9,9,1.936980962650288
BLX_sigma_0.01,9,10,1.7706420203131756
BLX_sigma_0.01,9,11,1.5611602527239197
BLX_sigma_0.01,9,12,1.51277027763589
BLX_sigma_0.01,9,13,1.2846816415394073
BLX_sigma_0.01,9,14,1.2462522843442814
BLX_sigma_0.01,9,15,1.0636225282813117
BLX_sigma_0.01,9,16,1.0080009407907349
BLX_sigma_0.01,9,17,0.9745006207933367
BLX_sigma_0.01,9,18,0.9447305822648965
BLX_sigma_0.01,9,19,0.8325010433884723
BLX_sigma_0.01,9,20,0.8325010433884723
BLX_sigma_0.01,9,21,0.8325010433884723
BLX_sigma_0.01,9,22,0.8325010433884723
BLX_sigma_0.01,9,23,0.8325010433884723
BLX_sigma_0.01,9,24,0.8325010433884723
BLX_sigma_0.01,9,25,0.8325010433884723
BLX_sigma_0.01,9,26,0.8325010433884723
BLX_sigma_0.01,9,27,0.8076270123501323
BLX_sigma_0.01,9,28,0.8063577708138948
BLX_sigma_0.01,9,29,0.7046682159974273
BLX_sigma_0.01,9,30,0.7046682159974273
BLX_sigma_0.01,9,31,0.7046682159974273
BLX_sigma_0.01,9,32,0.5647629981140694
BLX_sigma_0.01,9,33,0.5647629981140694
BLX_sigma_0.01,9,34,0.506562392594035
BLX_sigma_0.01,9,35,0.506562392594035
BLX_sigma_0.01,9,36,0.506562392594035
BLX_sigma_0.01,9,37,0.506562392594035
BLX_sigma_0.01,9,38,0.506562392594035
BLX_sigma_0.01,9,39,0.506562392594035
BLX_sigma_0.01,9,40,0.47845962808474407
BLX_sigma_0.01,9,41,0.47845962808474407
BLX_sigma_0.01,9,42,0.47845962808474407
BLX_sigma_0.01,9,43,0.47845962808474407
BLX_sigma_0.01,9,44,0.47845962808474407
BLX_sigma_0.01,9,45,0.47845962808474407
BLX_sigma_0.01,9,46,0.47845962808474407
BLX_sigma_0.01,9,47,0.47845962808474407
BLX_sigma_0.01,9,48,0.47845962808474407
BLX_sigma_0.01,9,49,0.43264588664621517
BLX_sigma_0.01,9,50,0.43264588664621517
BLX_sigma_0.01,9,51,0.43264588664621517
BLX_sigma_0.01,9,52,0.4001129427359811
BLX_sigma_0.01,9,53,0.4001129427359811
BLX_sigma_0.01,9,54,0.3560337757749119
BLX_sigma_0.01,9,55,0.12914893026740637
BLX_sigma_0.01,9,56,0.12914893026740637
BLX_sigma_0.01,9,57,0.12914893026740637
BLX_sigma_0.01,9,58,0.12914893026740637
BLX_sigma_0.01,9,59,0.12914893026740637
BLX_sigma_0.01,9,60,0.12914893026740637
BLX_sigma_0.01,9,61,0.12914893026740637
BLX_sigma_0.01,9,62,0.12914893026740637
BLX_sigma_0.01,9,63,0.12914893026740637
BLX_sigma_0.01,9,64,0.12914893026740637
BLX_sigma_0.01,9,65,0.12914893026740637
BLX_sigma_0.01,9,66,0.12914893026740637
BLX_sigma_0.01,9,67,0.12914893026740637
BLX_sigma_0.01,9,68,0.12914893026740637
BLX_sigma_0.01,9,69,0.11991444686923158
BLX_sigma_0.01,9,70,0.11991444686923158
BLX_sigma_0.01,9,71,0.11991444686923158
BLX_sigma_0.01,9,72,0.11991444686923158
BLX_sigma_0.01,9,73,0.11229639109999745
BLX_sigma_0.01,9,74,0.11199305457422792
BLX_sigma_0.01,9,75,0.11122137420789535
BLX_sigma_0.01,9,76,0.09905542063251183
BLX_sigma_0.01,9,77,0.0969021270168614
BLX_sigma_0.01,9,78,0.08901392109760553
BLX_sigma_0.01,9,79,0.07170536101572389
BLX_sigma_0.01,9,80,0.07170536101572389
BLX_sigma_0.01,9,81,0.07120274700761897
BLX_sigma_0.01,9,82,0.07018645339540763
BLX_sigma_0.01,9,83,0.06543188839817804
BLX_sigma_0.01,9,84,0.06543188839817804
BLX_sigma_0.01,9,85,0.06543188839817804
BLX_sigma_0.01,9,86,0.05651310293678735
BLX_sigma_0.01,9,87,0.05651310293678735
BLX_sigma_0.01,9,88,0.05651310293678735
BLX_sigma_0.01,9,89,0.05651310293678735
BLX_sigma_0.01,9,90,0.05651310293678735
BLX_sigma_0.01,9,91,0.05651310293678735
BLX_sigma_0.01,9,92,0.05651310293678735
BLX_sigma_0.01,9,93,0.05651310293678735
BLX_sigma_0.01,9,94,0.05520685958746385
BLX_sigma_0.01,9,95,0.05520685958746385
BLX_sigma_0.01,9,96,0.05520685958746385
BLX_sigma_0.01,9,97,0.05520685958746385
BLX_sigma_0.01,9,98,0.05520685958746385
BLX_sigma_0.01,9,99,0.05520685958746385
BLX_sigma_0.01,9,100,0.05360159235708206
BLX_sigma_0.01,9,101,0.05034047208326775
BLX_sigma_0.01,9,102,0.04945022525065801
BLX_sigma_0.01,9,103,0.04945022525065801
BLX_sigma_0.01,9,104,0.04945022525065801
BLX_sigma_0.01,9,105,0.04945022525065801
BLX_sigma_0.01,9,106,0.049032596018872554
BLX_sigma_0.01,9,107,0.048364243545040875
BLX_sigma_0.01,9,108,0.048364243545040875
BLX_sigma_0.01,9,109,0.048364243545040875
BLX_sigma_0.01,9,110,0.048364243545040875
BLX_sigma_0.01,9,111,0.048325482173217416
BLX_sigma_0.01,9,112,0.048325482173217416
BLX_sigma_0.01,9,113,0.0480241647367764
BLX_sigma_0.01,9,114,0.04783734455973687
BLX_sigma_0.01,9,115,0.04783734455973687
BLX_sigma_0.01,9,116,0.04781667364702491
BLX_sigma_0.01,9,117,0.04781667364702491
BLX_sigma_0.01,9,118,0.0478004910385047
BLX_sigma_0.01,9,119,0.047755057416936864
BLX_sigma_0.01,9,120,0.04771143405217115
BLX_sigma_0.01,9,121,0.04771143405217115
BLX_sigma_0.01,9,122,0.04771143405217115
BLX_sigma_0.01,9,123,0.047694502741361444
BLX_sigma_0.01,9,124,0.04766683556823825
BLX_sigma_0.01,9,125,0.047659513817575494
BLX_sigma_0.01,9,126,0.047646548049367965
BLX_sigma_0.01,9,127,0.04763620775074262
BLX_sigma_0.01,9,128,0.047634847367332256
BLX_sigma_0.01,9,129,0.047602127095449975
BLX_sigma_0.01,9,130,0.047435724074502916
BLX_sigma_0.01,9,131,0.047435724074502916
BLX_sigma_0.01,9,132,0.047435724074502916
BLX_sigma_0.01,9,133,0.04742791655557499
BLX_sigma_0.01,9,134,0.04742791655557499
BLX_sigma_0.01,9,135,0.04742791655557499
BLX_sigma_0.01,9,136,0.04742791655557499
BLX_sigma_0.01,9,137,0.04741778244623229
BLX_sigma_0.01,9,138,0.04741778244623229
BLX_sigma_0.01,9,139,0.04739349475869359
BLX_sigma_0.01,9,140,0.04738847342062347
BLX_sigma_0.01,9,141,0.047381521400535975
BLX_sigma_0.01,9,142,0.047379244821329936
BLX_sigma_0.01,9,143,0.04737530612389229
BLX_sigma_0.01,9,144,0.0473735371527898
BLX_sigma_0.01,9,145,0.04698631095430705
BLX_sigma_0.01,9,146,0.04698631095430705
BLX_sigma_0.01,9,147,0.046971498584547855
BLX_sigma_0.01,9,148,0.046971498584547855
BLX_sigma_0.01,9,149,0.04696313467667235
BLX_sigma_0.01,9,150,0.04696313467667235
BLX_sigma_0.01,9,151,0.04696220732036582
BLX_sigma_0.01,9,152,0.04696220732036582
BLX_sigma_0.01,9,153,0.04696220732036582
BLX_sigma_0.01,9,154,0.04696019182106603
BLX_sigma_0.01,9,155,0.04696019182106603
BLX_sigma_0.01,9,156,0.04695833330389876
BLX_sigma_0.01,9,157,0.046957007360573844
BLX_sigma_0.01,9,158,0.04695285787768977
BLX_sigma_0.01,9,159,0.04695279378543804
BLX_sigma_0.01,9,160,0.04695066547525639
BLX_sigma_0.01,9,161,0.046935674071425515
BLX_sigma_0.01,9,162,0.046935674071425515
BLX_sigma_0.01,9,163,0.046935674071425515
BLX_sigma_0.01,9,164,0.046935674071425515
BLX_sigma_0.01,9,165,0.046935674071425515
BLX_sigma_0.01,9,166,0.046935674071425515
BLX_sigma_0.01,9,167,0.046935674071425515
BLX_sigma_0.01,10,0,144.55647606367518
BLX_sigma_0.01,10,1,34.238904701748744
BLX_sigma_0.01,10,2,34.238904701748744
BLX_sigma_0.01,10,3,18.3147220375738
BLX_sigma_0.01,10,4,15.650923370803268
BLX_sigma_0.01,10,5,11.94256482981824
BLX_sigma_0.01,10,6,5.207138859649376
BLX_sigma_0.01,10,7,2.956765039671363
BLX_sigma_0.01,10,8,2.251718702783017
BLX_sigma_0.01,10,9,2.072121027587477
BLX_sigma_0.01,10,10,1.6276850145182449
BLX_sigma_0.01,10,11,1.4022708284154881
BLX_sigma_0.01,10,12,1.3483240717333915
BLX_sigma_0.01,10,13,1.1278164072031551
BLX_sigma_0.01,10,14,1.121833989479859
BLX_sigma_0.01,10,15,0.9971716409306792
BLX_sigma_0.01,10,16,0.9971716409306792
BLX_sigma_0.01,10,17,0.9971716409306792
BLX_sigma_0.01,10,18,0.9328816133493081
BLX_sigma_0.01,10,19,0.9328816133493081
BLX_sigma_0.01,10,20,0.9175063903517151
BLX_sigma_0.01,10,21,0.8884225130524621
BLX_sigma_0.01,10,22,0.887223677967937
BLX_sigma_0.01,10,23,0.8553108108902945
BLX_sigma_0.01,10,24,0.7983789717847334
BLX_sigma_0.01,10,25,0.5983762688577624
BLX_sigma_0.01,10,26,0.5983762688577624
BLX_sigma_0.01,10,27,0.5983762688577624
BLX_sigma_0.01,10,28,0.5983762688577624
BLX_sigma_0.01,10,29,0.5983762688577624
BLX_sigma_0.01,10,30,0.5752431525802448
BLX_sigma_0.01,10,31,0.5687626100420594
BLX_sigma_0.01,10,32,0.5613310665240177
BLX_sigma_0.01,10,33,0.5613310665240177
BLX_sigma_0.01,10,34,0.5613310665240177
BLX_sigma_0.01,10,35,0.5418330911372723
BLX_sigma_0.01,10,36,0.46293375975761397
BLX_sigma_0.01,10,37,0.3800281806484136
BLX_sigma_0.01,10,38,0.3800281806484136
BLX_sigma_0.01,10,39,0.3800281806484136
BLX_sigma_0.01,10,40,0.3800281806484136
BLX_sigma_0.01,10,41,0.3800281806484136
BLX_sigma_0.01,10,42,0.3800281806484136
BLX_sigma_0.01,10,43,0.3800281806484136
BLX_sigma_0.01,10,44,0.37356814198196897
BLX_sigma_0.01,10,45,0.34879440141338125
BLX_sigma_0.01,10,46,0.34879440141338125
BLX_sigma_0.01,10,47,0.34879440141338125
BLX_sigma_0.01,10,48,0.3133059652237412
BLX_sigma_0.01,10,49,0.3133059652237412
BLX_sigma_0.01,10,50,0.3041101206035991
BLX_sigma_0.01,10,51,0.3041101206035991
BLX_sigma_0.01,10,52,0.27993965525019704
BLX_sigma_0.01,10,53,0.26925028959967634
BLX_sigma_0.01,10,54,0.23747278758218826
BLX_sigma_0.01,10,55,0.22326272997211383
BLX_sigma_0.01,10,56,0.22326272997211383
BLX_sigma_0.01,10,57,0.22326272997211383
BLX_sigma_0.01,10,58,0.22326272997211383
BLX_sigma_0.01,10,59,0.21966113672096776
BLX_sigma_0.01,10,60,0.2189180460256136
BLX_sigma_0.01,10,61,0.20515146638387372
BLX_sigma_0.01,10,62,0.20515146638387372
BLX_sigma_0.01,10,63,0.20284783408785145
BLX_sigma_0.01,10,64,0.20284783408785145
BLX_sigma_0.01,10,65,0.20284783408785145
BLX_sigma_0.01,10,66,0.2008853125755532
BLX_sigma_0.01,10,67,0.19942628374218674
BLX_sigma_0.01,10,68,0.19789626988466524
BLX_sigma_0.01,10,69,0.19035117287104442
BLX_sigma_0.01,10,70,0.1888534277334013
BLX_sigma_0.01,10,71,0.1765576136993735
BLX_sigma_0.01,10,72,0.1765576136993735
BLX_sigma_0.01,10,73,0.1765576136993735
BLX_sigma_0.01,10,74,0.1765576136993735
BLX_sigma_0.01,10,75,0.1765576136993735
BLX_sigma_0.01,10,76,0.1765576136993735
BLX_sigma_0.01,10,77,0.1765576136993735
BLX_sigma_0.01,10,78,0.1742270954744235
BLX_sigma_0.01,10,79,0.1742270954744235
BLX_sigma_0.01,10,80,0.1742270954744235
BLX_sigma_0.01,10,81,0.1742270954744235
BLX_sigma_0.01,10,82,0.1742270954744235
BLX_sigma_0.01,10,83,0.13995922442007402
BLX_sigma_0.01,10,84,0.13141768370054263
BLX_sigma_0.01,10,85,0.13141768370054263
BLX_sigma_0.01,10,86,0.13141768370054263
BLX_sigma_0.01,10,87,0.13141768370054263
BLX_sigma_0.01,10,88,0.13141768370054263
BLX_sigma_0.01,10,89,0.12823050615285014
BLX_sigma_0.01,10,90,0.1214780460133229
BLX_sigma_0.01,10,91,0.1214780460133229
BLX_sigma_0.01,10,92,0.1214780460133229
BLX_sigma_0.01,10,93,0.1207682361644653
BLX_sigma_0.01,10,94,0.120149419808386
BLX_sigma_0.01,10,95,0.120149419808386
BLX_sigma_0.01,10,96,0.120149419808386
BLX_sigma_0.01,10,97,0.11146599033560456
BLX_sigma_0.01,10,98,0.11146599033560456
BLX_sigma_0.01,10,99,0.10297991318064825
BLX_sigma_0.01,10,100,0.10297991318064825
BLX_sigma_0.01,10,101,0.10297991318064825
BLX_sigma_0.01,10,102,0.07478364365612356
BLX_sigma_0.01,10,103,0.07478364365612356
BLX_sigma_0.01,10,104,0.07478364365612356
BLX_sigma_0.01,10,105,0.07478364365612356
BLX_sigma_0.01,10,106,0.07478364365612356
BLX_sigma_0.01,10,107,0.07478364365612356
BLX_sigma_0.01,10,108,0.07478364365612356
BLX_sigma_0.01,10,109,0.07478364365612356
BLX_sigma_0.01,10,110,0.07478364365612356
BLX_sigma_0.01,10,111,0.07478364365612356
BLX_sigma_0.01,10,112,0.07478364365612356
BLX_sigma_0.01,10,113,0.07478364365612356
BLX_sigma_0.01,10,114,0.07478364365612356
BLX_sigma_0.01,10,115,0.07478364365612356
BLX_sigma_0.01,10,116,0.07478364365612356
BLX_sigma_0.01,10,117,0.07478364365612356
BLX_sigma_0.01,10,118,0.07478364365612356
BLX_sigma_0.01,10,119,0.07478364365612356
BLX_sigma_0.01,10,120,0.07478364365612356
BLX_sigma_0.01,10,121,0.07478364365612356
BLX_sigma_0.01,10,122,0.07478364365612356
BLX_sigma_0.01,10,123,0.07478364365612356
BLX_sigma_0.01,10,124,0.07478364365612356
BLX_sigma_0.01,10,125,0.07478364365612356
BLX_sigma_0.01,10,126,0.07478364365612356
BLX_sigma_0.01,10,127,0.07478364365612356
BLX_sigma_0.01,10,128,0.07478364365612356
BLX_sigma_0.01,10,129,0.07478364365612356
BLX_sigma_0.01,10,130,0.07478364365612356
BLX_sigma_0.01,10,131,0.07478364365612356
BLX_sigma_0.01,10,132,0.07478364365612356
BLX_sigma_0.01,10,133,0.07478364365612356
BLX_sigma_0.01,10,134,0.07478364365612356
BLX_sigma_0.01,10,135,0.07478364365612356
BLX_sigma_0.01,10,136,0.07478364365612356
BLX_sigma_0.01,10,137,0.07478364365612356
BLX_sigma_0.01,10,138,0.07478364365612356
BLX_sigma_0.01,10,139,0.07478364365612356
BLX_sigma_0.01,10,140,0.07478364365612356
BLX_sigma_0.01,10,141,0.07478364365612356
BLX_sigma_0.01,10,142,0.07478364365612356
BLX_sigma_0.01,10,143,0.07478364365612356
BLX_sigma_0.01,10,144,0.07478364365612356
BLX_sigma_0.01,10,145,0.07478364365612356
BLX_sigma_0.01,10,146,0.07478364365612356
BLX_sigma_0.01,10,147,0.05546279084243977
BLX_sigma_0.01,10,148,0.05546279084243977
BLX_sigma_0.01,10,149,0.05546279084243977
BLX_sigma_0.01,10,150,0.05546279084243977
BLX_sigma_0.01,10,151,0.05546279084243977
BLX_sigma_0.01,10,152,0.05546279084243977
BLX_sigma_0.01,10,153,0.05546279084243977
BLX_sigma_0.01,10,154,0.05546279084243977
BLX_sigma_0.01,10,155,0.05490021085810437
BLX_sigma_0.01,10,156,0.05490021085810437
BLX_sigma_0.01,10,157,0.05460015931483897
BLX_sigma_0.01,10,158,0.05460015931483897
BLX_sigma_0.01,10,159,0.05403253016182208
BLX_sigma_0.01,10,160,0.05403253016182208
BLX_sigma_0.01,10,161,0.05305863422927315
BLX_sigma_0.01,10,162,0.0520790457594712
BLX_sigma_0.01,10,163,0.0520790457594712
BLX_sigma_0.01,10,164,0.0520790457594712
BLX_sigma_0.01,10,165,0.05192465924507528
BLX_sigma_0.01,10,166,0.05192465924507528
BLX_sigma_0.01,10,167,0.05192465924507528
BLX_sigma_0.01,11,0,101.61084923393994
BLX_sigma_0.01,11,1,52.75247187652851
BLX_sigma_0.01,11,2,40.57202966850227
BLX_sigma_0.01,11,3,26.314053447847765
BLX_sigma_0.01,11,4,19.390831998951803
BLX_sigma_0.01,11,5,13.315457970377436
BLX_sigma_0.01,11,6,6.631382957431077
BLX_sigma_0.01,11,7,2.4713892241771265
BLX_sigma_0.01,11,8,2.4713892241771265
BLX_sigma_0.01,11,9,1.6931459634963049
BLX_sigma_0.01,11,10,1.6931459634963049
BLX_sigma_0.01,11,11,1.359309946254452
BLX_sigma_0.01,11,12,1.1534540261978774
BLX_sigma_0.01,11,13,1.1534540261978774
BLX_sigma_0.01,11,14,1.123212459683186
BLX_sigma_0.01,11,15,1.0533521207094823
BLX_sigma_0.01,11,16,1.0525017123722575
BLX_sigma_0.01,11,17,0.9757279916426648
BLX_sigma_0.01,11,18,0.9369478098909474
BLX_sigma_0.01,11,19,0.6850927729631338
BLX_sigma_0.01,11,20,0.6850927729631338
BLX_sigma_0.01,11,21,0.6850927729631338
BLX_sigma_0.01,11,22,0.6850927729631338
BLX_sigma_0.01,11,23,0.6850927729631338
BLX_sigma_0.01,11,24,0.5845065904065635
BLX_sigma_0.01,11,25,0.5845065904065635
BLX_sigma_0.01,11,26,0.5845065904065635
BLX_sigma_0.01,11,27,0.5519743577042207
BLX_sigma_0.01,11,28,0.5077772624292989
BLX_sigma_0.01,11,29,0.5077772624292989
BLX_sigma_0.01,11,30,0.5077772624292989
BLX_sigma_0.01,11,31,0.44940860389685044
BLX_sigma_0.01,11,32,0.44940860389685044
BLX_sigma_0.01,11,33,0.4468755394187113
BLX_sigma_0.01,11,34,0.4468755394187113
BLX_sigma_0.01,11,35,0.3909929130290233
BLX_sigma_0.01,11,36,0.3909929130290233
BLX_sigma_0.01,11,37,0.3909929130290233
BLX_sigma_0.01,11,38,0.38220755903646886
BLX_sigma_0.01,11,39,0.38220755903646886
BLX_sigma_0.01,11,40,0.38220755903646886
BLX_sigma_0.01,11,41,0.28576897573608406
BLX_sigma_0.01,11,42,0.28576897573608406
BLX_sigma_0.01,11,43,0.2806153145116618
BLX_sigma_0.01,11,44,0.27181638121660556
BLX_sigma_0.01,11,45,0.19064227181107862
BLX_sigma_0.01,11,46,0.19064227181107862
BLX_sigma_0.01,11,47,0.19064227181107862
BLX_sigma_0.01,11,48,0.19064227181107862
BLX_sigma_0.01,11,49,0.15819881117932455
BLX_sigma_0.01,11,50,0.1416480302938482
BLX_sigma_0.01,11,51,0.1416480302938482
BLX_sigma_0.01,11,52,0.1206969221043569
BLX_sigma_0.01,11,53,0.11889628693034371
BLX_sigma_0.01,11,54,0.08893670614692895
BLX_sigma_0.01,11,55,0.08893670614692895
BLX_sigma_0.01,11,56,0.08893670614692895
BLX_sigma_0.01,11,57,0.07545233988835609
BLX_sigma_0.01,11,58,0.07545233988835609
BLX_sigma_0.01,11,59,0.06878899965461782
BLX_sigma_0.01,11,60,0.06878899965461782
BLX_sigma_0.01,11,61,0.06878899965461782
BLX_sigma_0.01,11,62,0.06531900343677532
BLX_sigma_0.01,11,63,0.05694279838186089
BLX_sigma_0.01,11,64,0.05657548187924044
BLX_sigma_0.01,11,65,0.05657548187924044
BLX_sigma_0.01,11,66,0.05657548187924044
BLX_sigma_0.01,11,67,0.05657548187924044
BLX_sigma_0.01,11,68,0.05514573736020745
BLX_sigma_0.01,11,69,0.05404466834208077
BLX_sigma_0.01,11,70,0.05224353459003994
BLX_sigma_0.01,11,71,0.05143228357613283
BLX_sigma_0.01,11,72,0.05143228357613283
BLX_sigma_0.01,11,73,0.05143228357613283
BLX_sigma_0.01,11,74,0.05044614476290954
BLX_sigma_0.01,11,75,0.04984240531188022
BLX_sigma_0.01,11,76,0.04984240531188022
BLX_sigma_0.01,11,77,0.04984240531188022
BLX_sigma_0.01,11,78,0.04973205191559338
BLX_sigma_0.01,11,79,0.04973205191559338
BLX_sigma_0.01,11,80,0.04934577278925123
BLX_sigma_0.01,11,81,0.04934577278925123
BLX_sigma_0.01,11,82,0.04899833595215952
BLX_sigma_0.01,11,83,0.04899833595215952
BLX_sigma_0.01,11,84,0.04874195467496478
BLX_sigma_0.01,11,85,0.04874195467496478
BLX_sigma_0.01,11,86,0.04874195467496478
BLX_sigma_0.01,11,87,0.048713278305661634
BLX_sigma_0.01,11,88,0.04868704704387816
BLX_sigma_0.01,11,89,0.04856513401712659
BLX_sigma_0.01,11,90,0.04850069489679054
BLX_sigma_0.01,11,91,0.04850069489679054
BLX_sigma_0.01,11,92,0.048430419550053894
BLX_sigma_0.01,11,93,0.048430419550053894
BLX_sigma_0.01,11,94,0.048430419550053894
BLX_sigma_0.01,11,95,0.048430419550053894
BLX_sigma_0.01,11,96,0.048430419550053894
BLX_sigma_0.01,11,97,0.048427210385435626
BLX_sigma_0.01,11,98,0.04840038786997747
BLX_sigma_0.01,11,99,0.04839543339118968
BLX_sigma_0.01,11,100,0.04837179055738039
BLX_sigma_0.01,11,101,0.04837179055738039
BLX_sigma_0.01,11,102,0.04837179055738039
BLX_sigma_0.01,11,103,0.04836231397775015
BLX_sigma_0.01,11,104,0.04836231397775015
BLX_sigma_0.01,11,105,0.04836164072173876
BLX_sigma_0.01,11,106,0.04835476100412095
BLX_sigma_0.01,11,107,0.04835205988036295
BLX_sigma_0.01,11,108,0.04833709726970237
BLX_sigma_0.01,11,109,0.04833709726970237
BLX_sigma_0.01,11,110,0.04833590186607839
BLX_sigma_0.01,11,111,0.0483315942315512
BLX_sigma_0.01,11,112,0.0483267146221128
BLX_sigma_0.01,11,113,0.04832516395231179
BLX_sigma_0.01,11,114,0.04832516395231179
BLX_sigma_0.01,11,115,0.04831705020164878
BLX_sigma_0.01,11,116,0.04831705020164878
BLX_sigma_0.01,11,117,0.04831705020164878
BLX_sigma_0.01,11,118,0.04831705020164878
BLX_sigma_0.01,11,119,0.04831665579450817
BLX_sigma_0.01,11,120,0.04831665579450817
BLX_sigma_0.01,11,121,0.04831519525288086
BLX_sigma_0.01,11,122,0.04831519525288086
BLX_sigma_0.01,11,123,0.048314814462319666
BLX_sigma_0.01,11,124,0.04687772356422881
BLX_sigma_0.01,11,125,0.04687772356422881
BLX_sigma_0.01,11,126,0.04687502240161168
BLX_sigma_0.01,11,127,0.04687502240161168
BLX_sigma_0.01,11,128,0.04687502240161168
BLX_sigma_0.01,11,129,0.04687502240161168
BLX_sigma_0.01,11,130,0.04687502240161168
BLX_sigma_0.01,11,131,0.04685195902542827
BLX_sigma_0.01,11,132,0.046850748934343156
BLX_sigma_0.01,11,133,0.046850748934343156
BLX_sigma_0.01,11,134,0.046850748934343156
BLX_sigma_0.01,11,135,0.046850549574714906
BLX_sigma_0.01,11,136,0.046850549574714906
BLX_sigma_0.01,11,137,0.046849979819817644
BLX_sigma_0.01,11,138,0.04684988261192291
BLX_sigma_0.01,11,139,0.04684978365963133
BLX_sigma_0.01,11,140,0.046849734319836966
BLX_sigma_0.01,11,141,0.04684930486231731
BLX_sigma_0.01,11,142,0.04684930486231731
BLX_sigma_0.01,11,143,0.046849258411906014
BLX_sigma_0.01,11,144,0.046849258411906014
BLX_sigma_0.01,11,145,0.046848780932663536
BLX_sigma_0.01,11,146,0.046848770001467255
BLX_sigma_0.01,11,147,0.04684869120971036
BLX_sigma_0.01,11,148,0.0468485786500229
BLX_sigma_0.01,11,149,0.046848547318626976
BLX_sigma_0.01,11,150,0.046848421176237554
BLX_sigma_0.01,11,151,0.04684822910726971
BLX_sigma_0.01,11,152,0.04684821461303701
BLX_sigma_0.01,11,153,0.04684807114069123
BLX_sigma_0.01,11,154,0.046847812072629225
BLX_sigma_0.01,11,155,0.046847812072629225
BLX_sigma_0.01,11,156,0.046847812072629225
BLX_sigma_0.01,11,157,0.0468477866699718
BLX_sigma_0.01,11,158,0.04684768060894717
BLX_sigma_0.01,11,159,0.04684759045373499
BLX_sigma_0.01,11,160,0.04684732275951109
BLX_sigma_0.01,11,161,0.04684732275951109
BLX_sigma_0.01,11,162,0.04684732275951109
BLX_sigma_0.01,11,163,0.04684732275951109
BLX_sigma_0.01,11,164,0.0468472714963758
BLX_sigma_0.01,11,165,0.0468472714963758
BLX_sigma_0.01,11,166,0.0468472714963758
BLX_sigma_0.01,11,167,0.046763522578608496
BLX_sigma_0.01,12,0,148.85423911226096
BLX_sigma_0.01,12,1,59.555356054277155
BLX_sigma_0.01,12,2,22.572699858652342
BLX_sigma_0.01,12,3,22.572699858652342
BLX_sigma_0.01,12,4,11.748557966934177
BLX_sigma_0.01,12,5,11.748557966934177
BLX_sigma_0.01,12,6,8.196831277516987
BLX_sigma_0.01,12,7,4.354582349921186
BLX_sigma_0.01,12,8,2.884691832284723
BLX_sigma_0.01,12,9,2.586135381645081
BLX_sigma_0.01,12,10,1.7937348851355046
BLX_sigma_0.01,12,11,1.4704626985883187
BLX_sigma_0.01,12,12,1.375761339910753
BLX_sigma_0.01,12,13,1.2489580523338033
BLX_sigma_0.01,12,14,1.1495762956803273
BLX_sigma_0.01,12,15,1.0883833405498364
BLX_sigma_0.01,12,16,1.012790283727101
BLX_sigma_0.01,12,17,1.0033047089332052
BLX_sigma_0.01,12,18,0.8061666171604134
BLX_sigma_0.01,12,19,0.8061666171604134
BLX_sigma_0.01,12,20,0.8061666171604134
BLX_sigma_0.01,12,21,0.8061666171604134
BLX_sigma_0.01,12,22,0.8061666171604134
BLX_sigma_0.01,12,23,0.8061666171604134
BLX_sigma_0.01,12,24,0.8061666171604134
BLX_sigma_0.01,12,25,0.8061666171604134
BLX_sigma_0.01,12,26,0.8061666171604134
BLX_sigma_0.01,12,27,0.8061666171604134
BLX_sigma_0.01,12,28,0.612908517668079
BLX_sigma_0.01,12,29,0.5851007142427808
BLX_sigma_0.01,12,30,0.5851007142427808
BLX_sigma_0.01,12,31,0.5851007142427808
BLX_sigma_0.01,12,32,0.5851007142427808
BLX_sigma_0.01,12,33,0.5851007142427808
BLX_sigma_0.01,12,34,0.531022904847683
BLX_sigma_0.01,12,35,0.531022904847683
BLX_sigma_0.01,12,36,0.531022904847683
BLX_sigma_0.01,12,37,0.531022904847683
BLX_sigma_0.01,12,38,0.531022904847683
BLX_sigma_0.01,12,39,0.4683343049741364
BLX_sigma_0.01,12,40,0.4683343049741364
BLX_sigma_0.01,12,41,0.4683343049741364
BLX_sigma_0.01,12,42,0.4683343049741364
BLX_sigma_0.01,12,43,0.4683343049741364
BLX_sigma_0.01,12,44,0.4102302341591575
BLX_sigma_0.01,12,45,0.4102302341591575
BLX_sigma_0.01,12,46,0.4102302341591575
BLX_sigma_0.01,12,47,0.4102302341591575
BLX_sigma_0.01,12,48,0.406587026911551
BLX_sigma_0.01,12,49,0.36432554007902485
BLX_sigma_0.01,12,50,0.26260857272520766
BLX_sigma_0.01,12,51,0.26260857272520766
BLX_sigma_0.01,12,52,0.26260857272520766
BLX_sigma_0.01,12,53,0.2401939425521935
BLX_sigma_0.01,12,54,0.23279430826287206
BLX_sigma_0.01,12,55,0.23082782683005065
BLX_sigma_0.01,12,56,0.19331220212581468
BLX_sigma_0.01,12,57,0.19079214888741025
BLX_sigma_0.01,12,58,0.16110105224455007
BLX_sigma_0.01,12,59,0.16094048455983956
BLX_sigma_0.01,12,60,0.14083146837608762
BLX_sigma_0.01,12,61,0.1219312943207781
BLX_sigma_0.01,12,62,0.11590954007894927
BLX_sigma_0.01,12,63,0.11574974741876043
BLX_sigma_0.01,12,64,0.11574974741876043
BLX_sigma_0.01,12,65,0.09192844043397252
BLX_sigma_0.01,12,66,0.09192844043397252
BLX_sigma_0.01,12,67,0.09192844043397252
BLX_sigma_0.01,12,68,0.09192844043397252
BLX_sigma_0.01,12,69,0.09192844043397252
BLX_sigma_0.01,12,70,0.08973929419511606
BLX_sigma_0.01,12,71,0.08973929419511606
BLX_sigma_0.01,12,72,0.08792780666157096
BLX_sigma_0.01,12,73,0.06874717089872218
BLX_sigma_0.01,12,74,0.06874717089872218
BLX_sigma_0.01,12,75,0.06874717089872218
BLX_sigma_0.01,12,76,0.06874717089872218
BLX_sigma_0.01,12,77,0.06874717089872218
BLX_sigma_0.01,12,78,0.056797898427663474
BLX_sigma_0.01,12,79,0.04966462163372365
BLX_sigma_0.01,12,80,0.04784776052870665
BLX_sigma_0.01,12,81,0.04499270007881073
BLX_sigma_0.01,12,82,0.04499270007881073
BLX_sigma_0.01,12,83,0.04452446526943421
BLX_sigma_0.01,12,84,0.044246516343770415
BLX_sigma_0.01,12,85,0.027084199131902964
BLX_sigma_0.01,12,86,0.027084199131902964
BLX_sigma_0.01,12,87,0.027084199131902964
BLX_sigma_0.01,12,88,0.027084199131902964
BLX_sigma_0.01,12,89,0.027084199131902964
BLX_sigma_0.01,12,90,0.027084199131902964
BLX_sigma_0.01,12,91,0.027084199131902964
BLX_sigma_0.01,12,92,0.027084199131902964
BLX_sigma_0.01,12,93,0.027084199131902964
BLX_sigma_0.01,12,94,0.027084199131902964
BLX_sigma_0.01,12,95,0.027084199131902964
BLX_sigma_0.01,12,96,0.02286442057609639
BLX_sigma_0.01,12,97,0.02286442057609639
BLX_sigma_0.01,12,98,0.02286442057609639
BLX_sigma_0.01,12,99,0.02286442057609639
BLX_sigma_0.01,12,100,0.02286442057609639
BLX_sigma_0.01,12,101,0.022089523530351318
BLX_sigma_0.01,12,102,0.022089523530351318
BLX_sigma_0.01,12,103,0.02181205097122174
BLX_sigma_0.01,12,104,0.02181205097122174
BLX_sigma_0.01,12,105,0.02181205097122174
BLX_sigma_0.01,12,106,0.02176074011855056
BLX_sigma_0.01,12,107,0.021670689186560677
BLX_sigma_0.01,12,108,0.021572486401464697
BLX_sigma_0.01,12,109,0.021572486401464697
BLX_sigma_0.01,12,110,0.021564321349651805
BLX_sigma_0.01,12,111,0.021504398589401785
BLX_sigma_0.01,12,112,0.021415607097876155
BLX_sigma_0.01,12,113,0.021415607097876155
BLX_sigma_0.01,12,114,0.02141382829444649
BLX_sigma_0.01,12,115,0.02141382829444649
BLX_sigma_0.01,12,116,0.02137971301864816
BLX_sigma_0.01,12,117,0.020737854541916567
BLX_sigma_0.01,12,118,0.02066386852405877
BLX_sigma_0.01,12,119,0.020656189587281215
BLX_sigma_0.01,12,120,0.020656189587281215
BLX_sigma_0.01,12,121,0.020656189587281215
BLX_sigma_0.01,12,122,0.020656189587281215
BLX_sigma_0.01,12,123,0.020656189587281215
BLX_sigma_0.01,12,124,0.020654729832145224
BLX_sigma_0.01,12,125,0.02062752261807632
BLX_sigma_0.01,12,126,0.02062752261807632
BLX_sigma_0.01,12,127,0.020617557815906684
BLX_sigma_0.01,12,128,0.020617557815906684
BLX_sigma_0.01,12,129,0.020614428726168477
BLX_sigma_0.01,12,130,0.020614428726168477
BLX_sigma_0.01,12,131,0.020604138517398396
BLX_sigma_0.01,12,132,0.020597352572331085
BLX_sigma_0.01,12,133,0.020586852306363035
BLX_sigma_0.01,12,134,0.020586852306363035
BLX_sigma_0.01,12,135,0.020586852306363035
BLX_sigma_0.01,12,136,0.02058549847219404
BLX_sigma_0.01,12,137,0.02057795356210823
BLX_sigma_0.01,12,138,0.02057795356210823
BLX_sigma_0.01,12,139,0.020575406760792614
BLX_sigma_0.01,12,140,0.020574348992734914
BLX_sigma_0.01,12,141,0.0205729096591466
BLX_sigma_0.01,12,142,0.0205729096591466
BLX_sigma_0.01,12,143,0.02056324243602181
BLX_sigma_0.01,12,144,0.02055939907476767
BLX_sigma_0.01,12,145,0.02055939907476767
BLX_sigma_0.01,12,146,0.020558820886496076
BLX_sigma_0.01,12,147,0.020557337457153935
BLX_sigma_0.01,12,148,0.020557337457153935
BLX_sigma_0.01,12,149,0.02055465445875626
BLX_sigma_0.01,12,150,0.02055465445875626
BLX_sigma_0.01,12,151,0.02055414580433823
BLX_sigma_0.01,12,152,0.020551610364960116
BLX_sigma_0.01,12,153,0.020551610364960116
BLX_sigma_0.01,12,154,0.020551610364960116
BLX_sigma_0.01,12,155,0.020550949770403948
BLX_sigma_0.01,12,156,0.020550608278951166
BLX_sigma_0.01,12,157,0.02055006763377143
BLX_sigma_0.01,12,158,0.020547224300706657
BLX_sigma_0.01,12,159,0.020547224300706657
BLX_sigma_0.01,12,160,0.020547224300706657
BLX_sigma_0.01,12,161,0.0205467287205503
BLX_sigma_0.01,12,162,0.0205467287205503
BLX_sigma_0.01,12,163,0.020546715243244917
BLX_sigma_0.01,12,164,0.020545069233445568
BLX_sigma_0.01,12,165,0.020545069233445568
BLX_sigma_0.01,12,166,0.020544008358126864
BLX_sigma_0.01,12,167,0.020544008358126864
BLX_sigma_0.01,13,0,86.46105993413458
BLX_sigma_0.01,13,1,44.529629484158065
BLX_sigma_0.01,13,2,44.529629484158065
BLX_sigma_0.01,13,3,24.506804880790604
BLX_sigma_0.01,13,4,18.80181311726021
BLX_sigma_0.01,13,5,11.686425088780247
BLX_sigma_0.01,13,6,8.85432313740952
BLX_sigma_0.01,13,7,3.752083871717414
BLX_sigma_0.01,13,8,2.7511835758560266
BLX_sigma_0.01,13,9,2.5133728656527783
BLX_sigma_0.01,13,10,2.1470871721108247
BLX_sigma_0.01,13,11,1.7129773944703957
BLX_sigma_0.01,13,12,1.5227286004081633
BLX_sigma_0.01,13,13,1.3712729451444565
BLX_sigma_0.01,13,14,1.3483763424746267
BLX_sigma_0.01,13,15,1.2901121203155352
BLX_sigma_0.01,13,16,1.1921441348595236
BLX_sigma_0.01,13,17,1.1074617611457378
BLX_sigma_0.01,13,18,1.062978749876763
BLX_sigma_0.01,13,19,1.0386500643733683
BLX_sigma_0.01,13,20,0.9693608012845063
BLX_sigma_0.01,13,21,0.9579954714749155
BLX_sigma_0.01,13,22,0.7907031823556269
BLX_sigma_0.01,13,23,0.7907031823556269
BLX_sigma_0.01,13,24,0.6820509996326893
BLX_sigma_0.01,13,25,0.519112154810119
BLX_sigma_0.01,13,26,0.519112154810119
BLX_sigma_0.01,13,27,0.519112154810119
BLX_sigma_0.01,13,28,0.519112154810119
BLX_sigma_0.01,13,29,0.3652581438442919
BLX_sigma_0.01,13,30,0.3652581438442919
BLX_sigma_0.01,13,31,0.3652581438442919
BLX_sigma_0.01,13,32,0.3652581438442919
BLX_sigma_0.01,13,33,0.26633473354690296
BLX_sigma_0.01,13,34,0.2159889188904831
BLX_sigma_0.01,13,35,0.2159889188904831
BLX_sigma_0.01,13,36,0.2159889188904831
BLX_sigma_0.01,13,37,0.2159889188904831
BLX_sigma_0.01,13,38,0.2159889188904831
BLX_sigma_0.01,13,39,0.1424561475514552
BLX_sigma_0.01,13,40,0.1424561475514552
BLX_sigma_0.01,13,41,0.1424561475514552
BLX_sigma_0.01,13,42,0.1424561475514552
BLX_sigma_0.01,13,43,0.13289348612273144
BLX_sigma_0.01,13,44,0.13289348612273144
BLX_sigma_0.01,13,45,0.13289348612273144
BLX_sigma_0.01,13,46,0.11746858571567775
BLX_sigma_0.01,13,47,0.11746858571567775
BLX_sigma_0.01,13,48,0.11746858571567775
BLX_sigma_0.01,13,49,0.09987430520328733
BLX_sigma_0.01,13,50,0.09296040953413798
BLX_sigma_0.01,13,51,0.07992737050380783
BLX_sigma_0.01,13,52,0.07318952090645847
BLX_sigma_0.01,13,53,0.06971823213273454
BLX_sigma_0.01,13,54,0.06079575531398296
BLX_sigma_0.01,13,55,0.058057264559952526
BLX_sigma_0.01,13,56,0.058057264559952526
BLX_sigma_0.01,13,57,0.05383431591824883
BLX_sigma_0.01,13,58,0.05053165451516739
BLX_sigma_0.01,13,59,0.04938445671579339
BLX_sigma_0.01,13,60,0.04580018836812971
BLX_sigma_0.01,13,61,0.0454305699445261
BLX_sigma_0.01,13,62,0.04452360519675136
BLX_sigma_0.01,13,63,0.04452360519675136
BLX_sigma_0.01,13,64,0.04267437512824879
BLX_sigma_0.01,13,65,0.04252974125712383
BLX_sigma_0.01,13,66,0.04233566955234647
BLX_sigma_0.01,13,67,0.04233566955234647
BLX_sigma_0.01,13,68,0.04197017283753046
BLX_sigma_0.01,13,69,0.04153422255616768
BLX_sigma_0.01,13,70,0.04151567688839308
BLX_sigma_0.01,13,71,0.04132996562495728
BLX_sigma_0.01,13,72,0.04132996562495728
BLX_sigma_0.01,13,73,0.04108536980273236
BLX_sigma_0.01,13,74,0.04108536980273236
BLX_sigma_0.01,13,75,0.04096936566634035
BLX_sigma_0.01,13,76,0.04096874345282597
BLX_sigma_0.01,13,77,0.040939043054101454
BLX_sigma_0.01,13,78,0.04088513664291449
BLX_sigma_0.01,13,79,0.04079376505278953
BLX_sigma_0.01,13,80,0.04079376505278953
BLX_sigma_0.01,13,81,0.04074153205931086
BLX_sigma_0.01,13,82,0.040651946643971315
BLX_sigma_0.01,13,83,0.04061600028953094
BLX_sigma_0.01,13,84,0.04055090480106016
BLX_sigma_0.01,13,85,0.040521232339504776
BLX_sigma_0.01,13,86,0.040521232339504776
BLX_sigma_0.01,13,87,0.04045004172826838
BLX_sigma_0.01,13,88,0.04043982476301533
BLX_sigma_0.01,13,89,0.04043982476301533
BLX_sigma_0.01,13,90,0.04039598745366013
BLX_sigma_0.01,13,91,0.040356259658947624
BLX_sigma_0.01,13,92,0.040301033289397936
BLX_sigma_0.01,13,93,0.040301033289397936
BLX_sigma_0.01,13,94,0.040238365004680254
BLX_sigma_0.01,13,95,0.040200897481162734
BLX_sigma_0.01,13,96,0.040200897481162734
BLX_sigma_0.01,13,97,0.0401877289945185
BLX_sigma_0.01,13,98,0.04018196936371987
BLX_sigma_0.01,13,99,0.04016896375697765
BLX_sigma_0.01,13,100,0.04016896375697765
BLX_sigma_0.01,13,101,0.04016393371124105
BLX_sigma_0.01,13,102,0.04014371483530943
BLX_sigma_0.01,13,103,0.04014177983027256
BLX_sigma_0.01,13,104,0.04012869923356355
BLX_sigma_0.01,13,105,0.04012869923356355
BLX_sigma_0.01,13,106,0.04012869923356355
BLX_sigma_0.01,13,107,0.04012804694021155
BLX_sigma_0.01,13,108,0.04012130586586904
BLX_sigma_0.01,13,109,0.04011460677076084
BLX_sigma_0.01,13,110,0.04011005853121696
BLX_sigma_0.01,13,111,0.040108319038263396
BLX_sigma_0.01,13,112,0.040108319038263396
BLX_sigma_0.01,13,113,0.040106310077456686
BLX_sigma_0.01,13,114,0.040104382393836846
BLX_sigma_0.01,13,115,0.0370623644077972
BLX_sigma_0.01,13,116,0.0370623644077972
BLX_sigma_0.01,13,117,0.0370623644077972
BLX_sigma_0.01,13,118,0.0370623644077972
BLX_sigma_0.01,13,119,0.0370623644077972
BLX_sigma_0.01,13,120,0.0370623644077972
BLX_sigma_0.01,13,121,0.0370623644077972
BLX_sigma_0.01,13,122,0.0370623644077972
BLX_sigma_0.01,13,123,0.0370623644077972
BLX_sigma_0.01,13,124,0.03705332808032391
BLX_sigma_0.01,13,125,0.03705332808032391
BLX_sigma_0.01,13,126,0.03705332808032391
BLX_sigma_0.01,13,127,0.03705332808032391
BLX_sigma_0.01,13,128,0.03705294435247852
BLX_sigma_0.01,13,129,0.03705097448050898
BLX_sigma_0.01,13,130,0.03705097448050898
BLX_sigma_0.01,13,131,0.03705097448050898
BLX_sigma_0.01,13,132,0.037047943721519094
BLX_sigma_0.01,13,133,0.037047943721519094
BLX_sigma_0.01,13,134,0.037047943721519094
BLX_sigma_0.01,13,135,0.037047291296725016
BLX_sigma_0.01,13,136,0.03704581248113625
BLX_sigma_0.01,13,137,0.03704460940585408
BLX_sigma_0.01,13,138,0.03704460940585408
BLX_sigma_0.01,13,139,0.037043906270366134
BLX_sigma_0.01,13,140,0.03704365044867475
BLX_sigma_0.01,13,141,0.037042876283081005
BLX_sigma_0.01,13,142,0.03704140347105622
BLX_sigma_0.01,13,143,0.03704140347105622
BLX_sigma_0.01,13,144,0.03704110291288143
BLX_sigma_0.01,13,145,0.037038333274278856
BLX_sigma_0.01,13,146,0.037038333274278856
BLX_sigma_0.01,13,147,0.037037730658920354
BLX_sigma_0.01,13,148,0.037037730658920354
BLX_sigma_0.01,13,149,0.037037730658920354
BLX_sigma_0.01,13,150,0.037037730658920354
BLX_sigma_0.01,13,151,0.037037730658920354
BLX_sigma_0.01,13,152,0.03703715535004548
BLX_sigma_0.01,13,153,0.03703700972835411
BLX_sigma_0.01,13,154,0.03703674544697155
BLX_sigma_0.01,13,155,0.03703671051726953
BLX_sigma_0.01,13,156,0.03703671051726953
BLX_sigma_0.01,13,157,0.03703646869942734
BLX_sigma_0.01,13,158,0.03703611090666725
BLX_sigma_0.01,13,159,0.03703611090666725
BLX_sigma_0.01,13,160,0.03703611090666725
BLX_sigma_0.01,13,161,0.037036107006214736
BLX_sigma_0.01,13,162,0.03703594078689698
BLX_sigma_0.01,13,163,0.03703573952751271
BLX_sigma_0.01,13,164,0.03703573952751271
BLX_sigma_0.01,13,165,0.03703573952751271
BLX_sigma_0.01,13,166,0.037035500254127496
BLX_sigma_0.01,13,167,0.037035500254127496
BLX_sigma_0.01,14,0,118.19970082058111
BLX_sigma_0.01,14,1,36.4655242747084
BLX_sigma_0.01,14,2,20.85680653586329
BLX_sigma_0.01,14,3,10.210084018064508
BLX_sigma_0.01,14,4,9.817859168511708
BLX_sigma_0.01,14,5,7.113331397485292
BLX_sigma_0.01,14,6,5.173378946626949
BLX_sigma_0.01,14,7,2.43916169251889
BLX_sigma_0.01,14,8,2.059570475386086
BLX_sigma_0.01,14,9,1.8890470270450146
BLX_sigma_0.01,14,10,1.3095869314080129
BLX_sigma_0.01,14,11,1.163414253358238
BLX_sigma_0.01,14,12,1.151296962974299
BLX_sigma_0.01,14,13,1.1122570139376273
BLX_sigma_0.01,14,14,1.0533227188361216
BLX_sigma_0.01,14,15,1.0184273654885097
BLX_sigma_0.01,14,16,1.0184273654885097
BLX_sigma_0.01,14,17,0.914871812557065
BLX_sigma_0.01,14,18,0.6646803263114686
BLX_sigma_0.01,14,19,0.6646803263114686
BLX_sigma_0.01,14,20,0.6646803263114686
BLX_sigma_0.01,14,21,0.6646803263114686
BLX_sigma_0.01,14,22,0.4263000700024385
BLX_sigma_0.01,14,23,0.4263000700024385
BLX_sigma_0.01,14,24,0.4263000700024385
BLX_sigma_0.01,14,25,0.4263000700024385
BLX_sigma_0.01,14,26,0.38605800487465913
BLX_sigma_0.01,14,27,0.38605800487465913
BLX_sigma_0.01,14,28,0.38605800487465913
BLX_sigma_0.01,14,29,0.35393274884981407
BLX_sigma_0.01,14,30,0.35393274884981407
BLX_sigma_0.01,14,31,0.35393274884981407
BLX_sigma_0.01,14,32,0.35393274884981407
BLX_sigma_0.01,14,33,0.35393274884981407
BLX_sigma_0.01,14,34,0.35393274884981407
BLX_sigma_0.01,14,35,0.35393274884981407
BLX_sigma_0.01,14,36,0.35393274884981407
BLX_sigma_0.01,14,37,0.24369315889091525
BLX_sigma_0.01,14,38,0.24369315889091525
BLX_sigma_0.01,14,39,0.24369315889091525
BLX_sigma_0.01,14,40,0.24369315889091525
BLX_sigma_0.01,14,41,0.24369315889091525
BLX_sigma_0.01,14,42,0.24369315889091525
BLX_sigma_0.01,14,43,0.24369315889091525
BLX_sigma_0.01,14,44,0.24369315889091525
BLX_sigma_0.01,14,45,0.24369315889091525
BLX_sigma_0.01,14,46,0.1967292624312793
BLX_sigma_0.01,14,47,0.155307165439313
BLX_sigma_0.01,14,48,0.155307165439313
BLX_sigma_0.01,14,49,0.155307165439313
BLX_sigma_0.01,14,50,0.155307165439313
BLX_sigma_0.01,14,51,0.155307165439313
BLX_sigma_0.01,14,52,0.155307165439313
BLX_sigma_0.01,14,53,0.1478188748409326
BLX_sigma_0.01,14,54,0.1478188748409326
BLX_sigma_0.01,14,55,0.1450024050756431
BLX_sigma_0.01,14,56,0.1395456857506333
BLX_sigma_0.01,14,57,0.1395456857506333
BLX_sigma_0.01,14,58,0.13425601334653947
BLX_sigma_0.01,14,59,0.13425601334653947
BLX_sigma_0.01,14,60,0.13425601334653947
BLX_sigma_0.01,14,61,0.13203322050167055
BLX_sigma_0.01,14,62,0.12681139065969327
BLX_sigma_0.01,14,63,0.12304925901328434
BLX_sigma_0.01,14,64,0.12199208749904533
BLX_sigma_0.01,14,65,0.12199208749904533
BLX_sigma_0.01,14,66,0.12057854200359241
BLX_sigma_0.01,14,67,0.10576615896304231
BLX_sigma_0.01,14,68,0.10539346385693404
BLX_sigma_0.01,14,69,0.09847353896172928
BLX_sigma_0.01,14,70,0.09755718910174793
BLX_sigma_0.01,14,71,0.09755718910174793
BLX_sigma_0.01,14,72,0.09490791540816435
BLX_sigma_0.01,14,73,0.09490791540816435
BLX_sigma_0.01,14,74,0.09490791540816435
BLX_sigma_0.01,14,75,0.09435647688154758
BLX_sigma_0.01,14,76,0.09350086102171307
BLX_sigma_0.01,14,77,0.09315011569372256
BLX_sigma_0.01,14,78,0.0931026466866387
BLX_sigma_0.01,14,79,0.09276818136825604
BLX_sigma_0.01,14,80,0.09234031010555688
BLX_sigma_0.01,14,81,0.09184722346925867
BLX_sigma_0.01,14,82,0.09184722346925867
BLX_sigma_0.01,14,83,0.09127267835573438
BLX_sigma_0.01,14,84,0.09115724982197981
BLX_sigma_0.01,14,85,0.09096733239531818
BLX_sigma_0.01,14,86,0.09023264229112682
BLX_sigma_0.01,14,87,0.09023264229112682
BLX_sigma_0.01,14,88,0.09023264229112682
BLX_sigma_0.01,14,89,0.08993004343985067
BLX_sigma_0.01,14,90,0.0889942148796743
BLX_sigma_0.01,14,91,0.0889942148796743
BLX_sigma_0.01,14,92,0.0889942148796743
BLX_sigma_0.01,14,93,0.0889942148796743
BLX_sigma_0.01,14,94,0.08896005771211657
BLX_sigma_0.01,14,95,0.0888595407590087
BLX_sigma_0.01,14,96,0.0888595407590087
BLX_sigma_0.01,14,97,0.08883175188352677
BLX_sigma_0.01,14,98,0.08407961698506028
BLX_sigma_0.01,14,99,0.08407961698506028
BLX_sigma_0.01,14,100,0.08407961698506028
BLX_sigma_0.01,14,101,0.08407961698506028
BLX_sigma_0.01,14,102,0.07494757362622972
BLX_sigma_0.01,14,103,0.07494757362622972
BLX_sigma_0.01,14,104,0.07494757362622972
BLX_sigma_0.01,14,105,0.07494757362622972
BLX_sigma_0.01,14,106,0.07494757362622972
BLX_sigma_0.01,14,107,0.07494757362622972
BLX_sigma_0.01,14,108,0.07494757362622972
BLX_sigma_0.01,14,109,0.06798941214196352
BLX_sigma_0.01,14,110,0.06798941214196352
BLX_sigma_0.01,14,111,0.06798941214196352
BLX_sigma_0.01,14,112,0.06798941214196352
BLX_sigma_0.01,14,113,0.06798941214196352
BLX_sigma_0.01,14,114,0.06798941214196352
BLX_sigma_0.01,14,115,0.06798941214196352
BLX_sigma_0.01,14,116,0.0679194022616515
BLX_sigma_0.01,14,117,0.0679194022616515
BLX_sigma_0.01,14,118,0.0679194022616515
BLX_sigma_0.01,14,119,0.05268969820072844
BLX_sigma_0.01,14,120,0.05268969820072844
BLX_sigma_0.01,14,121,0.05268969820072844
BLX_sigma_0.01,14,122,0.05268969820072844
BLX_sigma_0.01,14,123,0.05268969820072844
BLX_sigma_0.01,14,124,0.05268969820072844
BLX_sigma_0.01,14,125,0.05268969820072844
BLX_sigma_0.01,14,126,0.05268969820072844
BLX_sigma_0.01,14,127,0.05268969820072844
BLX_sigma_0.01,14,128,0.05268969820072844
BLX_sigma_0.01,14,129,0.05268969820072844
BLX_sigma_0.01,14,130,0.05268969820072844
BLX_sigma_0.01,14,131,0.0526653877011507
BLX_sigma_0.01,14,132,0.0526653877011507
BLX_sigma_0.01,14,133,0.05250798094300935
BLX_sigma_0.01,14,134,0.05250798094300935
BLX_sigma_0.01,14,135,0.05250798094300935
BLX_sigma_0.01,14,136,0.05250798094300935
BLX_sigma_0.01,14,137,0.0523946344824483
BLX_sigma_0.01,14,138,0.05238564943564206
BLX_sigma_0.01,14,139,0.05238564943564206
BLX_sigma_0.01,14,140,0.05238564943564206
BLX_sigma_0.01,14,141,0.05238234569962208
BLX_sigma_0.01,14,142,0.052340934642365555
BLX_sigma_0.01,14,143,0.052324876356328875
BLX_sigma_0.01,14,144,0.052324876356328875
BLX_sigma_0.01,14,145,0.052324876356328875
BLX_sigma_0.01,14,146,0.05230116390765094
BLX_sigma_0.01,14,147,0.05230116390765094
BLX_sigma_0.01,14,148,0.05230116390765094
BLX_sigma_0.01,14,149,0.05230116390765094
BLX_sigma_0.01,14,150,0.05230116390765094
BLX_sigma_0.01,14,151,0.05230116390765094
BLX_sigma_0.01,14,152,0.05229409260349127
BLX_sigma_0.01,14,153,0.05228728652392134
BLX_sigma_0.01,14,154,0.052286235976427675
BLX_sigma_0.01,14,155,0.04379992464925453
BLX_sigma_0.01,14,156,0.04379992464925453
BLX_sigma_0.01,14,157,0.04379992464925453
BLX_sigma_0.01,14,158,0.04379992464925453
BLX_sigma_0.01,14,159,0.04379992464925453
BLX_sigma_0.01,14,160,0.04379992464925453
BLX_sigma_0.01,14,161,0.04379992464925453
BLX_sigma_0.01,14,162,0.04379992464925453
BLX_sigma_0.01,14,163,0.04379992464925453
BLX_sigma_0.01,14,164,0.04379992464925453
BLX_sigma_0.01,14,165,0.04379992464925453
BLX_sigma_0.01,14,166,0.04379992464925453
BLX_sigma_0.01,14,167,0.04379992464925453
BLX_sigma_0.01,15,0,69.01815668257895
BLX_sigma_0.01,15,1,53.47349343046393
BLX_sigma_0.01,15,2,47.08331941618886
BLX_sigma_0.01,15,3,31.225480770879663
BLX_sigma_0.01,15,4,19.58637214653963
BLX_sigma_0.01,15,5,16.177878653567152
BLX_sigma_0.01,15,6,11.501294813726963
BLX_sigma_0.01,15,7,7.12697665820287
BLX_sigma_0.01,15,8,3.5239861362617524
BLX_sigma_0.01,15,9,3.4910452893586315
BLX_sigma_0.01,15,10,2.5944637904092556
BLX_sigma_0.01,15,11,1.9052352389526694
BLX_sigma_0.01,15,12,1.65655696193855
BLX_sigma_0.01,15,13,1.4303740041782966
BLX_sigma_0.01,15,14,1.1675067146724176
BLX_sigma_0.01,15,15,1.166563277687382
BLX_sigma_0.01,15,16,1.166563277687382
BLX_sigma_0.01,15,17,1.1270974230060602
BLX_sigma_0.01,15,18,0.9806495865208954
BLX_sigma_0.01,15,19,0.9806495865208954
BLX_sigma_0.01,15,20,0.9806495865208954
BLX_sigma_0.01,15,21,0.9548488960780938
BLX_sigma_0.01,15,22,0.8244499373081573
BLX_sigma_0.01,15,23,0.8244499373081573
BLX_sigma_0.01,15,24,0.8244499373081573
BLX_sigma_0.01,15,25,0.8244499373081573
BLX_sigma_0.01,15,26,0.7250626135118979
BLX_sigma_0.01,15,27,0.7250626135118979
BLX_sigma_0.01,15,28,0.7250626135118979
BLX_sigma_0.01,15,29,0.7250626135118979
BLX_sigma_0.01,15,30,0.574128468351075
BLX_sigma_0.01,15,31,0.574128468351075
BLX_sigma_0.01,15,32,0.574128468351075
BLX_sigma_0.01,15,33,0.5728695146781467
BLX_sigma_0.01,15,34,0.5728695146781467
BLX_sigma_0.01,15,35,0.5728695146781467
BLX_sigma_0.01,15,36,0.5728695146781467
BLX_sigma_0.01,15,37,0.5073292390197803
BLX_sigma_0.01,15,38,0.5073292390197803
BLX_sigma_0.01,15,39,0.46663285890805906
BLX_sigma_0.01,15,40,0.46663285890805906
BLX_sigma_0.01,15,41,0.34728504884524314
BLX_sigma_0.01,15,42,0.34728504884524314
BLX_sigma_0.01,15,43,0.34728504884524314
BLX_sigma_0.01,15,44,0.34728504884524314
BLX_sigma_0.01,15,45,0.268661015784608
BLX_sigma_0.01,15,46,0.268661015784608
BLX_sigma_0.01,15,47,0.268661015784608
BLX_sigma_0.01,15,48,0.268661015784608
BLX_sigma_0.01,15,49,0.268661015784608
BLX_sigma_0.01,15,50,0.268661015784608
BLX_sigma_0.01,15,51,0.24051072980839772
BLX_sigma_0.01,15,52,0.24051072980839772
BLX_sigma_0.01,15,53,0.2246870627001063
BLX_sigma_0.01,15,54,0.17216790632551338
BLX_sigma_0.01,15,55,0.14285304998409898
BLX_sigma_0.01,15,56,0.13891396548599644
BLX_sigma_0.01,15,57,0.12659678971030963
BLX_sigma_0.01,15,58,0.11452954948123562
BLX_sigma_0.01,15,59,0.10589569239412822
BLX_sigma_0.01,15,60,0.10062657976594191
BLX_sigma_0.01,15,61,0.10062657976594191
BLX_sigma_0.01,15,62,0.09628337748333549
BLX_sigma_0.01,15,63,0.09444791156712762
BLX_sigma_0.01,15,64,0.09333186486024081
BLX_sigma_0.01,15,65,0.08856394775248821
BLX_sigma_0.01,15,66,0.08856394775248821
BLX_sigma_0.01,15,67,0.07341222638879652
BLX_sigma_0.01,15,68,0.07148384827712273
BLX_sigma_0.01,15,69,0.06800484478460267
BLX_sigma_0.01,15,70,0.06560920407093729
BLX_sigma_0.01,15,71,0.06371393400453185
BLX_sigma_0.01,15,72,0.061123623231036595
BLX_sigma_0.01,15,73,0.061123623231036595
BLX_sigma_0.01,15,74,0.061123623231036595
BLX_sigma_0.01,15,75,0.05502808292916872
BLX_sigma_0.01,15,76,0.05502808292916872
BLX_sigma_0.01,15,77,0.05430634125794043
BLX_sigma_0.01,15,78,0.0541536831945616
BLX_sigma_0.01,15,79,0.049750339152791256
BLX_sigma_0.01,15,80,0.049750339152791256
BLX_sigma_0.01,15,81,0.049665852292972934
BLX_sigma_0.01,15,82,0.049665852292972934
BLX_sigma_0.01,15,83,0.049665852292972934
BLX_sigma_0.01,15,84,0.049146572662478794
BLX_sigma_0.01,15,85,0.0440664320361307
BLX_sigma_0.01,15,86,0.04391020005467272
BLX_sigma_0.01,15,87,0.04391020005467272
BLX_sigma_0.01,15,88,0.04378503658320476
BLX_sigma_0.01,15,89,0.0417621852436445
BLX_sigma_0.01,15,90,0.0417621852436445
BLX_sigma_0.01,15,91,0.03946192017871386
BLX_sigma_0.01,15,92,0.037964217745912965
BLX_sigma_0.01,15,93,0.037964217745912965
BLX_sigma_0.01,15,94,0.03760947874008291
BLX_sigma_0.01,15,95,0.03760947874008291
BLX_sigma_0.01,15,96,0.03670110614259958
BLX_sigma_0.01,15,97,0.03670110614259958
BLX_sigma_0.01,15,98,0.03651838269088381
BLX_sigma_0.01,15,99,0.036312320324482394
BLX_sigma_0.01,15,100,0.03622581873123487
BLX_sigma_0.01,15,101,0.03598339519164029
BLX_sigma_0.01,15,102,0.03322970667348224
BLX_sigma_0.01,15,103,0.03322970667348224
BLX_sigma_0.01,15,104,0.03318102706333337
BLX_sigma_0.01,15,105,0.03318102706333337
BLX_sigma_0.01,15,106,0.03315080742352772
BLX_sigma_0.01,15,107,0.03313307078699723
BLX_sigma_0.01,15,108,0.032958453995107106
BLX_sigma_0.01,15,109,0.032958453995107106
BLX_sigma_0.01,15,110,0.032958453995107106
BLX_sigma_0.01,15,111,0.032958453995107106
BLX_sigma_0.01,15,112,0.032958453995107106
BLX_sigma_0.01,15,113,0.032855737265077734
BLX_sigma_0.01,15,114,0.032855737265077734
BLX_sigma_0.01,15,115,0.032855737265077734
BLX_sigma_0.01,15,116,0.03285173285416343
BLX_sigma_0.01,15,117,0.032845683182457175
BLX_sigma_0.01,15,118,0.032845683182457175
BLX_sigma_0.01,15,119,0.03284437675518803
BLX_sigma_0.01,15,120,0.03278605514415178
BLX_sigma_0.01,15,121,0.03278605514415178
BLX_sigma_0.01,15,122,0.03278605514415178
BLX_sigma_0.01,15,123,0.03278605514415178
BLX_sigma_0.01,15,124,0.03278605514415178
BLX_sigma_0.01,15,125,0.03278605514415178
BLX_sigma_0.01,15,126,0.03278605514415178
BLX_sigma_0.01,15,127,0.03278605514415178
BLX_sigma_0.01,15,128,0.03278605514415178
BLX_sigma_0.01,15,129,0.03278605514415178
BLX_sigma_0.01,15,130,0.03278605514415178
BLX_sigma_0.01,15,131,0.03278605514415178
BLX_sigma_0.01,15,132,0.03278605514415178
BLX_sigma_0.01,15,133,0.03278605514415178
BLX_sigma_0.01,15,134,0.03278605514415178
BLX_sigma_0.01,15,135,0.03278605514415178
BLX_sigma_0.01,15,136,0.03278605514415178
BLX_sigma_0.01,15,137,0.03278605514415178
BLX_sigma_0.01,15,138,0.03278605514415178
BLX_sigma_0.01,15,139,0.03278605514415178
BLX_sigma_0.01,15,140,0.03237134392510799
BLX_sigma_0.01,15,141,0.03237134392510799
BLX_sigma_0.01,15,142,0.03237134392510799
BLX_sigma_0.01,15,143,0.03237134392510799
BLX_sigma_0.01,15,144,0.032231687520189345
BLX_sigma_0.01,15,145,0.03221108634996894
BLX_sigma_0.01,15,146,0.03221108634996894
BLX_sigma_0.01,15,147,0.03221057519243775
BLX_sigma_0.01,15,148,0.03219870921374757
BLX_sigma_0.01,15,149,0.03219601844674802
BLX_sigma_0.01,15,150,0.032195861201897435
BLX_sigma_0.01,15,151,0.03219582603413562
BLX_sigma_0.01,15,152,0.03219582603413562
BLX_sigma_0.01,15,153,0.032195811054713364
BLX_sigma_0.01,15,154,0.032195811054713364
BLX_sigma_0.01,15,155,0.0321958099408165
BLX_sigma_0.01,15,156,0.0321958099408165
BLX_sigma_0.01,15,157,0.032195809895438465
BLX_sigma_0.01,15,158,0.032195809892273886
BLX_sigma_0.01,15,159,0.032195809892264116
BLX_sigma_0.01,15,160,0.03219580989132076
BLX_sigma_0.01,15,161,0.03219580989117654
BLX_sigma_0.01,15,162,0.032195809891160554
BLX_sigma_0.01,15,163,0.032195809891157
BLX_sigma_0.01,15,164,0.032195809891157
BLX_sigma_0.01,15,165,0.03219580989115667
BLX_sigma_0.01,15,166,0.03219580989115667
BLX_sigma_0.01,15,167,0.03219580989115667
BLX_sigma_0.01,16,0,137.65378453900192
BLX_sigma_0.01,16,1,81.17745266241761
BLX_sigma_0.01,16,2,46.54911155521021
BLX_sigma_0.01,16,3,43.45875870621132
BLX_sigma_0.01,16,4,22.561790639792154
BLX_sigma_0.01,16,5,13.540328569160891
BLX_sigma_0.01,16,6,7.929207466292986
BLX_sigma_0.01,16,7,5.612880200030693
BLX_sigma_0.01,16,8,3.7563998036496433
BLX_sigma_0.01,16,9,3.623520729654867
BLX_sigma_0.01,16,10,2.840713140189162
BLX_sigma_0.01,16,11,1.9420965800985048
BLX_sigma_0.01,16,12,1.5178806434597922
BLX_sigma_0.01,16,13,1.4317061952397698
BLX_sigma_0.01,16,14,1.2647398312642555
BLX_sigma_0.01,16,15,1.1604669104181429
BLX_sigma_0.01,16,16,1.1160254588122198
BLX_sigma_0.01,16,17,1.0079513723408442
BLX_sigma_0.01,16,18,1.0079513723408442
BLX_sigma_0.01,16,19,0.9801149455038483
BLX_sigma_0.01,16,20,0.6722705186414473
BLX_sigma_0.01,16,21,0.6722705186414473
BLX_sigma_0.01,16,22,0.6722705186414473
BLX_sigma_0.01,16,23,0.6722705186414473
BLX_sigma_0.01,16,24,0.6537904767657242
BLX_sigma_0.01,16,25,0.6537904767657242
BLX_sigma_0.01,16,26,0.6537904767657242
BLX_sigma_0.01,16,27,0.6537904767657242
BLX_sigma_0.01,16,28,0.4564652145692486
BLX_sigma_0.01,16,29,0.4271644516621258
BLX_sigma_0.01,16,30,0.4271644516621258
BLX_sigma_0.01,16,31,0.4271644516621258
BLX_sigma_0.01,16,32,0.36764066836238174
BLX_sigma_0.01,16,33,0.3593282616554394
BLX_sigma_0.01,16,34,0.3593282616554394
BLX_sigma_0.01,16,35,0.24468441427334686
BLX_sigma_0.01,16,36,0.24468441427334686
BLX_sigma_0.01,16,37,0.24468441427334686
BLX_sigma_0.01,16,38,0.24468441427334686
BLX_sigma_0.01,16,39,0.24468441427334686
BLX_sigma_0.01,16,40,0.23212353416476472
BLX_sigma_0.01,16,41,0.23212353416476472
BLX_sigma_0.01,16,42,0.22457337315098436
BLX_sigma_0.01,16,43,0.18360561564290645
BLX_sigma_0.01,16,44,0.16824693011236225
BLX_sigma_0.01,16,45,0.16576085959266862
BLX_sigma_0.01,16,46,0.1227047740448659
BLX_sigma_0.01,16,47,0.1227047740448659
BLX_sigma_0.01,16,48,0.11605536886358148
BLX_sigma_0.01,16,49,0.08765923065003867
BLX_sigma_0.01,16,50,0.08765923065003867
BLX_sigma_0.01,16,51,0.05911142060630159
BLX_sigma_0.01,16,52,0.05911142060630159
BLX_sigma_0.01,16,53,0.04109424926943295
BLX_sigma_0.01,16,54,0.04109424926943295
BLX_sigma_0.01,16,55,0.03889145745430833
BLX_sigma_0.01,16,56,0.03889145745430833
BLX_sigma_0.01,16,57,0.037685823158166376
BLX_sigma_0.01,16,58,0.035239782712191525
BLX_sigma_0.01,16,59,0.026085665072922537
BLX_sigma_0.01,16,60,0.026085665072922537
BLX_sigma_0.01,16,61,0.026085665072922537
BLX_sigma_0.01,16,62,0.024845750954374468
BLX_sigma_0.01,16,63,0.024845750954374468
BLX_sigma_0.01,16,64,0.022153011443048487
BLX_sigma_0.01,16,65,0.022153011443048487
BLX_sigma_0.01,16,66,0.022153011443048487
BLX_sigma_0.01,16,67,0.02121236221838696
BLX_sigma_0.01,16,68,0.02121236221838696
BLX_sigma_0.01,16,69,0.021170564275791448
BLX_sigma_0.01,16,70,0.020962597150642748
BLX_sigma_0.01,16,71,0.02035982900052169
BLX_sigma_0.01,16,72,0.02035982900052169
BLX_sigma_0.01,16,73,0.02029241848280927
BLX_sigma_0.01,16,74,0.01979528905070238
BLX_sigma_0.01,16,75,0.01944934999481318
BLX_sigma_0.01,16,76,0.018898525863260907
BLX_sigma_0.01,16,77,0.018898525863260907
BLX_sigma_0.01,16,78,0.018898525863260907
BLX_sigma_0.01,16,79,0.018898525863260907
BLX_sigma_0.01,16,80,0.018898525863260907
BLX_sigma_0.01,16,81,0.018787300641169624
BLX_sigma_0.01,16,82,0.018787300641169624
BLX_sigma_0.01,16,83,0.018787300641169624
BLX_sigma_0.01,16,84,0.018720720096034316
BLX_sigma_0.01,16,85,0.018599765739806484
BLX_sigma_0.01,16,86,0.018599765739806484
BLX_sigma_0.01,16,87,0.018599765739806484
BLX_sigma_0.01,16,88,0.01853710755863991
BLX_sigma_0.01,16,89,0.01853710755863991
BLX_sigma_0.01,16,90,0.01852226096528964
BLX_sigma_0.01,16,91,0.01847793127396158
BLX_sigma_0.01,16,92,0.018477920909439338
BLX_sigma_0.01,16,93,0.018397376954576217
BLX_sigma_0.01,16,94,0.018397376954576217
BLX_sigma_0.01,16,95,0.018388042146639805
BLX_sigma_0.01,16,96,0.018356393144571825
BLX_sigma_0.01,16,97,0.018356393144571825
BLX_sigma_0.01,16,98,0.018356393144571825
BLX_sigma_0.01,16,99,0.018348303063887572
BLX_sigma_0.01,16,100,0.018312109055532266
BLX_sigma_0.01,16,101,0.018312109055532266
BLX_sigma_0.01,16,102,0.018312109055532266
BLX_sigma_0.01,16,103,0.01830987565766662
BLX_sigma_0.01,16,104,0.01830987565766662
BLX_sigma_0.01,16,105,0.01830070880115786
BLX_sigma_0.01,16,106,0.01830070880115786
BLX_sigma_0.01,16,107,0.018292545576445773
BLX_sigma_0.01,16,108,0.01828784684154794
BLX_sigma_0.01,16,109,0.018285966627117456
BLX_sigma_0.01,16,110,0.01828020329601321
BLX_sigma_0.01,16,111,0.0182785879203744
BLX_sigma_0.01,16,112,0.01621860484526061
BLX_sigma_0.01,16,113,0.01621860484526061
BLX_sigma_0.01,16,114,0.01621860484526061
BLX_sigma_0.01,16,115,0.01621860484526061
BLX_sigma_0.01,16,116,0.01621860484526061
BLX_sigma_0.01,16,117,0.01621860484526061
BLX_sigma_0.01,16,118,0.01621860484526061
BLX_sigma_0.01,16,119,0.01621860484526061
BLX_sigma_0.01,16,120,0.01621860484526061
BLX_sigma_0.01,16,121,0.01621860484526061
BLX_sigma_0.01,16,122,0.01621860484526061
BLX_sigma_0.01,16,123,0.01621860484526061
BLX_sigma_0.01,16,124,0.01621860484526061
BLX_sigma_0.01,16,125,0.01621860484526061
BLX_sigma_0.01,16,126,0.016170653222785214
BLX_sigma_0.01,16,127,0.016005417530176147
BLX_sigma_0.01,16,128,0.016005417530176147
BLX_sigma_0.01,16,129,0.016005417530176147
BLX_sigma_0.01,16,130,0.015961432869534664
BLX_sigma_0.01,16,131,0.015961432869534664
BLX_sigma_0.01,16,132,0.015961432869534664
BLX_sigma_0.01,16,133,0.015951205080547814
BLX_sigma_0.01,16,134,0.015951205080547814
BLX_sigma_0.01,16,135,0.015947964060942676
BLX_sigma_0.01,16,136,0.015942347286970526
BLX_sigma_0.01,16,137,0.015942347286970526
BLX_sigma_0.01,16,138,0.015935348272404726
BLX_sigma_0.01,16,139,0.015935158353236445
BLX_sigma_0.01,16,140,0.015935158353236445
BLX_sigma_0.01,16,141,0.01593216091746752
BLX_sigma_0.01,16,142,0.015931165456170793
BLX_sigma_0.01,16,143,0.0159310391748253
BLX_sigma_0.01,16,144,0.01592693208683371
BLX_sigma_0.01,16,145,0.015822557470672405
BLX_sigma_0.01,16,146,0.015813145719650423
BLX_sigma_0.01,16,147,0.01581236428615962
BLX_sigma_0.01,16,148,0.01581236428615962
BLX_sigma_0.01,16,149,0.015812004506083666
BLX_sigma_0.01,16,150,0.015810636344819495
BLX_sigma_0.01,16,151,0.015810636344819495
BLX_sigma_0.01,16,152,0.01581049968926862
BLX_sigma_0.01,16,153,0.015809444803916328
BLX_sigma_0.01,16,154,0.015809444803916328
BLX_sigma_0.01,16,155,0.015808660142401454
BLX_sigma_0.01,16,156,0.015808660142401454
BLX_sigma_0.01,16,157,0.015808660142401454
BLX_sigma_0.01,16,158,0.015808099772604778
BLX_sigma_0.01,16,159,0.015808099772604778
BLX_sigma_0.01,16,160,0.015808022239495956
BLX_sigma_0.01,16,161,0.01580777506622688
BLX_sigma_0.01,16,162,0.01580777506622688
BLX_sigma_0.01,16,163,0.01580766196998029
BLX_sigma_0.01,16,164,0.015807224874393566
BLX_sigma_0.01,16,165,0.01580720793693524
BLX_sigma_0.01,16,166,0.015807147860060322
BLX_sigma_0.01,16,167,0.01505248669989645
BLX_sigma_0.01,17,0,107.9229504760342
BLX_sigma_0.01,17,1,74.46802154916806
BLX_sigma_0.01,17,2,37.29835547707942
BLX_sigma_0.01,17,3,27.058923475870824
BLX_sigma_0.01,17,4,15.534483141337448
BLX_sigma_0.01,17,5,9.86405028119128
BLX_sigma_0.01,17,6,5.807577293942497
BLX_sigma_0.01,17,7,3.6043545594025157
BLX_sigma_0.01,17,8,2.6530235573266574
BLX_sigma_0.01,17,9,2.174588424589472
BLX_sigma_0.01,17,10,1.7616425414703376
BLX_sigma_0.01,17,11,1.5356286694657153
BLX_sigma_0.01,17,12,1.3327548683892616
BLX_sigma_0.01,17,13,1.3327548683892616
BLX_sigma_0.01,17,14,1.1646144289851668
BLX_sigma_0.01,17,15,1.1646144289851668
BLX_sigma_0.01,17,16,1.0798193175617405
BLX_sigma_0.01,17,17,1.0535237385193328
BLX_sigma_0.01,17,18,0.9021673290504513
BLX_sigma_0.01,17,19,0.9021673290504513
BLX_sigma_0.01,17,20,0.9021673290504513
BLX_sigma_0.01,17,21,0.9021673290504513
BLX_sigma_0.01,17,22,0.8607374007134967
BLX_sigma_0.01,17,23,0.5711182452777903
BLX_sigma_0.01,17,24,0.5711182452777903
BLX_sigma_0.01,17,25,0.5711182452777903
BLX_sigma_0.01,17,26,0.5711182452777903
BLX_sigma_0.01,17,27,0.5711182452777903
BLX_sigma_0.01,17,28,0.5711182452777903
BLX_sigma_0.01,17,29,0.5022425844801844
BLX_sigma_0.01,17,30,0.5022425844801844
BLX_sigma_0.01,17,31,0.3589940219621369
BLX_sigma_0.01,17,32,0.3589940219621369
BLX_sigma_0.01,17,33,0.3589940219621369
BLX_sigma_0.01,17,34,0.3589940219621369
BLX_sigma_0.01,17,35,0.3589940219621369
BLX_sigma_0.01,17,36,0.3589940219621369
BLX_sigma_0.01,17,37,0.3589940219621369
BLX_sigma_0.01,17,38,0.3589940219621369
BLX_sigma_0.01,17,39,0.3589940219621369
BLX_sigma_0.01,17,40,0.3589940219621369
BLX_sigma_0.01,17,41,0.3364386286255937
BLX_sigma_0.01,17,42,0.3364386286255937
BLX_sigma_0.01,17,43,0.3364386286255937
BLX_sigma_0.01,17,44,0.2788667462122586
BLX_sigma_0.01,17,45,0.2788667462122586
BLX_sigma_0.01,17,46,0.24619126648013556
BLX_sigma_0.01,17,47,0.23137604733743433
BLX_sigma_0.01,17,48,0.23137604733743433
BLX_sigma_0.01,17,49,0.22837826796708482
BLX_sigma_0.01,17,50,0.205843093202292
BLX_sigma_0.01,17,51,0.15439821355006533
BLX_sigma_0.01,17,52,0.15037138477466727
BLX_sigma_0.01,17,53,0.14208641721445836
BLX_sigma_0.01,17,54,0.13583705894307596
BLX_sigma_0.01,17,55,0.11157049627637194
BLX_sigma_0.01,17,56,0.09104299245216907
BLX_sigma_0.01,17,57,0.08326706578901
BLX_sigma_0.01,17,58,0.08326706578901
BLX_sigma_0.01,17,59,0.06706109616362099
BLX_sigma_0.01,17,60,0.06647421078825344
BLX_sigma_0.01,17,61,0.06647421078825344
BLX_sigma_0.01,17,62,0.05694313132799056
BLX_sigma_0.01,17,63,0.055079631720381994
BLX_sigma_0.01,17,64,0.0523556654411943
BLX_sigma_0.01,17,65,0.04270105125722001
BLX_sigma_0.01,17,66,0.04270105125722001
BLX_sigma_0.01,17,67,0.03424710967620859
BLX_sigma_0.01,17,68,0.02405617592482634
BLX_sigma_0.01,17,69,0.02405617592482634
BLX_sigma_0.01,17,70,0.02405617592482634
BLX_sigma_0.01,17,71,0.02405617592482634
BLX_sigma_0.01,17,72,0.02405617592482634
BLX_sigma_0.01,17,73,0.02405617592482634
BLX_sigma_0.01,17,74,0.023007495012879686
BLX_sigma_0.01,17,75,0.023007495012879686
BLX_sigma_0.01,17,76,0.023007495012879686
BLX_sigma_0.01,17,77,0.021912276254364982
BLX_sigma_0.01,17,78,0.021504295135194806
BLX_sigma_0.01,17,79,0.020076102247102323
BLX_sigma_0.01,17,80,0.018733501173696543
BLX_sigma_0.01,17,81,0.018733501173696543
BLX_sigma_0.01,17,82,0.01605753998211268
BLX_sigma_0.01,17,83,0.01605753998211268
BLX_sigma_0.01,17,84,0.01605753998211268
BLX_sigma_0.01,17,85,0.01416083666713741
BLX_sigma_0.01,17,86,0.01416083666713741
BLX_sigma_0.01,17,87,0.01416083666713741
BLX_sigma_0.01,17,88,0.014117633310307798
BLX_sigma_0.01,17,89,0.013876862837947201
BLX_sigma_0.01,17,90,0.012772467104424812
BLX_sigma_0.01,17,91,0.012772467104424812
BLX_sigma_0.01,17,92,0.012772467104424812
BLX_sigma_0.01,17,93,0.012219019975864498
BLX_sigma_0.01,17,94,0.011743773315353812
BLX_sigma_0.01,17,95,0.011743773315353812
BLX_sigma_0.01,17,96,0.011743773315353812
BLX_sigma_0.01,17,97,0.011273970703568392
BLX_sigma_0.01,17,98,0.011273970703568392
BLX_sigma_0.01,17,99,0.011273970703568392
BLX_sigma_0.01,17,100,0.011273970703568392
BLX_sigma_0.01,17,101,0.011195843624842272
BLX_sigma_0.01,17,102,0.01117839486790273
BLX_sigma_0.01,17,103,0.01117427114648506
BLX_sigma_0.01,17,104,0.011093704374796065
BLX_sigma_0.01,17,105,0.011093704374796065
BLX_sigma_0.01,17,106,0.011093704374796065
BLX_sigma_0.01,17,107,0.01106327558917708
BLX_sigma_0.01,17,108,0.011062818382021722
BLX_sigma_0.01,17,109,0.011059246791133681
BLX_sigma_0.01,17,110,0.011009133925071968
BLX_sigma_0.01,17,111,0.010998448780792813
BLX_sigma_0.01,17,112,0.010952360695109853
BLX_sigma_0.01,17,113,0.010933262152458822
BLX_sigma_0.01,17,114,0.010933262152458822
BLX_sigma_0.01,17,115,0.01092917160625173
BLX_sigma_0.01,17,116,0.010872789495513402
BLX_sigma_0.01,17,117,0.010872789495513402
BLX_sigma_0.01,17,118,0.010872789495513402
BLX_sigma_0.01,17,119,0.010872789495513402
BLX_sigma_0.01,17,120,0.010872789495513402
BLX_sigma_0.01,17,121,0.010872789495513402
BLX_sigma_0.01,17,122,0.010847260002825876
BLX_sigma_0.01,17,123,0.010847260002825876
BLX_sigma_0.01,17,124,0.01084527679938807
BLX_sigma_0.01,17,125,0.010837325049428914
BLX_sigma_0.01,17,126,0.010834550257772024
BLX_sigma_0.01,17,127,0.010821514808422972
BLX_sigma_0.01,17,128,0.010821514808422972
BLX_sigma_0.01,17,129,0.010821514808422972
BLX_sigma_0.01,17,130,0.010821514808422972
BLX_sigma_0.01,17,131,0.010821514808422972
BLX_sigma_0.01,17,132,0.010818791273360273
BLX_sigma_0.01,17,133,0.010815818107551833
BLX_sigma_0.01,17,134,0.010811020218693623
BLX_sigma_0.01,17,135,0.010811020218693623
BLX_sigma_0.01,17,136,0.010811020218693623
BLX_sigma_0.01,17,137,0.010810181246220019
BLX_sigma_0.01,17,138,0.01080819045360859
BLX_sigma_0.01,17,139,0.010805793710626621
BLX_sigma_0.01,17,140,0.010800867813461013
BLX_sigma_0.01,17,141,0.010800867813461013
BLX_sigma_0.01,17,142,0.010800867813461013
BLX_sigma_0.01,17,143,0.010799739824924437
BLX_sigma_0.01,17,144,0.010798922492831653
BLX_sigma_0.01,17,145,0.010798406978991482
BLX_sigma_0.01,17,146,0.010793774437405035
BLX_sigma_0.01,17,147,0.0107935107365279
BLX_sigma_0.01,17,148,0.010792118016774599
BLX_sigma_0.01,17,149,0.010789103202983652
BLX_sigma_0.01,17,150,0.010787900730083289
BLX_sigma_0.01,17,151,0.010784570620265388
BLX_sigma_0.01,17,152,0.010784570620265388
BLX_sigma_0.01,17,153,0.010784570620265388
BLX_sigma_0.01,17,154,0.010784570620265388
BLX_sigma_0.01,17,155,0.010784570620265388
BLX_sigma_0.01,17,156,0.010782739411358544
BLX_sigma_0.01,17,157,0.010782304481634086
BLX_sigma_0.01,17,158,0.010782304481634086
BLX_sigma_0.01,17,159,0.010781910248548354
BLX_sigma_0.01,17,160,0.010781910248548354
BLX_sigma_0.01,17,161,0.010781324700696815
BLX_sigma_0.01,17,162,0.01077973779543051
BLX_sigma_0.01,17,163,0.01077973779543051
BLX_sigma_0.01,17,164,0.01077973779543051
BLX_sigma_0.01,17,165,0.01012384625377738
BLX_sigma_0.01,17,166,0.01010412320231191
BLX_sigma_0.01,17,167,0.01010412320231191
BLX_sigma_0.01,18,0,138.29107245282609
BLX_sigma_0.01,18,1,51.74316219526117
BLX_sigma_0.01,18,2,30.139842406187576
BLX_sigma_0.01,18,3,18.933241674840055
BLX_sigma_0.01,18,4,11.505646448540446
BLX_sigma_0.01,18,5,8.720765749252191
BLX_sigma_0.01,18,6,5.940882039095309
BLX_sigma_0.01,18,7,2.9113769205673155
BLX_sigma_0.01,18,8,2.827255058624366
BLX_sigma_0.01,18,9,2.005819016268272
BLX_sigma_0.01,18,10,1.591826626821039
BLX_sigma_0.01,18,11,1.287287867016437
BLX_sigma_0.01,18,12,1.1365933731543199
BLX_sigma_0.01,18,13,1.0708018011948737
BLX_sigma_0.01,18,14,1.0660049283206752
BLX_sigma_0.01,18,15,1.0319919991240822
BLX_sigma_0.01,18,16,0.9941141816802666
BLX_sigma_0.01,18,17,0.9907047226326245
BLX_sigma_0.01,18,18,0.9632974948469583
BLX_sigma_0.01,18,19,0.7917500708087106
BLX_sigma_0.01,18,20,0.7917500708087106
BLX_sigma_0.01,18,21,0.6039002590329191
BLX_sigma_0.01,18,22,0.5401543729168328
BLX_sigma_0.01,18,23,0.5401543729168328
BLX_sigma_0.01,18,24,0.5215780139653864
BLX_sigma_0.01,18,25,0.5215780139653864
BLX_sigma_0.01,18,26,0.5052797987105393
BLX_sigma_0.01,18,27,0.5052797987105393
BLX_sigma_0.01,18,28,0.5052797987105393
BLX_sigma_0.01,18,29,0.5052797987105393
BLX_sigma_0.01,18,30,0.45054751891796585
BLX_sigma_0.01,18,31,0.45054751891796585
BLX_sigma_0.01,18,32,0.44323437554746836
BLX_sigma_0.01,18,33,0.44323437554746836
BLX_sigma_0.01,18,34,0.3410094880839135
BLX_sigma_0.01,18,35,0.318574907920794
BLX_sigma_0.01,18,36,0.2823706725872219
BLX_sigma_0.01,18,37,0.2823706725872219
BLX_sigma_0.01,18,38,0.2823706725872219
BLX_sigma_0.01,18,39,0.26732865652771753
BLX_sigma_0.01,18,40,0.23116106958602278
BLX_sigma_0.01,18,41,0.23116106958602278
BLX_sigma_0.01,18,42,0.20806487418020736
BLX_sigma_0.01,18,43,0.20806487418020736
BLX_sigma_0.01,18,44,0.20806487418020736
BLX_sigma_0.01,18,45,0.15393705050342832
BLX_sigma_0.01,18,46,0.10349749427504606
BLX_sigma_0.01,18,47,0.10349749427504606
BLX_sigma_0.01,18,48,0.10349749427504606
BLX_sigma_0.01,18,49,0.09903843838156545
BLX_sigma_0.01,18,50,0.09903843838156545
BLX_sigma_0.01,18,51,0.08817533011535217
BLX_sigma_0.01,18,52,0.07742287512620882
BLX_sigma_0.01,18,53,0.07120590197522614
BLX_sigma_0.01,18,54,0.05700916747281903
BLX_sigma_0.01,18,55,0.053793863618570525
BLX_sigma_0.01,18,56,0.04725296423223413
BLX_sigma_0.01,18,57,0.04725296423223413
BLX_sigma_0.01,18,58,0.043531901258663463
BLX_sigma_0.01,18,59,0.043531901258663463
BLX_sigma_0.01,18,60,0.043531901258663463
BLX_sigma_0.01,18,61,0.043531901258663463
BLX_sigma_0.01,18,62,0.043531901258663463
BLX_sigma_0.01,18,63,0.04342047210504196
BLX_sigma_0.01,18,64,0.02703216083741533
BLX_sigma_0.01,18,65,0.02703216083741533
BLX_sigma_0.01,18,66,0.02357665168664247
BLX_sigma_0.01,18,67,0.019772001101027947
BLX_sigma_0.01,18,68,0.019772001101027947
BLX_sigma_0.01,18,69,0.019772001101027947
BLX_sigma_0.01,18,70,0.019772001101027947
BLX_sigma_0.01,18,71,0.018152882938794357
BLX_sigma_0.01,18,72,0.018152882938794357
BLX_sigma_0.01,18,73,0.018152882938794357
BLX_sigma_0.01,18,74,0.017805039918469157
BLX_sigma_0.01,18,75,0.016991413858447713
BLX_sigma_0.01,18,76,0.016491646353562373
BLX_sigma_0.01,18,77,0.016491646353562373
BLX_sigma_0.01,18,78,0.016491646353562373
BLX_sigma_0.01,18,79,0.016491646353562373
BLX_sigma_0.01,18,80,0.016330336448466487
BLX_sigma_0.01,18,81,0.016330336448466487
BLX_sigma_0.01,18,82,0.016210147586623314
BLX_sigma_0.01,18,83,0.01603632948253353
BLX_sigma_0.01,18,84,0.01603632948253353
BLX_sigma_0.01,18,85,0.015881544982340623
BLX_sigma_0.01,18,86,0.015725624273528416
BLX_sigma_0.01,18,87,0.015552425409036452
BLX_sigma_0.01,18,88,0.00650383448191616
BLX_sigma_0.01,18,89,0.00650383448191616
BLX_sigma_0.01,18,90,0.00650383448191616
BLX_sigma_0.01,18,91,0.00650383448191616
BLX_sigma_0.01,18,92,0.00650383448191616
BLX_sigma_0.01,18,93,0.006377523864298684
BLX_sigma_0.01,18,94,0.006377523864298684
BLX_sigma_0.01,18,95,0.006377523864298684
BLX_sigma_0.01,18,96,0.006377523864298684
BLX_sigma_0.01,18,97,0.006127005827958332
BLX_sigma_0.01,18,98,0.006127005827958332
BLX_sigma_0.01,18,99,0.006127005827958332
BLX_sigma_0.01,18,100,0.005837142132503859
BLX_sigma_0.01,18,101,0.005837142132503859
BLX_sigma_0.01,18,102,0.005837142132503859
BLX_sigma_0.01,18,103,0.005837142132503859
BLX_sigma_0.01,18,104,0.00574462199626713
BLX_sigma_0.01,18,105,0.00574462199626713
BLX_sigma_0.01,18,106,0.005462606445684859
BLX_sigma_0.01,18,107,0.005438859961743758
BLX_sigma_0.01,18,108,0.005438859961743758
BLX_sigma_0.01,18,109,0.005438859961743758
BLX_sigma_0.01,18,110,0.005438859961743758
BLX_sigma_0.01,18,111,0.005370432988309748
BLX_sigma_0.01,18,112,0.005370432988309748
BLX_sigma_0.01,18,113,0.0050375045566709575
BLX_sigma_0.01,18,114,0.004961538680019917
BLX_sigma_0.01,18,115,0.004844074530985232
BLX_sigma_0.01,18,116,0.0048266126320754
BLX_sigma_0.01,18,117,0.0048266126320754
BLX_sigma_0.01,18,118,0.0048266126320754
BLX_sigma_0.01,18,119,0.0048266126320754
BLX_sigma_0.01,18,120,0.004796793365190122
BLX_sigma_0.01,18,121,0.004796793365190122
BLX_sigma_0.01,18,122,0.004772802556663347
BLX_sigma_0.01,18,123,0.0047564267561313045
BLX_sigma_0.01,18,124,0.004726239394944987
BLX_sigma_0.01,18,125,0.0026910051648277866
BLX_sigma_0.01,18,126,0.0026910051648277866
BLX_sigma_0.01,18,127,0.0019580304159670936
BLX_sigma_0.01,18,128,0.0019580304159670936
BLX_sigma_0.01,18,129,0.001956031917075274
BLX_sigma_0.01,18,130,0.0019028944936951842
BLX_sigma_0.01,18,131,0.0019028944936951842
BLX_sigma_0.01,18,132,0.0018952818265073335
BLX_sigma_0.01,18,133,0.0018952818265073335
BLX_sigma_0.01,18,134,0.0018952818265073335
BLX_sigma_0.01,18,135,0.001892929179073688
BLX_sigma_0.01,18,136,0.0018877476379296487
BLX_sigma_0.01,18,137,0.0018877476379296487
BLX_sigma_0.01,18,138,0.0018719958891060262
BLX_sigma_0.01,18,139,0.0018719958891060262
BLX_sigma_0.01,18,140,0.0018719958891060262
BLX_sigma_0.01,18,141,0.0018695526583818456
BLX_sigma_0.01,18,142,0.001865083757558006
BLX_sigma_0.01,18,143,0.001865083757558006
BLX_sigma_0.01,18,144,0.0018632000910664415
BLX_sigma_0.01,18,145,0.0018620192821425796
BLX_sigma_0.01,18,146,0.001857924060998828
BLX_sigma_0.01,18,147,0.001857046171767185
BLX_sigma_0.01,18,148,0.001852946145127543
BLX_sigma_0.01,18,149,0.0018493927254176201
BLX_sigma_0.01,18,150,0.0018493927254176201
BLX_sigma_0.01,18,151,0.001848716763350522
BLX_sigma_0.01,18,152,0.0018470786455754284
BLX_sigma_0.01,18,153,0.0018470786455754284
BLX_sigma_0.01,18,154,0.0018467343922643487
BLX_sigma_0.01,18,155,0.001844843908974103
BLX_sigma_0.01,18,156,0.001841843691643974
BLX_sigma_0.01,18,157,0.0018402101280650118
BLX_sigma_0.01,18,158,0.0018389897393846777
BLX_sigma_0.01,18,159,0.0018389897393846777
BLX_sigma_0.01,18,160,0.0018377555436047688
BLX_sigma_0.01,18,161,0.0018377555436047688
BLX_sigma_0.01,18,162,0.0018375490674205075
BLX_sigma_0.01,18,163,0.0018371989859268245
BLX_sigma_0.01,18,164,0.0018371989859268245
BLX_sigma_0.01,18,165,0.0018371989859268245
BLX_sigma_0.01,18,166,0.001835741282067982
BLX_sigma_0.01,18,167,0.0018354078235663929
BLX_sigma_0.01,19,0,89.98372793986643
BLX_sigma_0.01,19,1,55.508510940330744
BLX_sigma_0.01,19,2,33.69608393450027
BLX_sigma_0.01,19,3,33.1847478507307
BLX_sigma_0.01,19,4,12.658421028614507
BLX_sigma_0.01,19,5,4.403220657696688
BLX_sigma_0.01,19,6,4.403220657696688
BLX_sigma_0.01,19,7,4.301050122139161
BLX_sigma_0.01,19,8,2.9970512252316346
BLX_sigma_0.01,19,9,2.2067565768438677
BLX_sigma_0.01,19,10,1.7801061260766082
BLX_sigma_0.01,19,11,1.6781551597524698
BLX_sigma_0.01,19,12,1.2727490446495804
BLX_sigma_0.01,19,13,1.140991407624396
BLX_sigma_0.01,19,14,1.140991407624396
BLX_sigma_0.01,19,15,1.0793877745722131
BLX_sigma_0.01,19,16,1.0793877745722131
BLX_sigma_0.01,19,17,1.0691778641404512
BLX_sigma_0.01,19,18,1.0473896929135258
BLX_sigma_0.01,19,19,0.9727177437238306
BLX_sigma_0.01,19,20,0.8762302285412586
BLX_sigma_0.01,19,21,0.7890987440001842
BLX_sigma_0.01,19,22,0.7148345712828006
BLX_sigma_0.01,19,23,0.6821293437913457
BLX_sigma_0.01,19,24,0.6821293437913457
BLX_sigma_0.01,19,25,0.665415517806304
BLX_sigma_0.01,19,26,0.665415517806304
BLX_sigma_0.01,19,27,0.665415517806304
BLX_sigma_0.01,19,28,0.6324770140452449
BLX_sigma_0.01,19,29,0.5340112069618126
BLX_sigma_0.01,19,30,0.5190783838595018
BLX_sigma_0.01,19,31,0.5190783838595018
BLX_sigma_0.01,19,32,0.5190783838595018
BLX_sigma_0.01,19,33,0.3384567188420432
BLX_sigma_0.01,19,34,0.3384567188420432
BLX_sigma_0.01,19,35,0.3384567188420432
BLX_sigma_0.01,19,36,0.277962922022708
BLX_sigma_0.01,19,37,0.2722857709888282
BLX_sigma_0.01,19,38,0.2722857709888282
BLX_sigma_0.01,19,39,0.16187391227833658
BLX_sigma_0.01,19,40,0.16187391227833658
BLX_sigma_0.01,19,41,0.16187391227833658
BLX_sigma_0.01,19,42,0.16187391227833658
BLX_sigma_0.01,19,43,0.16187391227833658
BLX_sigma_0.01,19,44,0.13610944171374872
BLX_sigma_0.01,19,45,0.130205834751561
BLX_sigma_0.01,19,46,0.12541917424133087
BLX_sigma_0.01,19,47,0.12095541114977837
BLX_sigma_0.01,19,48,0.12095541114977837
BLX_sigma_0.01,19,49,0.11410709605021341
BLX_sigma_0.01,19,50,0.10754916155865224
BLX_sigma_0.01,19,51,0.10128919937777114
BLX_sigma_0.01,19,52,0.10128919937777114
BLX_sigma_0.01,19,53,0.10075746436381106
BLX_sigma_0.01,19,54,0.10075746436381106
BLX_sigma_0.01,19,55,0.08534146601638104
BLX_sigma_0.01,19,56,0.08358909337586362
BLX_sigma_0.01,19,57,0.08027053063677103
BLX_sigma_0.01,19,58,0.08027053063677103
BLX_sigma_0.01,19,59,0.08013185530489342
BLX_sigma_0.01,19,60,0.0772760458762396
BLX_sigma_0.01,19,61,0.0772760458762396
BLX_sigma_0.01,19,62,0.07478829112563756
BLX_sigma_0.01,19,63,0.07454015061879815
BLX_sigma_0.01,19,64,0.0725585000030684
BLX_sigma_0.01,19,65,0.0725585000030684
BLX_sigma_0.01,19,66,0.0725585000030684
BLX_sigma_0.01,19,67,0.0725585000030684
BLX_sigma_0.01,19,68,0.07249252834631803
BLX_sigma_0.01,19,69,0.05772472390034211
BLX_sigma_0.01,19,70,0.05772472390034211
BLX_sigma_0.01,19,71,0.05730423389728312
BLX_sigma_0.01,19,72,0.05673399946465851
BLX_sigma_0.01,19,73,0.05650723758222109
BLX_sigma_0.01,19,74,0.05629795287073769
BLX_sigma_0.01,19,75,0.055516343603251195
BLX_sigma_0.01,19,76,0.055516343603251195
BLX_sigma_0.01,19,77,0.055516343603251195
BLX_sigma_0.01,19,78,0.055516343603251195
BLX_sigma_0.01,19,79,0.05537039682205647
BLX_sigma_0.01,19,80,0.05505424849457585
BLX_sigma_0.01,19,81,0.054983099529029245
BLX_sigma_0.01,19,82,0.05483150125602354
BLX_sigma_0.01,19,83,0.054767691079724345
BLX_sigma_0.01,19,84,0.054767691079724345
BLX_sigma_0.01,19,85,0.05468340504562641
BLX_sigma_0.01,19,86,0.054680088209422495
BLX_sigma_0.01,19,87,0.054680088209422495
BLX_sigma_0.01,19,88,0.054615221792759905
BLX_sigma_0.01,19,89,0.054552079331199765
BLX_sigma_0.01,19,90,0.054526423216504805
BLX_sigma_0.01,19,91,0.05448696983070622
BLX_sigma_0.01,19,92,0.05448696983070622
BLX_sigma_0.01,19,93,0.04467025564518445
BLX_sigma_0.01,19,94,0.04467025564518445
BLX_sigma_0.01,19,95,0.04467025564518445
BLX_sigma_0.01,19,96,0.04467025564518445
BLX_sigma_0.01,19,97,0.04467025564518445
BLX_sigma_0.01,19,98,0.04467025564518445
BLX_sigma_0.01,19,99,0.04467025564518445
BLX_sigma_0.01,19,100,0.04467025564518445
BLX_sigma_0.01,19,101,0.04467025564518445
BLX_sigma_0.01,19,102,0.04467025564518445
BLX_sigma_0.01,19,103,0.04467025564518445
BLX_sigma_0.01,19,104,0.04467025564518445
BLX_sigma_0.01,19,105,0.044656895850258116
BLX_sigma_0.01,19,106,0.04464964658888615
BLX_sigma_0.01,19,107,0.04460835931745266
BLX_sigma_0.01,19,108,0.04460835931745266
BLX_sigma_0.01,19,109,0.04459268050784415
BLX_sigma_0.01,19,110,0.04459268050784415
BLX_sigma_0.01,19,111,0.04458618738020892
BLX_sigma_0.01,19,112,0.044563006159174856
BLX_sigma_0.01,19,113,0.044556902071418825
BLX_sigma_0.01,19,114,0.044556902071418825
BLX_sigma_0.01,19,115,0.04455116481825527
BLX_sigma_0.01,19,116,0.04455116481825527
BLX_sigma_0.01,19,117,0.04454866120165257
BLX_sigma_0.01,19,118,0.04454866120165257
BLX_sigma_0.01,19,119,0.044546427984449743
BLX_sigma_0.01,19,120,0.04454447880437018
BLX_sigma_0.01,19,121,0.04454447880437018
BLX_sigma_0.01,19,122,0.04453962314646165
BLX_sigma_0.01,19,123,0.04453962314646165
BLX_sigma_0.01,19,124,0.04453962314646165
BLX_sigma_0.01,19,125,0.04442692115071112
BLX_sigma_0.01,19,126,0.04442692115071112
BLX_sigma_0.01,19,127,0.04442474273491104
BLX_sigma_0.01,19,128,0.04442474273491104
BLX_sigma_0.01,19,129,0.04442277364277125
BLX_sigma_0.01,19,130,0.0444208698508175
BLX_sigma_0.01,19,131,0.0444208698508175
BLX_sigma_0.01,19,132,0.044416056270556115
BLX_sigma_0.01,19,133,0.044415265024458916
BLX_sigma_0.01,19,134,0.04441234565360763
BLX_sigma_0.01,19,135,0.04441234565360763
BLX_sigma_0.01,19,136,0.04441093214899816
BLX_sigma_0.01,19,137,0.044406834578450405
BLX_sigma_0.01,19,138,0.044406834578450405
BLX_sigma_0.01,19,139,0.044406834578450405
BLX_sigma_0.01,19,140,0.044404836534750025
BLX_sigma_0.01,19,141,0.044404836534750025
BLX_sigma_0.01,19,142,0.04440431518083954
BLX_sigma_0.01,19,143,0.04440341610848941
BLX_sigma_0.01,19,144,0.04440195062984953
BLX_sigma_0.01,19,145,0.044401688105725645
BLX_sigma_0.01,19,146,0.044336002256815665
BLX_sigma_0.01,19,147,0.044295675608244434
BLX_sigma_0.01,19,148,0.044295675608244434
BLX_sigma_0.01,19,149,0.044295675608244434
BLX_sigma_0.01,19,150,0.04427523052933591
BLX_sigma_0.01,19,151,0.044259023515608065
BLX_sigma_0.01,19,152,0.044259023515608065
BLX_sigma_0.01,19,153,0.044259023515608065
BLX_sigma_0.01,19,154,0.044259023515608065
BLX_sigma_0.01,19,155,0.044259023515608065
BLX_sigma_0.01,19,156,0.044259023515608065
BLX_sigma_0.01,19,157,0.04425693813649001
BLX_sigma_0.01,19,158,0.04425693813649001
BLX_sigma_0.01,19,159,0.04425693813649001
BLX_sigma_0.01,19,160,0.04425693813649001
BLX_sigma_0.01,19,161,0.044254792776408314
BLX_sigma_0.01,19,162,0.044253850990020216
BLX_sigma_0.01,19,163,0.044253850990020216
BLX_sigma_0.01,19,164,0.04425351190518678
BLX_sigma_0.01,19,165,0.044253234012596954
BLX_sigma_0.01,19,166,0.044245430020087184
BLX_sigma_0.01,19,167,0.044243971665976045
BLX_sigma_0.05,0,0,119.28414125849221
BLX_sigma_0.05,0,1,68.05189591486463
BLX_sigma_0.05,0,2,34.996808088052376
BLX_sigma_0.05,0,3,30.763143830152835
BLX_sigma_0.05,0,4,17.365371361240012
BLX_sigma_0.05,0,5,11.129629079137098
BLX_sigma_0.05,0,6,6.72816801076131
BLX_sigma_0.05,0,7,4.332330295542787
BLX_sigma_0.05,0,8,3.7388281313252234
BLX_sigma_0.05,0,9,2.375179540425071
BLX_sigma_0.05,0,10,1.77986882064251
BLX_sigma_0.05,0,11,1.7092698121149976
BLX_sigma_0.05,0,12,1.4720280171825275
BLX_sigma_0.05,0,13,1.3279332258527363
BLX_sigma_0.05,0,14,1.206285400161802
BLX_sigma_0.05,0,15,1.1335413207147342
BLX_sigma_0.05,0,16,1.040774896510425
BLX_sigma_0.05,0,17,1.040774896510425
BLX_sigma_0.05,0,18,1.040774896510425
BLX_sigma_0.05,0,19,0.6818673988033475
BLX_sigma_0.05,0,20,0.6818673988033475
BLX_sigma_0.05,0,21,0.6818673988033475
BLX_sigma_0.05,0,22,0.6818673988033475
BLX_sigma_0.05,0,23,0.6818673988033475
BLX_sigma_0.05,0,24,0.6818673988033475
BLX_sigma_0.05,0,25,0.5957901510587416
BLX_sigma_0.05,0,26,0.5957901510587416
BLX_sigma_0.05,0,27,0.5957901510587416
BLX_sigma_0.05,0,28,0.5895749249348502
BLX_sigma_0.05,0,29,0.46094063737099544
BLX_sigma_0.05,0,30,0.46094063737099544
BLX_sigma_0.05,0,31,0.46094063737099544
BLX_sigma_0.05,0,32,0.4288491039254384
BLX_sigma_0.05,0,33,0.4264957580645271
BLX_sigma_0.05,0,34,0.4264957580645271
BLX_sigma_0.05,0,35,0.3754971295630056
BLX_sigma_0.05,0,36,0.37147334574765734
BLX_sigma_0.05,0,37,0.35978549699485796
BLX_sigma_0.05,0,38,0.3348964712212972
BLX_sigma_0.05,0,39,0.3193461550765594
BLX_sigma_0.05,0,40,0.29187026056413024
BLX_sigma_0.05,0,41,0.29187026056413024
BLX_sigma_0.05,0,42,0.29187026056413024
BLX_sigma_0.05,0,43,0.20113100412961693
BLX_sigma_0.05,0,44,0.20113100412961693
BLX_sigma_0.05,0,45,0.20113100412961693
BLX_sigma_0.05,0,46,0.1777890030213003
BLX_sigma_0.05,0,47,0.16677415643197036
BLX_sigma_0.05,0,48,0.16677415643197036
BLX_sigma_0.05,0,49,0.16366945718388837
BLX_sigma_0.05,0,50,0.15040796884414775
BLX_sigma_0.05,0,51,0.15040796884414775
BLX_sigma_0.05,0,52,0.14935206239797771
BLX_sigma_0.05,0,53,0.1322849311969927
BLX_sigma_0.05,0,54,0.1292822616085505
BLX_sigma_0.05,0,55,0.1292822616085505
BLX_sigma_0.05,0,56,0.1292822616085505
BLX_sigma_0.05,0,57,0.1292822616085505
BLX_sigma_0.05,0,58,0.12723413506606318
BLX_sigma_0.05,0,59,0.12517075805725564
BLX_sigma_0.05,0,60,0.12517075805725564
BLX_sigma_0.05,0,61,0.12082237757395353
BLX_sigma_0.05,0,62,0.12082237757395353
BLX_sigma_0.05,0,63,0.12082237757395353
BLX_sigma_0.05,0,64,0.12082237757395353
BLX_sigma_0.05,0,65,0.11783460896555187
BLX_sigma_0.05,0,66,0.11701486101237057
BLX_sigma_0.05,0,67,0.11312574325352254
BLX_sigma_0.05,0,68,0.11312574325352254
BLX_sigma_0.05,0,69,0.11220475131799668
BLX_sigma_0.05,0,70,0.11220475131799668
BLX_sigma_0.05,0,71,0.11220475131799668
BLX_sigma_0.05,0,72,0.11150444305834761
BLX_sigma_0.05,0,73,0.11150444305834761
BLX_sigma_0.05,0,74,0.11150444305834761
BLX_sigma_0.05,0,75,0.11078752292258554
BLX_sigma_0.05,0,76,0.10981156923405777
BLX_sigma_0.05,0,77,0.10383583985886313
BLX_sigma_0.05,0,78,0.10383583985886313
BLX_sigma_0.05,0,79,0.1036794939410659
BLX_sigma_0.05,0,80,0.10334317532423909
BLX_sigma_0.05,0,81,0.10334317532423909
BLX_sigma_0.05,0,82,0.10327927534467207
BLX_sigma_0.05,0,83,0.10304709893983555
BLX_sigma_0.05,0,84,0.1030342216743132
BLX_sigma_0.05,0,85,0.10295926506776365
BLX_sigma_0.05,0,86,0.10293224704257142
BLX_sigma_0.05,0,87,0.102756926816722
BLX_sigma_0.05,0,88,0.10264138366143782
BLX_sigma_0.05,0,89,0.10264138366143782
BLX_sigma_0.05,0,90,0.10264138366143782
BLX_sigma_0.05,0,91,0.10264138366143782
BLX_sigma_0.05,0,92,0.10264138366143782
BLX_sigma_0.05,0,93,0.10264138366143782
BLX_sigma_0.05,0,94,0.10264138366143782
BLX_sigma_0.05,0,95,0.10263167278550489
BLX_sigma_0.05,0,96,0.10263167278550489
BLX_sigma_0.05,0,97,0.1025516802858748
BLX_sigma_0.05,0,98,0.1025516802858748
BLX_sigma_0.05,0,99,0.10251503076543489
BLX_sigma_0.05,0,100,0.10251503076543489
BLX_sigma_0.05,0,101,0.10250769998251918
BLX_sigma_0.05,0,102,0.10250769998251918
BLX_sigma_0.05,0,103,0.10249735384695258
BLX_sigma_0.05,0,104,0.10249735384695258
BLX_sigma_0.05,0,105,0.10249573733631967
BLX_sigma_0.05,0,106,0.10248329410797774
BLX_sigma_0.05,0,107,0.10247867925879683
BLX_sigma_0.05,0,108,0.10247850349467891
BLX_sigma_0.05,0,109,0.10247850349467891
BLX_sigma_0.05,0,110,0.10246931685855354
BLX_sigma_0.05,0,111,0.10246828285203324
BLX_sigma_0.05,0,112,0.1024681095324359
BLX_sigma_0.05,0,113,0.10246584922885049
BLX_sigma_0.05,0,114,0.1024383180705507
BLX_sigma_0.05,0,115,0.1024383180705507
BLX_sigma_0.05,0,116,0.1024383180705507
BLX_sigma_0.05,0,117,0.1024383180705507
BLX_sigma_0.05,0,118,0.10243345402002135
BLX_sigma_0.05,0,119,0.10243161732888872
BLX_sigma_0.05,0,120,0.10243081076119998
BLX_sigma_0.05,0,121,0.10242529340512807
BLX_sigma_0.05,0,122,0.10241916990787547
BLX_sigma_0.05,0,123,0.10241916990787547
BLX_sigma_0.05,0,124,0.10241916990787547
BLX_sigma_0.05,0,125,0.10241916990787547
BLX_sigma_0.05,0,126,0.10241794619067268
BLX_sigma_0.05,0,127,0.10241638614296567
BLX_sigma_0.05,0,128,0.10241510315347557
BLX_sigma_0.05,0,129,0.10241510315347557
BLX_sigma_0.05,0,130,0.10241510315347557
BLX_sigma_0.05,0,131,0.10241510315347557
BLX_sigma_0.05,0,132,0.10241347880216112
BLX_sigma_0.05,0,133,0.10241347880216112
BLX_sigma_0.05,0,134,0.10241281747469777
BLX_sigma_0.05,0,135,0.10241281747469777
BLX_sigma_0.05,0,136,0.10241256845769109
BLX_sigma_0.05,0,137,0.10241171025311091
BLX_sigma_0.05,0,138,0.10241171025311091
BLX_sigma_0.05,0,139,0.10241082110029065
BLX_sigma_0.05,0,140,0.10241039754898573
BLX_sigma_0.05,0,141,0.1024102436264599
BLX_sigma_0.05,0,142,0.10240983994986952
BLX_sigma_0.05,0,143,0.10240944738707025
BLX_sigma_0.05,0,144,0.10240944738707025
BLX_sigma_0.05,0,145,0.10240924523151063
BLX_sigma_0.05,0,146,0.10240887110984331
BLX_sigma_0.05,0,147,0.10240829707438603
BLX_sigma_0.05,0,148,0.10240828258512236
BLX_sigma_0.05,0,149,0.10100277208764841
BLX_sigma_0.05,0,150,0.10100277208764841
BLX_sigma_0.05,0,151,0.10100277208764841
BLX_sigma_0.05,0,152,0.10100277208764841
BLX_sigma_0.05,0,153,0.10100277208764841
BLX_sigma_0.05,0,154,0.10100277208764841
BLX_sigma_0.05,0,155,0.10100277208764841
BLX_sigma_0.05,0,156,0.10100277208764841
BLX_sigma_0.05,0,157,0.10100277208764841
BLX_sigma_0.05,0,158,0.10100277208764841
BLX_sigma_0.05,0,159,0.10100277208764841
BLX_sigma_0.05,0,160,0.10100277208764841
BLX_sigma_0.05,0,161,0.10100277208764841
BLX_sigma_0.05,0,162,0.10083092987849995
BLX_sigma_0.05,0,163,0.10077246561142172
BLX_sigma_0.05,0,164,0.10058127246742088
BLX_sigma_0.05,0,165,0.10024502002404045
BLX_sigma_0.05,0,166,0.10024502002404045
BLX_sigma_0.05,0,167,0.10019083135240858
BLX_sigma_0.05,1,0,122.82597643369839
BLX_sigma_0.05,1,1,65.46751005478319
BLX_sigma_0.05,1,2,39.97942315021985
BLX_sigma_0.05,1,3,27.869288747358336
BLX_sigma_0.05,1,4,12.736601877162316
BLX_sigma_0.05,1,5,9.647512072439937
BLX_sigma_0.05,1,6,5.787082951438741
BLX_sigma_0.05,1,7,4.433522625680923
BLX_sigma_0.05,1,8,3.099941497383966
BLX_sigma_0.05,1,9,2.8210251890155402
BLX_sigma_0.05,1,10,2.325219520261267
BLX_sigma_0.05,1,11,1.5171294868352565
BLX_sigma_0.05,1,12,1.5171294868352565
BLX_sigma_0.05,1,13,1.389899443065882
BLX_sigma_0.05,1,14,1.389899443065882
BLX_sigma_0.05,1,15,1.1782211115327768
BLX_sigma_0.05,1,16,1.1349332605783498
BLX_sigma_0.05,1,17,1.118505999795646
BLX_sigma_0.05,1,18,1.0058551762075036
BLX_sigma_0.05,1,19,0.8913682760367918
BLX_sigma_0.05,1,20,0.8913682760367918
BLX_sigma_0.05,1,21,0.8913682760367918
BLX_sigma_0.05,1,22,0.7921920050444027
BLX_sigma_0.05,1,23,0.7921920050444027
BLX_sigma_0.05,1,24,0.7921920050444027
BLX_sigma_0.05,1,25,0.7921920050444027
BLX_sigma_0.05,1,26,0.7921920050444027
BLX_sigma_0.05,1,27,0.6441252473280035
BLX_sigma_0.05,1,28,0.6441252473280035
BLX_sigma_0.05,1,29,0.6441252473280035
BLX_sigma_0.05,1,30,0.4871994806885145
BLX_sigma_0.05,1,31,0.4871994806885145
BLX_sigma_0.05,1,32,0.4871994806885145
BLX_sigma_0.05,1,33,0.4871994806885145
BLX_sigma_0.05,1,34,0.4871994806885145
BLX_sigma_0.05,1,35,0.4871994806885145
BLX_sigma_0.05,1,36,0.44628063076458846
BLX_sigma_0.05,1,37,0.4246275538201112
BLX_sigma_0.05,1,38,0.4246275538201112
BLX_sigma_0.05,1,39,0.4246275538201112
BLX_sigma_0.05,1,40,0.35611384516143973
BLX_sigma_0.05,1,41,0.29472934288816943
BLX_sigma_0.05,1,42,0.29472934288816943
BLX_sigma_0.05,1,43,0.21744656906757587
BLX_sigma_0.05,1,44,0.21444733252925074
BLX_sigma_0.05,1,45,0.20902423041146245
BLX_sigma_0.05,1,46,0.18421476236089374
BLX_sigma_0.05,1,47,0.16994005291753966
BLX_sigma_0.05,1,48,0.1666146589805947
BLX_sigma_0.05,1,49,0.14893470078682103
BLX_sigma_0.05,1,50,0.148902772808296
BLX_sigma_0.05,1,51,0.13108698167038402
BLX_sigma_0.05,1,52,0.1244830689102856
BLX_sigma_0.05,1,53,0.1244830689102856
BLX_sigma_0.05,1,54,0.10239978585907283
BLX_sigma_0.05,1,55,0.10239978585907283
BLX_sigma_0.05,1,56,0.10239978585907283
BLX_sigma_0.05,1,57,0.08669674270629624
BLX_sigma_0.05,1,58,0.08669674270629624
BLX_sigma_0.05,1,59,0.08669674270629624
BLX_sigma_0.05,1,60,0.07998259169838162
BLX_sigma_0.05,1,61,0.07998259169838162
BLX_sigma_0.05,1,62,0.07706597981699059
BLX_sigma_0.05,1,63,0.07628664368449967
BLX_sigma_0.05,1,64,0.07628664368449967
BLX_sigma_0.05,1,65,0.0758565812769677
BLX_sigma_0.05,1,66,0.07418519066573503
BLX_sigma_0.05,1,67,0.0716289244998487
BLX_sigma_0.05,1,68,0.0716289244998487
BLX_sigma_0.05,1,69,0.0716289244998487
BLX_sigma_0.05,1,70,0.07124166827038725
BLX_sigma_0.05,1,71,0.070441349308896
BLX_sigma_0.05,1,72,0.06961334904808936
BLX_sigma_0.05,1,73,0.06858442387936603
BLX_sigma_0.05,1,74,0.06848089501812793
BLX_sigma_0.05,1,75,0.06796373180000959
BLX_sigma_0.05,1,76,0.06758396119632015
BLX_sigma_0.05,1,77,0.06657709094477515
BLX_sigma_0.05,1,78,0.06657709094477515
BLX_sigma_0.05,1,79,0.06657709094477515
BLX_sigma_0.05,1,80,0.06558429313934733
BLX_sigma_0.05,1,81,0.06558429313934733
BLX_sigma_0.05,1,82,0.06515928348870625
BLX_sigma_0.05,1,83,0.0643923513107949
BLX_sigma_0.05,1,84,0.06376437077044284
BLX_sigma_0.05,1,85,0.06376437077044284
BLX_sigma_0.05,1,86,0.06374568195619379
BLX_sigma_0.05,1,87,0.06324282769563305
BLX_sigma_0.05,1,88,0.0630269979090251
BLX_sigma_0.05,1,89,0.06279473147814085
BLX_sigma_0.05,1,90,0.06204418331967687
BLX_sigma_0.05,1,91,0.06204418331967687
BLX_sigma_0.05,1,92,0.06204418331967687
BLX_sigma_0.05,1,93,0.06204418331967687
BLX_sigma_0.05,1,94,0.06178585257747171
BLX_sigma_0.05,1,95,0.0617023512267203
BLX_sigma_0.05,1,96,0.061594232808173555
BLX_sigma_0.05,1,97,0.061517737768630676
BLX_sigma_0.05,1,98,0.061470540400897056
BLX_sigma_0.05,1,99,0.06126453899841566
BLX_sigma_0.05,1,100,0.06125323258113857
BLX_sigma_0.05,1,101,0.06117532544772575
BLX_sigma_0.05,1,102,0.06101639860341512
BLX_sigma_0.05,1,103,0.06097897128987251
BLX_sigma_0.05,1,104,0.060788243740100945
BLX_sigma_0.05,1,105,0.06076096363228023
BLX_sigma_0.05,1,106,0.06069629413253064
BLX_sigma_0.05,1,107,0.06057922341335065
BLX_sigma_0.05,1,108,0.05983152571263539
BLX_sigma_0.05,1,109,0.05983152571263539
BLX_sigma_0.05,1,110,0.05983152571263539
BLX_sigma_0.05,1,111,0.05983152571263539
BLX_sigma_0.05,1,112,0.04531319414246471
BLX_sigma_0.05,1,113,0.04383456309315448
BLX_sigma_0.05,1,114,0.04258500654624742
BLX_sigma_0.05,1,115,0.04258500654624742
BLX_sigma_0.05,1,116,0.04258500654624742
BLX_sigma_0.05,1,117,0.04258500654624742
BLX_sigma_0.05,1,118,0.0421384880000526
BLX_sigma_0.05,1,119,0.0421384880000526
BLX_sigma_0.05,1,120,0.0421384880000526
BLX_sigma_0.05,1,121,0.0421384880000526
BLX_sigma_0.05,1,122,0.0421384880000526
BLX_sigma_0.05,1,123,0.042112500559068566
BLX_sigma_0.05,1,124,0.042111283229095964
BLX_sigma_0.05,1,125,0.04208513252420798
BLX_sigma_0.05,1,126,0.04208513252420798
BLX_sigma_0.05,1,127,0.04208513252420798
BLX_sigma_0.05,1,128,0.042074819361351934
BLX_sigma_0.05,1,129,0.04205978149572254
BLX_sigma_0.05,1,130,0.042051624651440744
BLX_sigma_0.05,1,131,0.04203540851501908
BLX_sigma_0.05,1,132,0.04203540851501908
BLX_sigma_0.05,1,133,0.04199379189941188
BLX_sigma_0.05,1,134,0.04198993857300792
BLX_sigma_0.05,1,135,0.041983165356229035
BLX_sigma_0.05,1,136,0.041983165356229035
BLX_sigma_0.05,1,137,0.041983165356229035
BLX_sigma_0.05,1,138,0.04196182245738456
BLX_sigma_0.05,1,139,0.04196182245738456
BLX_sigma_0.05,1,140,0.04192695789349177
BLX_sigma_0.05,1,141,0.04192695789349177
BLX_sigma_0.05,1,142,0.04192695789349177
BLX_sigma_0.05,1,143,0.04192695789349177
BLX_sigma_0.05,1,144,0.04192138470369611
BLX_sigma_0.05,1,145,0.041917966773198256
BLX_sigma_0.05,1,146,0.041917966773198256
BLX_sigma_0.05,1,147,0.041917966773198256
BLX_sigma_0.05,1,148,0.04191710841413243
BLX_sigma_0.05,1,149,0.04191161732820903
BLX_sigma_0.05,1,150,0.04191161732820903
BLX_sigma_0.05,1,151,0.04191161732820903
BLX_sigma_0.05,1,152,0.04191161732820903
BLX_sigma_0.05,1,153,0.04190698696084183
BLX_sigma_0.05,1,154,0.04190533720045175
BLX_sigma_0.05,1,155,0.04190533720045175
BLX_sigma_0.05,1,156,0.041901352583890494
BLX_sigma_0.05,1,157,0.041901352583890494
BLX_sigma_0.05,1,158,0.04190020523634774
BLX_sigma_0.05,1,159,0.04189767002303779
BLX_sigma_0.05,1,160,0.04189767002303779
BLX_sigma_0.05,1,161,0.04189406249899519
BLX_sigma_0.05,1,162,0.04189297919312329
BLX_sigma_0.05,1,163,0.04188833758964117
BLX_sigma_0.05,1,164,0.04188833758964117
BLX_sigma_0.05,1,165,0.04188833758964117
BLX_sigma_0.05,1,166,0.04188833758964117
BLX_sigma_0.05,1,167,0.04188833758964117
BLX_sigma_0.05,2,0,130.70009137490476
BLX_sigma_0.05,2,1,18.999252093605758
BLX_sigma_0.05,2,2,18.999252093605758
BLX_sigma_0.05,2,3,17.97481370830755
BLX_sigma_0.05,2,4,14.271624737950166
BLX_sigma_0.05,2,5,6.694840109162555
BLX_sigma_0.05,2,6,3.772465621600516
BLX_sigma_0.05,2,7,2.7422612982344483
BLX_sigma_0.05,2,8,2.7422612982344483
BLX_sigma_0.05,2,9,2.2972097355885026
BLX_sigma_0.05,2,10,1.795246365220803
BLX_sigma_0.05,2,11,1.430458097733251
BLX_sigma_0.05,2,12,1.3967235632036548
BLX_sigma_0.05,2,13,1.3967235632036548
BLX_sigma_0.05,2,14,1.117512600241479
BLX_sigma_0.05,2,15,1.117512600241479
BLX_sigma_0.05,2,16,1.117512600241479
BLX_sigma_0.05,2,17,1.0619108856529296
BLX_sigma_0.05,2,18,1.0375210772275651
BLX_sigma_0.05,2,19,1.033246491257443
BLX_sigma_0.05,2,20,0.9921490069526219
BLX_sigma_0.05,2,21,0.9921490069526219
BLX_sigma_0.05,2,22,0.9921490069526219
BLX_sigma_0.05,2,23,0.9022071440938756
BLX_sigma_0.05,2,24,0.8344705385878115
BLX_sigma_0.05,2,25,0.8189409287569331
BLX_sigma_0.05,2,26,0.8189409287569331
BLX_sigma_0.05,2,27,0.8189409287569331
BLX_sigma_0.05,2,28,0.8031227037259165
BLX_sigma_0.05,2,29,0.7483496948712292
BLX_sigma_0.05,2,30,0.7483496948712292
BLX_sigma_0.05,2,31,0.7465768180612198
BLX_sigma_0.05,2,32,0.7465768180612198
BLX_sigma_0.05,2,33,0.7181169277207079
BLX_sigma_0.05,2,34,0.6616501563869563
BLX_sigma_0.05,2,35,0.5079560787798539
BLX_sigma_0.05,2,36,0.5079560787798539
BLX_sigma_0.05,2,37,0.39555496363390275
BLX_sigma_0.05,2,38,0.39555496363390275
BLX_sigma_0.05,2,39,0.3206211600517739
BLX_sigma_0.05,2,40,0.3206211600517739
BLX_sigma_0.05,2,41,0.273419464092979
BLX_sigma_0.05,2,42,0.273419464092979
BLX_sigma_0.05,2,43,0.273419464092979
BLX_sigma_0.05,2,44,0.25578331062010995
BLX_sigma_0.05,2,45,0.23999901985326122
BLX_sigma_0.05,2,46,0.23999901985326122
BLX_sigma_0.05,2,47,0.21957823481824534
BLX_sigma_0.05,2,48,0.21957823481824534
BLX_sigma_0.05,2,49,0.21155775989432557
BLX_sigma_0.05,2,50,0.18701779305504773
BLX_sigma_0.05,2,51,0.18701779305504773
BLX_sigma_0.05,2,52,0.18701779305504773
BLX_sigma_0.05,2,53,0.17766903932332778
BLX_sigma_0.05,2,54,0.1670807904789463
BLX_sigma_0.05,2,55,0.16377364396431027
BLX_sigma_0.05,2,56,0.1584740453987611
BLX_sigma_0.05,2,57,0.14633940993822248
BLX_sigma_0.05,2,58,0.14633940993822248
BLX_sigma_0.05,2,59,0.1299958910666138
BLX_sigma_0.05,2,60,0.12647278110275606
BLX_sigma_0.05,2,61,0.07587391069779581
BLX_sigma_0.05,2,62,0.07587391069779581
BLX_sigma_0.05,2,63,0.07425776927573258
BLX_sigma_0.05,2,64,0.029570178990971363
BLX_sigma_0.05,2,65,0.028996425424247074
BLX_sigma_0.05,2,66,0.028681367709902372
BLX_sigma_0.05,2,67,0.021917202358837984
BLX_sigma_0.05,2,68,0.021917202358837984
BLX_sigma_0.05,2,69,0.017884243394389876
BLX_sigma_0.05,2,70,0.016966990322329623
BLX_sigma_0.05,2,71,0.016318689633236128
BLX_sigma_0.05,2,72,0.016318689633236128
BLX_sigma_0.05,2,73,0.015125423651115577
BLX_sigma_0.05,2,74,0.015125423651115577
BLX_sigma_0.05,2,75,0.014949870307794377
BLX_sigma_0.05,2,76,0.014679185137268402
BLX_sigma_0.05,2,77,0.014679185137268402
BLX_sigma_0.05,2,78,0.014577717499385412
BLX_sigma_0.05,2,79,0.014577717499385412
BLX_sigma_0.05,2,80,0.014441038069068934
BLX_sigma_0.05,2,81,0.014315044315677317
BLX_sigma_0.05,2,82,0.014140395255131555
BLX_sigma_0.05,2,83,0.014000351440240588
BLX_sigma_0.05,2,84,0.013919688118926854
BLX_sigma_0.05,2,85,0.013913413923976603
BLX_sigma_0.05,2,86,0.013860256718473796
BLX_sigma_0.05,2,87,0.013850443047648708
BLX_sigma_0.05,2,88,0.013721445505518681
BLX_sigma_0.05,2,89,0.013709933268900687
BLX_sigma_0.05,2,90,0.013650434901426589
BLX_sigma_0.05,2,91,0.01363439979777592
BLX_sigma_0.05,2,92,0.013612236745453976
BLX_sigma_0.05,2,93,0.013612236745453976
BLX_sigma_0.05,2,94,0.013600303521597579
BLX_sigma_0.05,2,95,0.013580099381797939
BLX_sigma_0.05,2,96,0.013558896297966805
BLX_sigma_0.05,2,97,0.01354574928632013
BLX_sigma_0.05,2,98,0.013514416696706832
BLX_sigma_0.05,2,99,0.013505026562058209
BLX_sigma_0.05,2,100,0.013505026562058209
BLX_sigma_0.05,2,101,0.013492904285769991
BLX_sigma_0.05,2,102,0.01347093888731532
BLX_sigma_0.05,2,103,0.01347093888731532
BLX_sigma_0.05,2,104,0.01347093888731532
BLX_sigma_0.05,2,105,0.013467971341235008
BLX_sigma_0.05,2,106,0.013467971341235008
BLX_sigma_0.05,2,107,0.01346441100155038
BLX_sigma_0.05,2,108,0.013461407276341708
BLX_sigma_0.05,2,109,0.013461407276341708
BLX_sigma_0.05,2,110,0.013460628157640153
BLX_sigma_0.05,2,111,0.013459688759270616
BLX_sigma_0.05,2,112,0.01345863781377743
BLX_sigma_0.05,2,113,0.013453304528815657
BLX_sigma_0.05,2,114,0.013451889189296518
BLX_sigma_0.05,2,115,0.013451889189296518
BLX_sigma_0.05,2,116,0.013451889189296518
BLX_sigma_0.05,2,117,0.013451233324410894
BLX_sigma_0.05,2,118,0.013447635271548908
BLX_sigma_0.05,2,119,0.013446779043005064
BLX_sigma_0.05,2,120,0.013446779043005064
BLX_sigma_0.05,2,121,0.013445632498469307
BLX_sigma_0.05,2,122,0.013445147221384679
BLX_sigma_0.05,2,123,0.013443255332949544
BLX_sigma_0.05,2,124,0.013443255332949544
BLX_sigma_0.05,2,125,0.013443255332949544
BLX_sigma_0.05,2,126,0.013443255332949544
BLX_sigma_0.05,2,127,0.013443255332949544
BLX_sigma_0.05,2,128,0.013443255332949544
BLX_sigma_0.05,2,129,0.013442281731368744
BLX_sigma_0.05,2,130,0.013442232794871334
BLX_sigma_0.05,2,131,0.013442232794871334
BLX_sigma_0.05,2,132,0.013442232794871334
BLX_sigma_0.05,2,133,0.013442232794871334
BLX_sigma_0.05,2,134,0.013442166977748582
BLX_sigma_0.05,2,135,0.013441908526454993
BLX_sigma_0.05,2,136,0.013441908526454993
BLX_sigma_0.05,2,137,0.013441908526454993
BLX_sigma_0.05,2,138,0.013441908526454993
BLX_sigma_0.05,2,139,0.013441528346762932
BLX_sigma_0.05,2,140,0.013441528346762932
BLX_sigma_0.05,2,141,0.013441528346762932
BLX_sigma_0.05,2,142,0.013441221041673002
BLX_sigma_0.05,2,143,0.013440938898464871
BLX_sigma_0.05,2,144,0.013440938898464871
BLX_sigma_0.05,2,145,0.013440938898464871
BLX_sigma_0.05,2,146,0.013440838787091014
BLX_sigma_0.05,2,147,0.013440793626650627
BLX_sigma_0.05,2,148,0.013440678844701015
BLX_sigma_0.05,2,149,0.013440459211283118
BLX_sigma_0.05,2,150,0.0134402500979387
BLX_sigma_0.05,2,151,0.013440195397894206
BLX_sigma_0.05,2,152,0.013440195397894206
BLX_sigma_0.05,2,153,0.013440120038531789
BLX_sigma_0.05,2,154,0.013440120038531789
BLX_sigma_0.05,2,155,0.013440120038531789
BLX_sigma_0.05,2,156,0.013440011290648979
BLX_sigma_0.05,2,157,0.013439903167039358
BLX_sigma_0.05,2,158,0.013439903167039358
BLX_sigma_0.05,2,159,0.013439875325029993
BLX_sigma_0.05,2,160,0.013439834048561528
BLX_sigma_0.05,2,161,0.013439806914989805
BLX_sigma_0.05,2,162,0.013439741502327629
BLX_sigma_0.05,2,163,0.013439741502327629
BLX_sigma_0.05,2,164,0.013439730937757188
BLX_sigma_0.05,2,165,0.013439730937757188
BLX_sigma_0.05,2,166,0.013439718494417163
BLX_sigma_0.05,2,167,0.013439694259458013
BLX_sigma_0.05,3,0,138.4827981389377
BLX_sigma_0.05,3,1,61.45900408012973
BLX_sigma_0.05,3,2,35.09020887393328
BLX_sigma_0.05,3,3,23.895715850845917
BLX_sigma_0.05,3,4,20.744298840542225
BLX_sigma_0.05,3,5,8.385159398507817
BLX_sigma_0.05,3,6,8.385159398507817
BLX_sigma_0.05,3,7,7.508772519788155
BLX_sigma_0.05,3,8,4.632949537815936
BLX_sigma_0.05,3,9,2.6929388956149025
BLX_sigma_0.05,3,10,1.9251302411607554
BLX_sigma_0.05,3,11,1.4315663976287567
BLX_sigma_0.05,3,12,1.4315663976287567
BLX_sigma_0.05,3,13,1.3881464530293008
BLX_sigma_0.05,3,14,1.3206890124574349
BLX_sigma_0.05,3,15,1.191535840576361
BLX_sigma_0.05,3,16,1.1467078938386088
BLX_sigma_0.05,3,17,0.9866893998713805
BLX_sigma_0.05,3,18,0.6551882235601902
BLX_sigma_0.05,3,19,0.6551882235601902
BLX_sigma_0.05,3,20,0.6551882235601902
BLX_sigma_0.05,3,21,0.6551882235601902
BLX_sigma_0.05,3,22,0.6551882235601902
BLX_sigma_0.05,3,23,0.6551882235601902
BLX_sigma_0.05,3,24,0.6551882235601902
BLX_sigma_0.05,3,25,0.6551882235601902
BLX_sigma_0.05,3,26,0.6551882235601902
BLX_sigma_0.05,3,27,0.6551882235601902
BLX_sigma_0.05,3,28,0.6551882235601902
BLX_sigma_0.05,3,29,0.6551882235601902
BLX_sigma_0.05,3,30,0.639130858751763
BLX_sigma_0.05,3,31,0.5776911814934044
BLX_sigma_0.05,3,32,0.4647992043570581
BLX_sigma_0.05,3,33,0.4647992043570581
BLX_sigma_0.05,3,34,0.4647992043570581
BLX_sigma_0.05,3,35,0.4247824670676784
BLX_sigma_0.05,3,36,0.2907330347219905
BLX_sigma_0.05,3,37,0.2907330347219905
BLX_sigma_0.05,3,38,0.2907330347219905
BLX_sigma_0.05,3,39,0.2907330347219905
BLX_sigma_0.05,3,40,0.2907330347219905
BLX_sigma_0.05,3,41,0.2518008957155181
BLX_sigma_0.05,3,42,0.2518008957155181
BLX_sigma_0.05,3,43,0.2518008957155181
BLX_sigma_0.05,3,44,0.18747163310214532
BLX_sigma_0.05,3,45,0.15737553707926177
BLX_sigma_0.05,3,46,0.15737553707926177
BLX_sigma_0.05,3,47,0.15737553707926177
BLX_sigma_0.05,3,48,0.15737553707926177
BLX_sigma_0.05,3,49,0.15737553707926177
BLX_sigma_0.05,3,50,0.11001892895609922
BLX_sigma_0.05,3,51,0.11001892895609922
BLX_sigma_0.05,3,52,0.10872039384164833
BLX_sigma_0.05,3,53,0.10572819070385153
BLX_sigma_0.05,3,54,0.10406480680425867
BLX_sigma_0.05,3,55,0.10020824411480944
BLX_sigma_0.05,3,56,0.0966050382723801
BLX_sigma_0.05,3,57,0.09084500763057901
BLX_sigma_0.05,3,58,0.09084500763057901
BLX_sigma_0.05,3,59,0.09084500763057901
BLX_sigma_0.05,3,60,0.0905611816214007
BLX_sigma_0.05,3,61,0.08871429480748816
BLX_sigma_0.05,3,62,0.08871429480748816
BLX_sigma_0.05,3,63,0.08747784955979587
BLX_sigma_0.05,3,64,0.0865128193711664
BLX_sigma_0.05,3,65,0.0865128193711664
BLX_sigma_0.05,3,66,0.08558238726623502
BLX_sigma_0.05,3,67,0.08558238726623502
BLX_sigma_0.05,3,68,0.08558238726623502
BLX_sigma_0.05,3,69,0.08558238726623502
BLX_sigma_0.05,3,70,0.08522826712153142
BLX_sigma_0.05,3,71,0.08512944463540895
BLX_sigma_0.05,3,72,0.08447014527640817
BLX_sigma_0.05,3,73,0.08447014527640817
BLX_sigma_0.05,3,74,0.08447014527640817
BLX_sigma_0.05,3,75,0.08447014527640817
BLX_sigma_0.05,3,76,0.08447014527640817
BLX_sigma_0.05,3,77,0.08432077727426446
BLX_sigma_0.05,3,78,0.08432077727426446
BLX_sigma_0.05,3,79,0.08432077727426446
BLX_sigma_0.05,3,80,0.08427440694816446
BLX_sigma_0.05,3,81,0.08220989550715452
BLX_sigma_0.05,3,82,0.08220989550715452
BLX_sigma_0.05,3,83,0.08220989550715452
BLX_sigma_0.05,3,84,0.08182304560749742
BLX_sigma_0.05,3,85,0.08182304560749742
BLX_sigma_0.05,3,86,0.08182304560749742
BLX_sigma_0.05,3,87,0.08182304560749742
BLX_sigma_0.05,3,88,0.08182304560749742
BLX_sigma_0.05,3,89,0.08182304560749742
BLX_sigma_0.05,3,90,0.08182304560749742
BLX_sigma_0.05,3,91,0.08182304560749742
BLX_sigma_0.05,3,92,0.08173609204504328
BLX_sigma_0.05,3,93,0.081710473153215
BLX_sigma_0.05,3,94,0.081710473153215
BLX_sigma_0.05,3,95,0.08163422169175993
BLX_sigma_0.05,3,96,0.08160990931527756
BLX_sigma_0.05,3,97,0.0815264599189065
BLX_sigma_0.05,3,98,0.0815264599189065
BLX_sigma_0.05,3,99,0.0815264599189065
BLX_sigma_0.05,3,100,0.0815264599189065
BLX_sigma_0.05,3,101,0.07606118103170723
BLX_sigma_0.05,3,102,0.06796590345679854
BLX_sigma_0.05,3,103,0.06796590345679854
BLX_sigma_0.05,3,104,0.06796590345679854
BLX_sigma_0.05,3,105,0.06796590345679854
BLX_sigma_0.05,3,106,0.06796590345679854
BLX_sigma_0.05,3,107,0.06795507182393001
BLX_sigma_0.05,3,108,0.06793874749060702
BLX_sigma_0.05,3,109,0.06792953969986848
BLX_sigma_0.05,3,110,0.06792953969986848
BLX_sigma_0.05,3,111,0.06792827684883729
BLX_sigma_0.05,3,112,0.06790741413713408
BLX_sigma_0.05,3,113,0.06790741413713408
BLX_sigma_0.05,3,114,0.06789800939855861
BLX_sigma_0.05,3,115,0.06789553519539848
BLX_sigma_0.05,3,116,0.06789553519539848
BLX_sigma_0.05,3,117,0.0678909429270449
BLX_sigma_0.05,3,118,0.06788455058919962
BLX_sigma_0.05,3,119,0.06788249550492353
BLX_sigma_0.05,3,120,0.06787090548076091
BLX_sigma_0.05,3,121,0.06787090548076091
BLX_sigma_0.05,3,122,0.06787090548076091
BLX_sigma_0.05,3,123,0.06787021289070405
BLX_sigma_0.05,3,124,0.06786485677903398
BLX_sigma_0.05,3,125,0.06786056795856588
BLX_sigma_0.05,3,126,0.06785913784853148
BLX_sigma_0.05,3,127,0.06785913648848485
BLX_sigma_0.05,3,128,0.06785800927586894
BLX_sigma_0.05,3,129,0.06785618624917766
BLX_sigma_0.05,3,130,0.06785169419201298
BLX_sigma_0.05,3,131,0.06785098460037153
BLX_sigma_0.05,3,132,0.06784360302133563
BLX_sigma_0.05,3,133,0.06783948452271293
BLX_sigma_0.05,3,134,0.06783948452271293
BLX_sigma_0.05,3,135,0.06783948452271293
BLX_sigma_0.05,3,136,0.06783948452271293
BLX_sigma_0.05,3,137,0.06783948452271293
BLX_sigma_0.05,3,138,0.06783915259107143
BLX_sigma_0.05,3,139,0.06783809463446822
BLX_sigma_0.05,3,140,0.06783676790524307
BLX_sigma_0.05,3,141,0.06783676790524307
BLX_sigma_0.05,3,142,0.06783551683505862
BLX_sigma_0.05,3,143,0.0678349507358248
BLX_sigma_0.05,3,144,0.06783468102992751
BLX_sigma_0.05,3,145,0.06783330649051322
BLX_sigma_0.05,3,146,0.06783140576350188
BLX_sigma_0.05,3,147,0.06783140576350188
BLX_sigma_0.05,3,148,0.06783140576350188
BLX_sigma_0.05,3,149,0.06783135102415017
BLX_sigma_0.05,3,150,0.06783096079442974
BLX_sigma_0.05,3,151,0.06783012939589661
BLX_sigma_0.05,3,152,0.06782962338858978
BLX_sigma_0.05,3,153,0.06782923399755814
BLX_sigma_0.05,3,154,0.06782877528709463
BLX_sigma_0.05,3,155,0.06782785419267312
BLX_sigma_0.05,3,156,0.06782785419267312
BLX_sigma_0.05,3,157,0.06782785419267312
BLX_sigma_0.05,3,158,0.06782742661764718
BLX_sigma_0.05,3,159,0.06782741033492556
BLX_sigma_0.05,3,160,0.06782716470730343
BLX_sigma_0.05,3,161,0.0678267565028512
BLX_sigma_0.05,3,162,0.06782599209945095
BLX_sigma_0.05,3,163,0.06782599209945095
BLX_sigma_0.05,3,164,0.06782579857998072
BLX_sigma_0.05,3,165,0.06782568567351221
BLX_sigma_0.05,3,166,0.06782526521564447
BLX_sigma_0.05,3,167,0.0678248625198109
BLX_sigma_0.05,4,0,105.50667880244106
BLX_sigma_0.05,4,1,62.114409378606
BLX_sigma_0.05,4,2,45.38299600590772
BLX_sigma_0.05,4,3,29.572666918767485
BLX_sigma_0.05,4,4,14.509651103121664
BLX_sigma_0.05,4,5,10.148363680071876
BLX_sigma_0.05,4,6,4.225773079878717
BLX_sigma_0.05,4,7,4.225773079878717
BLX_sigma_0.05,4,8,2.4252060853385005
BLX_sigma_0.05,4,9,1.5949939087859768
BLX_sigma_0.05,4,10,1.5949939087859768
BLX_sigma_0.05,4,11,1.4437120915263664
BLX_sigma_0.05,4,12,1.3446101790301836
BLX_sigma_0.05,4,13,1.2161815203908635
BLX_sigma_0.05,4,14,1.1282362476314332
BLX_sigma_0.05,4,15,1.086384492184239
BLX_sigma_0.05,4,16,0.9517467660638161
BLX_sigma_0.05,4,17,0.9517467660638161
BLX_sigma_0.05,4,18,0.8900916813964055
BLX_sigma_0.05,4,19,0.8900916813964055
BLX_sigma_0.05,4,20,0.8900916813964055
BLX_sigma_0.05,4,21,0.8900916813964055
BLX_sigma_0.05,4,22,0.8900916813964055
BLX_sigma_0.05,4,23,0.6843758674167251
BLX_sigma_0.05,4,24,0.6843758674167251
BLX_sigma_0.05,4,25,0.4630644690117228
BLX_sigma_0.05,4,26,0.4630644690117228
BLX_sigma_0.05,4,27,0.4630644690117228
BLX_sigma_0.05,4,28,0.4630644690117228
BLX_sigma_0.05,4,29,0.4630644690117228
BLX_sigma_0.05,4,30,0.4630644690117228
BLX_sigma_0.05,4,31,0.4630644690117228
BLX_sigma_0.05,4,32,0.4454893513169885
BLX_sigma_0.05,4,33,0.4454893513169885
BLX_sigma_0.05,4,34,0.4454893513169885
BLX_sigma_0.05,4,35,0.4454893513169885
BLX_sigma_0.05,4,36,0.4454893513169885
BLX_sigma_0.05,4,37,0.4454893513169885
BLX_sigma_0.05,4,38,0.3823769074840163
BLX_sigma_0.05,4,39,0.3823769074840163
BLX_sigma_0.05,4,40,0.3823769074840163
BLX_sigma_0.05,4,41,0.3059547084713119
BLX_sigma_0.05,4,42,0.3059547084713119
BLX_sigma_0.05,4,43,0.3059547084713119
BLX_sigma_0.05,4,44,0.3059547084713119
BLX_sigma_0.05,4,45,0.2950505254324437
BLX_sigma_0.05,4,46,0.2950505254324437
BLX_sigma_0.05,4,47,0.2950505254324437
BLX_sigma_0.05,4,48,0.2950505254324437
BLX_sigma_0.05,4,49,0.2950505254324437
BLX_sigma_0.05,4,50,0.2950505254324437
BLX_sigma_0.05,4,51,0.29166778422635686
BLX_sigma_0.05,4,52,0.29166778422635686
BLX_sigma_0.05,4,53,0.25430672939603693
BLX_sigma_0.05,4,54,0.25430672939603693
BLX_sigma_0.05,4,55,0.23867175775031613
BLX_sigma_0.05,4,56,0.23867175775031613
BLX_sigma_0.05,4,57,0.21909903343301929
BLX_sigma_0.05,4,58,0.20973619189916193
BLX_sigma_0.05,4,59,0.20973619189916193
BLX_sigma_0.05,4,60,0.20864578512458243
BLX_sigma_0.05,4,61,0.20706709709640236
BLX_sigma_0.05,4,62,0.19719166270750055
BLX_sigma_0.05,4,63,0.19719166270750055
BLX_sigma_0.05,4,64,0.19719166270750055
BLX_sigma_0.05,4,65,0.19719166270750055
BLX_sigma_0.05,4,66,0.19719166270750055
BLX_sigma_0.05,4,67,0.17871300548540314
BLX_sigma_0.05,4,68,0.17871300548540314
BLX_sigma_0.05,4,69,0.17871300548540314
BLX_sigma_0.05,4,70,0.1745073185958016
BLX_sigma_0.05,4,71,0.1745073185958016
BLX_sigma_0.05,4,72,0.1745073185958016
BLX_sigma_0.05,4,73,0.1745073185958016
BLX_sigma_0.05,4,74,0.1745073185958016
BLX_sigma_0.05,4,75,0.1745073185958016
BLX_sigma_0.05,4,76,0.1745073185958016
BLX_sigma_0.05,4,77,0.15168196936441158
BLX_sigma_0.05,4,78,0.1505046666410088
BLX_sigma_0.05,4,79,0.1260316902418417
BLX_sigma_0.05,4,80,0.1260316902418417
BLX_sigma_0.05,4,81,0.1260316902418417
BLX_sigma_0.05,4,82,0.1260316902418417
BLX_sigma_0.05,4,83,0.1260316902418417
BLX_sigma_0.05,4,84,0.1260316902418417
BLX_sigma_0.05,4,85,0.1260316902418417
BLX_sigma_0.05,4,86,0.1260316902418417
BLX_sigma_0.05,4,87,0.092775140850472
BLX_sigma_0.05,4,88,0.092775140850472
BLX_sigma_0.05,4,89,0.092775140850472
BLX_sigma_0.05,4,90,0.092775140850472
BLX_sigma_0.05,4,91,0.092775140850472
BLX_sigma_0.05,4,92,0.092775140850472
BLX_sigma_0.05,4,93,0.092775140850472
BLX_sigma_0.05,4,94,0.092775140850472
BLX_sigma_0.05,4,95,0.092775140850472
BLX_sigma_0.05,4,96,0.092775140850472
BLX_sigma_0.05,4,97,0.092775140850472
BLX_sigma_0.05,4,98,0.092775140850472
BLX_sigma_0.05,4,99,0.092775140850472
BLX_sigma_0.05,4,100,0.092775140850472
BLX_sigma_0.05,4,101,0.092775140850472
BLX_sigma_0.05,4,102,0.08655108112966137
BLX_sigma_0.05,4,103,0.08655108112966137
BLX_sigma_0.05,4,104,0.07935083621531924
BLX_sigma_0.05,4,105,0.07819264145768223
BLX_sigma_0.05,4,106,0.07819264145768223
BLX_sigma_0.05,4,107,0.07801794175225696
BLX_sigma_0.05,4,108,0.0779280119604212
BLX_sigma_0.05,4,109,0.07761139232622971
BLX_sigma_0.05,4,110,0.07758593417310933
BLX_sigma_0.05,4,111,0.07758593417310933
BLX_sigma_0.05,4,112,0.07730412376461038
BLX_sigma_0.05,4,113,0.07730412376461038
BLX_sigma_0.05,4,114,0.07714087294633021
BLX_sigma_0.05,4,115,0.0771144487419545
BLX_sigma_0.05,4,116,0.0771144487419545
BLX_sigma_0.05,4,117,0.07696168322651331
BLX_sigma_0.05,4,118,0.07696168322651331
BLX_sigma_0.05,4,119,0.07682392358887968
BLX_sigma_0.05,4,120,0.07680148825577338
BLX_sigma_0.05,4,121,0.07677878165523655
BLX_sigma_0.05,4,122,0.07677878165523655
BLX_sigma_0.05,4,123,0.07677878165523655
BLX_sigma_0.05,4,124,0.07672198771340144
BLX_sigma_0.05,4,125,0.07672198771340144
BLX_sigma_0.05,4,126,0.07431085359449796
BLX_sigma_0.05,4,127,0.07428300203747318
BLX_sigma_0.05,4,128,0.07428300203747318
BLX_sigma_0.05,4,129,0.07428300203747318
BLX_sigma_0.05,4,130,0.07425624860353652
BLX_sigma_0.05,4,131,0.07425624860353652
BLX_sigma_0.05,4,132,0.07378919306165532
BLX_sigma_0.05,4,133,0.0725912351703577
BLX_sigma_0.05,4,134,0.07087338177585156
BLX_sigma_0.05,4,135,0.07071230980125387
BLX_sigma_0.05,4,136,0.07071230980125387
BLX_sigma_0.05,4,137,0.07071230980125387
BLX_sigma_0.05,4,138,0.07071230980125387
BLX_sigma_0.05,4,139,0.07067052779914418
BLX_sigma_0.05,4,140,0.07067052779914418
BLX_sigma_0.05,4,141,0.07067052779914418
BLX_sigma_0.05,4,142,0.07066368886077745
BLX_sigma_0.05,4,143,0.07065211269507576
BLX_sigma_0.05,4,144,0.07065211269507576
BLX_sigma_0.05,4,145,0.07065211269507576
BLX_sigma_0.05,4,146,0.07065211269507576
BLX_sigma_0.05,4,147,0.07064049520681315
BLX_sigma_0.05,4,148,0.07064049520681315
BLX_sigma_0.05,4,149,0.07064049520681315
BLX_sigma_0.05,4,150,0.07064049520681315
BLX_sigma_0.05,4,151,0.07064008049277959
BLX_sigma_0.05,4,152,0.07063705639235018
BLX_sigma_0.05,4,153,0.07063705639235018
BLX_sigma_0.05,4,154,0.07063609992662068
BLX_sigma_0.05,4,155,0.07063609992662068
BLX_sigma_0.05,4,156,0.07063609992662068
BLX_sigma_0.05,4,157,0.07063506416093202
BLX_sigma_0.05,4,158,0.07063255415772585
BLX_sigma_0.05,4,159,0.07063255415772585
BLX_sigma_0.05,4,160,0.07063255415772585
BLX_sigma_0.05,4,161,0.0706305196227156
BLX_sigma_0.05,4,162,0.07062909962324804
BLX_sigma_0.05,4,163,0.07062909962324804
BLX_sigma_0.05,4,164,0.07062756377537316
BLX_sigma_0.05,4,165,0.07062756377537316
BLX_sigma_0.05,4,166,0.07062680810314115
BLX_sigma_0.05,4,167,0.07062680810314115
BLX_sigma_0.05,5,0,93.56896413276998
BLX_sigma_0.05,5,1,71.07344804090266
BLX_sigma_0.05,5,2,40.80113203665541
BLX_sigma_0.05,5,3,22.99650883926036
BLX_sigma_0.05,5,4,8.553670851865855
BLX_sigma_0.05,5,5,7.08651778817946
BLX_sigma_0.05,5,6,3.7798265967542424
BLX_sigma_0.05,5,7,3.7798265967542424
BLX_sigma_0.05,5,8,3.4112613239748777
BLX_sigma_0.05,5,9,1.7012305712775049
BLX_sigma_0.05,5,10,1.7012305712775049
BLX_sigma_0.05,5,11,1.7012305712775049
BLX_sigma_0.05,5,12,1.4621210690992705
BLX_sigma_0.05,5,13,1.2538641611868142
BLX_sigma_0.05,5,14,1.2538641611868142
BLX_sigma_0.05,5,15,1.1013755457996095
BLX_sigma_0.05,5,16,1.1013755457996095
BLX_sigma_0.05,5,17,1.0992791349969273
BLX_sigma_0.05,5,18,0.6865109951070012
BLX_sigma_0.05,5,19,0.6865109951070012
BLX_sigma_0.05,5,20,0.6865109951070012
BLX_sigma_0.05,5,21,0.6865109951070012
BLX_sigma_0.05,5,22,0.6865109951070012
BLX_sigma_0.05,5,23,0.6865109951070012
BLX_sigma_0.05,5,24,0.6865109951070012
BLX_sigma_0.05,5,25,0.6865109951070012
BLX_sigma_0.05,5,26,0.6865109951070012
BLX_sigma_0.05,5,27,0.62310668880599
BLX_sigma_0.05,5,28,0.3377336947648224
BLX_sigma_0.05,5,29,0.3377336947648224
BLX_sigma_0.05,5,30,0.3377336947648224
BLX_sigma_0.05,5,31,0.3377336947648224
BLX_sigma_0.05,5,32,0.3377336947648224
BLX_sigma_0.05,5,33,0.3377336947648224
BLX_sigma_0.05,5,34,0.3023629727860504
BLX_sigma_0.05,5,35,0.3023629727860504
BLX_sigma_0.05,5,36,0.23520292815972565
BLX_sigma_0.05,5,37,0.22351782959525657
BLX_sigma_0.05,5,38,0.1796835697947462
BLX_sigma_0.05,5,39,0.15178709140320812
BLX_sigma_0.05,5,40,0.14806201207679548
BLX_sigma_0.05,5,41,0.12638626681263332
BLX_sigma_0.05,5,42,0.11945644757310736
BLX_sigma_0.05,5,43,0.11945644757310736
BLX_sigma_0.05,5,44,0.11806535838032728
BLX_sigma_0.05,5,45,0.09925142169606116
BLX_sigma_0.05,5,46,0.09925142169606116
BLX_sigma_0.05,5,47,0.08816777339395687
BLX_sigma_0.05,5,48,0.08816777339395687
BLX_sigma_0.05,5,49,0.08816777339395687
BLX_sigma_0.05,5,50,0.08793364003934656
BLX_sigma_0.05,5,51,0.08583540086918506
BLX_sigma_0.05,5,52,0.0820790215057613
BLX_sigma_0.05,5,53,0.0820790215057613
BLX_sigma_0.05,5,54,0.0820790215057613
BLX_sigma_0.05,5,55,0.08084096203431634
BLX_sigma_0.05,5,56,0.0794899848423758
BLX_sigma_0.05,5,57,0.07722194991858844
BLX_sigma_0.05,5,58,0.07722194991858844
BLX_sigma_0.05,5,59,0.0766489397251302
BLX_sigma_0.05,5,60,0.07293403196317783
BLX_sigma_0.05,5,61,0.07106868186663373
BLX_sigma_0.05,5,62,0.07106868186663373
BLX_sigma_0.05,5,63,0.06895943396474002
BLX_sigma_0.05,5,64,0.06737019001106181
BLX_sigma_0.05,5,65,0.06737019001106181
BLX_sigma_0.05,5,66,0.06619890668226491
BLX_sigma_0.05,5,67,0.06619890668226491
BLX_sigma_0.05,5,68,0.06619890668226491
BLX_sigma_0.05,5,69,0.06619890668226491
BLX_sigma_0.05,5,70,0.06619890668226491
BLX_sigma_0.05,5,71,0.06591541970961279
BLX_sigma_0.05,5,72,0.06591541970961279
BLX_sigma_0.05,5,73,0.06562644711915222
BLX_sigma_0.05,5,74,0.06562644711915222
BLX_sigma_0.05,5,75,0.06558612636575223
BLX_sigma_0.05,5,76,0.06524084403462704
BLX_sigma_0.05,5,77,0.06498433911656687
BLX_sigma_0.05,5,78,0.06481716697307427
BLX_sigma_0.05,5,79,0.06481716697307427
BLX_sigma_0.05,5,80,0.06477051721071492
BLX_sigma_0.05,5,81,0.0646328318361642
BLX_sigma_0.05,5,82,0.0646328318361642
BLX_sigma_0.05,5,83,0.06454898337850457
BLX_sigma_0.05,5,84,0.06441151551069813
BLX_sigma_0.05,5,85,0.06441151551069813
BLX_sigma_0.05,5,86,0.06439127878498974
BLX_sigma_0.05,5,87,0.06439127878498974
BLX_sigma_0.05,5,88,0.06432777416676327
BLX_sigma_0.05,5,89,0.06432777416676327
BLX_sigma_0.05,5,90,0.06421127148899097
BLX_sigma_0.05,5,91,0.06421127148899097
BLX_sigma_0.05,5,92,0.06420311401538681
BLX_sigma_0.05,5,93,0.06418678743626272
BLX_sigma_0.05,5,94,0.06416781396867921
BLX_sigma_0.05,5,95,0.06416781396867921
BLX_sigma_0.05,5,96,0.064088668601616
BLX_sigma_0.05,5,97,0.064088668601616
BLX_sigma_0.05,5,98,0.064088668601616
BLX_sigma_0.05,5,99,0.06402839269991001
BLX_sigma_0.05,5,100,0.06402839269991001
BLX_sigma_0.05,5,101,0.06402420806488307
BLX_sigma_0.05,5,102,0.06399621137681699
BLX_sigma_0.05,5,103,0.06399621137681699
BLX_sigma_0.05,5,104,0.06399452617518586
BLX_sigma_0.05,5,105,0.0639943229524298
BLX_sigma_0.05,5,106,0.06170188463960058
BLX_sigma_0.05,5,107,0.06170188463960058
BLX_sigma_0.05,5,108,0.06170188463960058
BLX_sigma_0.05,5,109,0.06170188463960058
BLX_sigma_0.05,5,110,0.06170188463960058
BLX_sigma_0.05,5,111,0.06170188463960058
BLX_sigma_0.05,5,112,0.06170188463960058
BLX_sigma_0.05,5,113,0.06170188463960058
BLX_sigma_0.05,5,114,0.061699317583677304
BLX_sigma_0.05,5,115,0.06167019480568969
BLX_sigma_0.05,5,116,0.06164083476155635
BLX_sigma_0.05,5,117,0.061637653519399094
BLX_sigma_0.05,5,118,0.061637653519399094
BLX_sigma_0.05,5,119,0.06163516129130653
BLX_sigma_0.05,5,120,0.06161386520740819
BLX_sigma_0.05,5,121,0.06161386520740819
BLX_sigma_0.05,5,122,0.06161038092481397
BLX_sigma_0.05,5,123,0.05942079875367445
BLX_sigma_0.05,5,124,0.059364487388133935
BLX_sigma_0.05,5,125,0.05933606906550026
BLX_sigma_0.05,5,126,0.059226801648416205
BLX_sigma_0.05,5,127,0.059226801648416205
BLX_sigma_0.05,5,128,0.05922168963247387
BLX_sigma_0.05,5,129,0.05922168963247387
BLX_sigma_0.05,5,130,0.059216793660384015
BLX_sigma_0.05,5,131,0.059216793660384015
BLX_sigma_0.05,5,132,0.059216793660384015
BLX_sigma_0.05,5,133,0.059216793660384015
BLX_sigma_0.05,5,134,0.05921447666066648
BLX_sigma_0.05,5,135,0.05921447666066648
BLX_sigma_0.05,5,136,0.059213695953972856
BLX_sigma_0.05,5,137,0.059213695953972856
BLX_sigma_0.05,5,138,0.059213695953972856
BLX_sigma_0.05,5,139,0.059212747946924105
BLX_sigma_0.05,5,140,0.05921218216968249
BLX_sigma_0.05,5,141,0.059211478785341276
BLX_sigma_0.05,5,142,0.05921105748443822
BLX_sigma_0.05,5,143,0.05921009381534581
BLX_sigma_0.05,5,144,0.05921009381534581
BLX_sigma_0.05,5,145,0.05920892992292193
BLX_sigma_0.05,5,146,0.059208512271133995
BLX_sigma_0.05,5,147,0.059208512271133995
BLX_sigma_0.05,5,148,0.059207900790972934
BLX_sigma_0.05,5,149,0.059207900790972934
BLX_sigma_0.05,5,150,0.059207900790972934
BLX_sigma_0.05,5,151,0.059207900790972934
BLX_sigma_0.05,5,152,0.059207900790972934
BLX_sigma_0.05,5,153,0.05920773646924993
BLX_sigma_0.05,5,154,0.05920749660253488
BLX_sigma_0.05,5,155,0.05920734907581093
BLX_sigma_0.05,5,156,0.05920640384518605
BLX_sigma_0.05,5,157,0.05920640384518605
BLX_sigma_0.05,5,158,0.05920640384518605
BLX_sigma_0.05,5,159,0.05920628431289232
BLX_sigma_0.05,5,160,0.05920619129277094
BLX_sigma_0.05,5,161,0.059205899350426416
BLX_sigma_0.05,5,162,0.059205899350426416
BLX_sigma_0.05,5,163,0.059205899350426416
BLX_sigma_0.05,5,164,0.059205863550413684
BLX_sigma_0.05,5,165,0.05920575682870377
BLX_sigma_0.05,5,166,0.05920575682870377
BLX_sigma_0.05,5,167,0.05920566676681038
BLX_sigma_0.05,6,0,132.71618634173646
BLX_sigma_0.05,6,1,75.16318892602186
BLX_sigma_0.05,6,2,43.405139034694216
BLX_sigma_0.05,6,3,17.833125977243476
BLX_sigma_0.05,6,4,14.023138558487943
BLX_sigma_0.05,6,5,9.893726755853788
BLX_sigma_0.05,6,6,6.720026672758487
BLX_sigma_0.05,6,7,4.4491288669171825
BLX_sigma_0.05,6,8,4.4085865818012495
BLX_sigma_0.05,6,9,3.409273147197875
BLX_sigma_0.05,6,10,2.3614629183235625
BLX_sigma_0.05,6,11,1.8184896098490686
BLX_sigma_0.05,6,12,1.5315226020768336
BLX_sigma_0.05,6,13,1.5248420808028083
BLX_sigma_0.05,6,14,1.3147510998830512
BLX_sigma_0.05,6,15,1.3048306006003838
BLX_sigma_0.05,6,16,1.1662732324054375
BLX_sigma_0.05,6,17,1.1662732324054375
BLX_sigma_0.05,6,18,1.1188074080852415
BLX_sigma_0.05,6,19,1.1151985714628134
BLX_sigma_0.05,6,20,1.0866358071426614
BLX_sigma_0.05,6,21,1.0583199469212625
BLX_sigma_0.05,6,22,1.0207841509105977
BLX_sigma_0.05,6,23,0.938143974374662
BLX_sigma_0.05,6,24,0.938143974374662
BLX_sigma_0.05,6,25,0.8574115400949882
BLX_sigma_0.05,6,26,0.8574115400949882
BLX_sigma_0.05,6,27,0.8574115400949882
BLX_sigma_0.05,6,28,0.8574115400949882
BLX_sigma_0.05,6,29,0.8574115400949882
BLX_sigma_0.05,6,30,0.8574115400949882
BLX_sigma_0.05,6,31,0.8574115400949882
BLX_sigma_0.05,6,32,0.8189019140499961
BLX_sigma_0.05,6,33,0.8189019140499961
BLX_sigma_0.05,6,34,0.7401208704109736
BLX_sigma_0.05,6,35,0.7401208704109736
BLX_sigma_0.05,6,36,0.7401208704109736
BLX_sigma_0.05,6,37,0.630330702312711
BLX_sigma_0.05,6,38,0.630330702312711
BLX_sigma_0.05,6,39,0.630330702312711
BLX_sigma_0.05,6,40,0.630330702312711
BLX_sigma_0.05,6,41,0.630330702312711
BLX_sigma_0.05,6,42,0.630330702312711
BLX_sigma_0.05,6,43,0.5535340450509714
BLX_sigma_0.05,6,44,0.5535340450509714
BLX_sigma_0.05,6,45,0.47360902692089024
BLX_sigma_0.05,6,46,0.47360902692089024
BLX_sigma_0.05,6,47,0.47360902692089024
BLX_sigma_0.05,6,48,0.4611088472373105
BLX_sigma_0.05,6,49,0.4611088472373105
BLX_sigma_0.05,6,50,0.4611088472373105
BLX_sigma_0.05,6,51,0.4611088472373105
BLX_sigma_0.05,6,52,0.3873616235070426
BLX_sigma_0.05,6,53,0.3873616235070426
BLX_sigma_0.05,6,54,0.3694706703537123
BLX_sigma_0.05,6,55,0.3481665683980396
BLX_sigma_0.05,6,56,0.3481665683980396
BLX_sigma_0.05,6,57,0.3248344055614588
BLX_sigma_0.05,6,58,0.3248344055614588
BLX_sigma_0.05,6,59,0.3012805947148145
BLX_sigma_0.05,6,60,0.2903668906445215
BLX_sigma_0.05,6,61,0.2903668906445215
BLX_sigma_0.05,6,62,0.2903668906445215
BLX_sigma_0.05,6,63,0.19050114342312807
BLX_sigma_0.05,6,64,0.16910271694665413
BLX_sigma_0.05,6,65,0.16610773761013842
BLX_sigma_0.05,6,66,0.16610773761013842
BLX_sigma_0.05,6,67,0.16266407140950667
BLX_sigma_0.05,6,68,0.16266407140950667
BLX_sigma_0.05,6,69,0.1570871542664084
BLX_sigma_0.05,6,70,0.1570871542664084
BLX_sigma_0.05,6,71,0.15233250676899046
BLX_sigma_0.05,6,72,0.15233250676899046
BLX_sigma_0.05,6,73,0.1507245466531243
BLX_sigma_0.05,6,74,0.1507245466531243
BLX_sigma_0.05,6,75,0.1486202878574283
BLX_sigma_0.05,6,76,0.1486202878574283
BLX_sigma_0.05,6,77,0.14827052063178547
BLX_sigma_0.05,6,78,0.14827052063178547
BLX_sigma_0.05,6,79,0.14599994994897325
BLX_sigma_0.05,6,80,0.14599994994897325
BLX_sigma_0.05,6,81,0.14004297489838147
BLX_sigma_0.05,6,82,0.14004297489838147
BLX_sigma_0.05,6,83,0.14004297489838147
BLX_sigma_0.05,6,84,0.14004297489838147
BLX_sigma_0.05,6,85,0.14004297489838147
BLX_sigma_0.05,6,86,0.14004297489838147
BLX_sigma_0.05,6,87,0.14004297489838147
BLX_sigma_0.05,6,88,0.14004297489838147
BLX_sigma_0.05,6,89,0.14004297489838147
BLX_sigma_0.05,6,90,0.14004297489838147
BLX_sigma_0.05,6,91,0.14004297489838147
BLX_sigma_0.05,6,92,0.14004297489838147
BLX_sigma_0.05,6,93,0.14004297489838147
BLX_sigma_0.05,6,94,0.10678717554140149
BLX_sigma_0.05,6,95,0.10678717554140149
BLX_sigma_0.05,6,96,0.10678717554140149
BLX_sigma_0.05,6,97,0.10678717554140149
BLX_sigma_0.05,6,98,0.10678717554140149
BLX_sigma_0.05,6,99,0.10678717554140149
BLX_sigma_0.05,6,100,0.10678717554140149
BLX_sigma_0.05,6,101,0.10678717554140149
BLX_sigma_0.05,6,102,0.10678717554140149
BLX_sigma_0.05,6,103,0.10678717554140149
BLX_sigma_0.05,6,104,0.10678717554140149
BLX_sigma_0.05,6,105,0.10678717554140149
BLX_sigma_0.05,6,106,0.10678717554140149
BLX_sigma_0.05,6,107,0.10678717554140149
BLX_sigma_0.05,6,108,0.10678717554140149
BLX_sigma_0.05,6,109,0.10678717554140149
BLX_sigma_0.05,6,110,0.10678717554140149
BLX_sigma_0.05,6,111,0.10529822681723122
BLX_sigma_0.05,6,112,0.10529822681723122
BLX_sigma_0.05,6,113,0.10529822681723122
BLX_sigma_0.05,6,114,0.10501831081555502
BLX_sigma_0.05,6,115,0.1049899089529065
BLX_sigma_0.05,6,116,0.10495631053175358
BLX_sigma_0.05,6,117,0.10495631053175358
BLX_sigma_0.05,6,118,0.1046186527748928
BLX_sigma_0.05,6,119,0.10461799736936905
BLX_sigma_0.05,6,120,0.10439863543073413
BLX_sigma_0.05,6,121,0.10407674482364893
BLX_sigma_0.05,6,122,0.1040532537961264
BLX_sigma_0.05,6,123,0.1040532537961264
BLX_sigma_0.05,6,124,0.10403837375279712
BLX_sigma_0.05,6,125,0.10403351780063852
BLX_sigma_0.05,6,126,0.10403351780063852
BLX_sigma_0.05,6,127,0.10374096497856389
BLX_sigma_0.05,6,128,0.10374096497856389
BLX_sigma_0.05,6,129,0.10373550724719671
BLX_sigma_0.05,6,130,0.10373550724719671
BLX_sigma_0.05,6,131,0.10368362443055357
BLX_sigma_0.05,6,132,0.10367726441880643
BLX_sigma_0.05,6,133,0.10365042084010656
BLX_sigma_0.05,6,134,0.10361834037779549
BLX_sigma_0.05,6,135,0.10361834037779549
BLX_sigma_0.05,6,136,0.10361834037779549
BLX_sigma_0.05,6,137,0.10361834037779549
BLX_sigma_0.05,6,138,0.10361816829344062
BLX_sigma_0.05,6,139,0.10361045059790908
BLX_sigma_0.05,6,140,0.10359224614830975
BLX_sigma_0.05,6,141,0.10358761973697217
BLX_sigma_0.05,6,142,0.10358427095658407
BLX_sigma_0.05,6,143,0.10358343046556895
BLX_sigma_0.05,6,144,0.10357541705503825
BLX_sigma_0.05,6,145,0.1035740496941604
BLX_sigma_0.05,6,146,0.10356634343746296
BLX_sigma_0.05,6,147,0.10356634343746296
BLX_sigma_0.05,6,148,0.10356634343746296
BLX_sigma_0.05,6,149,0.10356634343746296
BLX_sigma_0.05,6,150,0.10356633050036301
BLX_sigma_0.05,6,151,0.10355701608615786
BLX_sigma_0.05,6,152,0.10355701608615786
BLX_sigma_0.05,6,153,0.10355498419673159
BLX_sigma_0.05,6,154,0.1035431365230558
BLX_sigma_0.05,6,155,0.1035431365230558
BLX_sigma_0.05,6,156,0.1035431365230558
BLX_sigma_0.05,6,157,0.1035431365230558
BLX_sigma_0.05,6,158,0.10354233148398972
BLX_sigma_0.05,6,159,0.10354233148398972
BLX_sigma_0.05,6,160,0.10354039429788708
BLX_sigma_0.05,6,161,0.10354039429788708
BLX_sigma_0.05,6,162,0.10353865531201945
BLX_sigma_0.05,6,163,0.10353802288870939
BLX_sigma_0.05,6,164,0.10353739483259239
BLX_sigma_0.05,6,165,0.10353739483259239
BLX_sigma_0.05,6,166,0.10353418728648844
BLX_sigma_0.05,6,167,0.10353418728648844
BLX_sigma_0.05,7,0,118.04239513227925
BLX_sigma_0.05,7,1,64.468370721909
BLX_sigma_0.05,7,2,32.938259953092306
BLX_sigma_0.05,7,3,32.938259953092306
BLX_sigma_0.05,7,4,18.77546853305275
BLX_sigma_0.05,7,5,16.336294642762216
BLX_sigma_0.05,7,6,9.736982648168365
BLX_sigma_0.05,7,7,3.404365176432763
BLX_sigma_0.05,7,8,2.863951312776469
BLX_sigma_0.05,7,9,2.424463908215509
BLX_sigma_0.05,7,10,1.7536916800446543
BLX_sigma_0.05,7,11,1.3655771260899061
BLX_sigma_0.05,7,12,1.1972984524011705
BLX_sigma_0.05,7,13,1.1972984524011705
BLX_sigma_0.05,7,14,1.1972984524011705
BLX_sigma_0.05,7,15,1.1760569550622864
BLX_sigma_0.05,7,16,1.132909441083779
BLX_sigma_0.05,7,17,1.1268809886998872
BLX_sigma_0.05,7,18,1.0833849768142565
BLX_sigma_0.05,7,19,1.0416783817500836
BLX_sigma_0.05,7,20,1.0350444413885918
BLX_sigma_0.05,7,21,1.0259071115397627
BLX_sigma_0.05,7,22,1.0259071115397627
BLX_sigma_0.05,7,23,1.0042103617928106
BLX_sigma_0.05,7,24,0.9471615449118019
BLX_sigma_0.05,7,25,0.9471615449118019
BLX_sigma_0.05,7,26,0.9180671023780881
BLX_sigma_0.05,7,27,0.8953172776524845
BLX_sigma_0.05,7,28,0.8953172776524845
BLX_sigma_0.05,7,29,0.8807376638857737
BLX_sigma_0.05,7,30,0.8807376638857737
BLX_sigma_0.05,7,31,0.8797568276278349
BLX_sigma_0.05,7,32,0.8490186103615648
BLX_sigma_0.05,7,33,0.8490186103615648
BLX_sigma_0.05,7,34,0.8211589606502523
BLX_sigma_0.05,7,35,0.646436275123671
BLX_sigma_0.05,7,36,0.646436275123671
BLX_sigma_0.05,7,37,0.646436275123671
BLX_sigma_0.05,7,38,0.5794313077186826
BLX_sigma_0.05,7,39,0.5463627024345936
BLX_sigma_0.05,7,40,0.5463627024345936
BLX_sigma_0.05,7,41,0.5463627024345936
BLX_sigma_0.05,7,42,0.5463627024345936
BLX_sigma_0.05,7,43,0.3840786927814669
BLX_sigma_0.05,7,44,0.3840786927814669
BLX_sigma_0.05,7,45,0.3840786927814669
BLX_sigma_0.05,7,46,0.3840786927814669
BLX_sigma_0.05,7,47,0.3632884678841203
BLX_sigma_0.05,7,48,0.3632884678841203
BLX_sigma_0.05,7,49,0.3632884678841203
BLX_sigma_0.05,7,50,0.2767269763724799
BLX_sigma_0.05,7,51,0.2767269763724799
BLX_sigma_0.05,7,52,0.2767269763724799
BLX_sigma_0.05,7,53,0.2767269763724799
BLX_sigma_0.05,7,54,0.24394483148314883
BLX_sigma_0.05,7,55,0.22961641684143208
BLX_sigma_0.05,7,56,0.20035324777079133
BLX_sigma_0.05,7,57,0.15841374685820453
BLX_sigma_0.05,7,58,0.15841374685820453
BLX_sigma_0.05,7,59,0.14575636522552138
BLX_sigma_0.05,7,60,0.11115363513548027
BLX_sigma_0.05,7,61,0.11115363513548027
BLX_sigma_0.05,7,62,0.11115363513548027
BLX_sigma_0.05,7,63,0.10118167684982637
BLX_sigma_0.05,7,64,0.10118167684982637
BLX_sigma_0.05,7,65,0.09345529505877381
BLX_sigma_0.05,7,66,0.08360927593361689
BLX_sigma_0.05,7,67,0.08360927593361689
BLX_sigma_0.05,7,68,0.07549624313170555
BLX_sigma_0.05,7,69,0.0704635675448233
BLX_sigma_0.05,7,70,0.0680039854812361
BLX_sigma_0.05,7,71,0.06768806638885938
BLX_sigma_0.05,7,72,0.06748885675136673
BLX_sigma_0.05,7,73,0.06546711712390274
BLX_sigma_0.05,7,74,0.061165508375134015
BLX_sigma_0.05,7,75,0.061165508375134015
BLX_sigma_0.05,7,76,0.06073969443448013
BLX_sigma_0.05,7,77,0.05901709731052551
BLX_sigma_0.05,7,78,0.05698190345708476
BLX_sigma_0.05,7,79,0.05698190345708476
BLX_sigma_0.05,7,80,0.05698190345708476
BLX_sigma_0.05,7,81,0.05364169125931517
BLX_sigma_0.05,7,82,0.05364169125931517
BLX_sigma_0.05,7,83,0.05293452963699419
BLX_sigma_0.05,7,84,0.05293452963699419
BLX_sigma_0.05,7,85,0.0519584250733256
BLX_sigma_0.05,7,86,0.0519584250733256
BLX_sigma_0.05,7,87,0.05103468805394884
BLX_sigma_0.05,7,88,0.05103468805394884
BLX_sigma_0.05,7,89,0.05030276734352235
BLX_sigma_0.05,7,90,0.05030276734352235
BLX_sigma_0.05,7,91,0.05030276734352235
BLX_sigma_0.05,7,92,0.05027339611343573
BLX_sigma_0.05,7,93,0.04983293222346874
BLX_sigma_0.05,7,94,0.04967342767864058
BLX_sigma_0.05,7,95,0.04950505680020789
BLX_sigma_0.05,7,96,0.04932333005656475
BLX_sigma_0.05,7,97,0.049154033109765405
BLX_sigma_0.05,7,98,0.049154033109765405
BLX_sigma_0.05,7,99,0.04901657374289892
BLX_sigma_0.05,7,100,0.04901657374289892
BLX_sigma_0.05,7,101,0.04882509037931493
BLX_sigma_0.05,7,102,0.026282028369361443
BLX_sigma_0.05,7,103,0.020190339479742803
BLX_sigma_0.05,7,104,0.020190339479742803
BLX_sigma_0.05,7,105,0.02007160418584719
BLX_sigma_0.05,7,106,0.019532864185476617
BLX_sigma_0.05,7,107,0.019532864185476617
BLX_sigma_0.05,7,108,0.019532864185476617
BLX_sigma_0.05,7,109,0.019420113542831907
BLX_sigma_0.05,7,110,0.019353779400748228
BLX_sigma_0.05,7,111,0.019353779400748228
BLX_sigma_0.05,7,112,0.019331865216519417
BLX_sigma_0.05,7,113,0.019331865216519417
BLX_sigma_0.05,7,114,0.01926861022577442
BLX_sigma_0.05,7,115,0.01924902272451323
BLX_sigma_0.05,7,116,0.01924902272451323
BLX_sigma_0.05,7,117,0.019176261188469823
BLX_sigma_0.05,7,118,0.019176261188469823
BLX_sigma_0.05,7,119,0.01916934070309262
BLX_sigma_0.05,7,120,0.01916934070309262
BLX_sigma_0.05,7,121,0.019138340773663498
BLX_sigma_0.05,7,122,0.01912754674177486
BLX_sigma_0.05,7,123,0.01912754674177486
BLX_sigma_0.05,7,124,0.01912754674177486
BLX_sigma_0.05,7,125,0.01912754674177486
BLX_sigma_0.05,7,126,0.01912754674177486
BLX_sigma_0.05,7,127,0.01912754674177486
BLX_sigma_0.05,7,128,0.019121972589147607
BLX_sigma_0.05,7,129,0.019121972589147607
BLX_sigma_0.05,7,130,0.019121972589147607
BLX_sigma_0.05,7,131,0.019121972589147607
BLX_sigma_0.05,7,132,0.019117163908365042
BLX_sigma_0.05,7,133,0.019117163908365042
BLX_sigma_0.05,7,134,0.019117163908365042
BLX_sigma_0.05,7,135,0.019116565576258293
BLX_sigma_0.05,7,136,0.01911625892701263
BLX_sigma_0.05,7,137,0.019110531398664143
BLX_sigma_0.05,7,138,0.01911010126054169
BLX_sigma_0.05,7,139,0.019102802244899575
BLX_sigma_0.05,7,140,0.019102802244899575
BLX_sigma_0.05,7,141,0.019102802244899575
BLX_sigma_0.05,7,142,0.019102802244899575
BLX_sigma_0.05,7,143,0.019102802244899575
BLX_sigma_0.05,7,144,0.019102802244899575
BLX_sigma_0.05,7,145,0.019102802244899575
BLX_sigma_0.05,7,146,0.019102802244899575
BLX_sigma_0.05,7,147,0.019102232731506574
BLX_sigma_0.05,7,148,0.019102232731506574
BLX_sigma_0.05,7,149,0.01910175958849014
BLX_sigma_0.05,7,150,0.019100397809907577
BLX_sigma_0.05,7,151,0.01909869639330619
BLX_sigma_0.05,7,152,0.019098420242029457
BLX_sigma_0.05,7,153,0.019097853866140824
BLX_sigma_0.05,7,154,0.019097853866140824
BLX_sigma_0.05,7,155,0.019096719306921695
BLX_sigma_0.05,7,156,0.019096719306921695
BLX_sigma_0.05,7,157,0.01909610848660004
BLX_sigma_0.05,7,158,0.01909564828647814
BLX_sigma_0.05,7,159,0.019094478322104536
BLX_sigma_0.05,7,160,0.019093797294723713
BLX_sigma_0.05,7,161,0.019093797294723713
BLX_sigma_0.05,7,162,0.01909245386780478
BLX_sigma_0.05,7,163,0.01909245386780478
BLX_sigma_0.05,7,164,0.01909245386780478
BLX_sigma_0.05,7,165,0.019092434191984364
BLX_sigma_0.05,7,166,0.019092017497262415
BLX_sigma_0.05,7,167,0.017266271192374005
BLX_sigma_0.05,8,0,145.91307609651784
BLX_sigma_0.05,8,1,68.29475471294668
BLX_sigma_0.05,8,2,58.13326815600578
BLX_sigma_0.05,8,3,23.115542947502412
BLX_sigma_0.05,8,4,16.970899098100496
BLX_sigma_0.05,8,5,7.917700058357284
BLX_sigma_0.05,8,6,6.027268596852623
BLX_sigma_0.05,8,7,3.643303532890498
BLX_sigma_0.05,8,8,2.9892750382699576
BLX_sigma_0.05,8,9,2.148622018392978
BLX_sigma_0.05,8,10,1.8637457087168674
BLX_sigma_0.05,8,11,1.310750485175756
BLX_sigma_0.05,8,12,1.310750485175756
BLX_sigma_0.05,8,13,1.2845810191907474
BLX_sigma_0.05,8,14,1.1056390692345712
BLX_sigma_0.05,8,15,1.1040873726357527
BLX_sigma_0.05,8,16,1.0414082633887705
BLX_sigma_0.05,8,17,1.0414082633887705
BLX_sigma_0.05,8,18,1.0142402944212512
BLX_sigma_0.05,8,19,1.0131967855304223
BLX_sigma_0.05,8,20,0.8092555402950425
BLX_sigma_0.05,8,21,0.8092555402950425
BLX_sigma_0.05,8,22,0.8092555402950425
BLX_sigma_0.05,8,23,0.8092555402950425
BLX_sigma_0.05,8,24,0.8092555402950425
BLX_sigma_0.05,8,25,0.8092555402950425
BLX_sigma_0.05,8,26,0.8092555402950425
BLX_sigma_0.05,8,27,0.6048911436748469
BLX_sigma_0.05,8,28,0.5800888949778417
BLX_sigma_0.05,8,29,0.5800888949778417
BLX_sigma_0.05,8,30,0.5800888949778417
BLX_sigma_0.05,8,31,0.5756012763189913
BLX_sigma_0.05,8,32,0.5756012763189913
BLX_sigma_0.05,8,33,0.5756012763189913
BLX_sigma_0.05,8,34,0.5756012763189913
BLX_sigma_0.05,8,35,0.4600083367372598
BLX_sigma_0.05,8,36,0.4600083367372598
BLX_sigma_0.05,8,37,0.4600083367372598
BLX_sigma_0.05,8,38,0.4210064978120812
BLX_sigma_0.05,8,39,0.4210064978120812
BLX_sigma_0.05,8,40,0.41749996887774177
BLX_sigma_0.05,8,41,0.41749996887774177
BLX_sigma_0.05,8,42,0.36736597300752083
BLX_sigma_0.05,8,43,0.3657009763995923
BLX_sigma_0.05,8,44,0.3627586190130414
BLX_sigma_0.05,8,45,0.3534320500250865
BLX_sigma_0.05,8,46,0.34351938534375137
BLX_sigma_0.05,8,47,0.3138291397336266
BLX_sigma_0.05,8,48,0.3138291397336266
BLX_sigma_0.05,8,49,0.3138291397336266
BLX_sigma_0.05,8,50,0.3115632620831751
BLX_sigma_0.05,8,51,0.2122856063018791
BLX_sigma_0.05,8,52,0.20096147083807736
BLX_sigma_0.05,8,53,0.20096147083807736
BLX_sigma_0.05,8,54,0.20096147083807736
BLX_sigma_0.05,8,55,0.20096147083807736
BLX_sigma_0.05,8,56,0.19191286058770374
BLX_sigma_0.05,8,57,0.1890884175679155
BLX_sigma_0.05,8,58,0.18123312838072647
BLX_sigma_0.05,8,59,0.1803599084198091
BLX_sigma_0.05,8,60,0.1776988977457088
BLX_sigma_0.05,8,61,0.17003985065719618
BLX_sigma_0.05,8,62,0.16768802447174447
BLX_sigma_0.05,8,63,0.13255873290243514
BLX_sigma_0.05,8,64,0.11683450130681172
BLX_sigma_0.05,8,65,0.04494351850272449
BLX_sigma_0.05,8,66,0.04494351850272449
BLX_sigma_0.05,8,67,0.041510503091362394
BLX_sigma_0.05,8,68,0.03744980882634541
BLX_sigma_0.05,8,69,0.03744980882634541
BLX_sigma_0.05,8,70,0.03744980882634541
BLX_sigma_0.05,8,71,0.03744980882634541
BLX_sigma_0.05,8,72,0.03612099072751507
BLX_sigma_0.05,8,73,0.03438483917804369
BLX_sigma_0.05,8,74,0.03438483917804369
BLX_sigma_0.05,8,75,0.03226467157509483
BLX_sigma_0.05,8,76,0.031742474543689614
BLX_sigma_0.05,8,77,0.030610099932615986
BLX_sigma_0.05,8,78,0.029339195158569642
BLX_sigma_0.05,8,79,0.0290326401292601
BLX_sigma_0.05,8,80,0.028021012812377122
BLX_sigma_0.05,8,81,0.027695370189293356
BLX_sigma_0.05,8,82,0.026990552812396817
BLX_sigma_0.05,8,83,0.026990552812396817
BLX_sigma_0.05,8,84,0.026048746422822178
BLX_sigma_0.05,8,85,0.025525497426608035
BLX_sigma_0.05,8,86,0.025518988801298992
BLX_sigma_0.05,8,87,0.025396515333729885
BLX_sigma_0.05,8,88,0.025224025146770024
BLX_sigma_0.05,8,89,0.02489553271375733
BLX_sigma_0.05,8,90,0.02489553271375733
BLX_sigma_0.05,8,91,0.024720122375604947
BLX_sigma_0.05,8,92,0.024683407406830504
BLX_sigma_0.05,8,93,0.024343054468633607
BLX_sigma_0.05,8,94,0.024343054468633607
BLX_sigma_0.05,8,95,0.024343054468633607
BLX_sigma_0.05,8,96,0.024343054468633607
BLX_sigma_0.05,8,97,0.024343054468633607
BLX_sigma_0.05,8,98,0.024106137757467505
BLX_sigma_0.05,8,99,0.024106137757467505
BLX_sigma_0.05,8,100,0.024106137757467505
BLX_sigma_0.05,8,101,0.024019697339447976
BLX_sigma_0.05,8,102,0.024019697339447976
BLX_sigma_0.05,8,103,0.02394683703876932
BLX_sigma_0.05,8,104,0.02394683703876932
BLX_sigma_0.05,8,105,0.023898482497709317
BLX_sigma_0.05,8,106,0.023800024661863373
BLX_sigma_0.05,8,107,0.023800024661863373
BLX_sigma_0.05,8,108,0.02377090778988311
BLX_sigma_0.05,8,109,0.02377090778988311
BLX_sigma_0.05,8,110,0.023749833770831508
BLX_sigma_0.05,8,111,0.02372179937372554
BLX_sigma_0.05,8,112,0.023705194897828963
BLX_sigma_0.05,8,113,0.02368917384046154
BLX_sigma_0.05,8,114,0.023669958702783767
BLX_sigma_0.05,8,115,0.023623212858391307
BLX_sigma_0.05,8,116,0.023623212858391307
BLX_sigma_0.05,8,117,0.023623212858391307
BLX_sigma_0.05,8,118,0.023623212858391307
BLX_sigma_0.05,8,119,0.023623212858391307
BLX_sigma_0.05,8,120,0.02362070137187844
BLX_sigma_0.05,8,121,0.023615703799913734
BLX_sigma_0.05,8,122,0.023609449190922893
BLX_sigma_0.05,8,123,0.023609117837688598
BLX_sigma_0.05,8,124,0.023604037250304355
BLX_sigma_0.05,8,125,0.023604037250304355
BLX_sigma_0.05,8,126,0.023604037250304355
BLX_sigma_0.05,8,127,0.023593247385687577
BLX_sigma_0.05,8,128,0.023591061814943526
BLX_sigma_0.05,8,129,0.023589993835857137
BLX_sigma_0.05,8,130,0.02358588665949879
BLX_sigma_0.05,8,131,0.02358467577028811
BLX_sigma_0.05,8,132,0.02358467577028811
BLX_sigma_0.05,8,133,0.02358196957907388
BLX_sigma_0.05,8,134,0.023581531480287743
BLX_sigma_0.05,8,135,0.023578704996307542
BLX_sigma_0.05,8,136,0.023574091394476304
BLX_sigma_0.05,8,137,0.023574091394476304
BLX_sigma_0.05,8,138,0.02357080655729149
BLX_sigma_0.05,8,139,0.02357080655729149
BLX_sigma_0.05,8,140,0.02357080655729149
BLX_sigma_0.05,8,141,0.023569642476999664
BLX_sigma_0.05,8,142,0.02356866942555136
BLX_sigma_0.05,8,143,0.023567565053205897
BLX_sigma_0.05,8,144,0.023565472363462292
BLX_sigma_0.05,8,145,0.023565472363462292
BLX_sigma_0.05,8,146,0.023565472363462292
BLX_sigma_0.05,8,147,0.023564027013914246
BLX_sigma_0.05,8,148,0.02356378582530938
BLX_sigma_0.05,8,149,0.023563457036882896
BLX_sigma_0.05,8,150,0.02356273514177709
BLX_sigma_0.05,8,151,0.02356273514177709
BLX_sigma_0.05,8,152,0.023561939994499292
BLX_sigma_0.05,8,153,0.023561234346420767
BLX_sigma_0.05,8,154,0.02356070859571724
BLX_sigma_0.05,8,155,0.023559419784489277
BLX_sigma_0.05,8,156,0.023559419784489277
BLX_sigma_0.05,8,157,0.023559419784489277
BLX_sigma_0.05,8,158,0.02355876402515622
BLX_sigma_0.05,8,159,0.02355876402515622
BLX_sigma_0.05,8,160,0.02355876402515622
BLX_sigma_0.05,8,161,0.023558517706228743
BLX_sigma_0.05,8,162,0.023558517706228743
BLX_sigma_0.05,8,163,0.023558517706228743
BLX_sigma_0.05,8,164,0.023558416092846368
BLX_sigma_0.05,8,165,0.023558277223608814
BLX_sigma_0.05,8,166,0.023557831267841278
BLX_sigma_0.05,8,167,0.023557831267841278
BLX_sigma_0.05,9,0,77.0653663139
BLX_sigma_0.05,9,1,51.32335710509795
BLX_sigma_0.05,9,2,20.615426017559557
BLX_sigma_0.05,9,3,20.615426017559557
BLX_sigma_0.05,9,4,15.589031371648062
BLX_sigma_0.05,9,5,8.541220658658998
BLX_sigma_0.05,9,6,4.682280506647678
BLX_sigma_0.05,9,7,3.3941796225439083
BLX_sigma_0.05,9,8,3.2214567120253896
BLX_sigma_0.05,9,9,2.4241230561724594
BLX_sigma_0.05,9,10,1.8234492865597411
BLX_sigma_0.05,9,11,1.8029002184109593
BLX_sigma_0.05,9,12,1.5632593433533668
BLX_sigma_0.05,9,13,1.3568003593258506
BLX_sigma_0.05,9,14,1.2784385307482944
BLX_sigma_0.05,9,15,1.2133576545738538
BLX_sigma_0.05,9,16,1.1339530196033896
BLX_sigma_0.05,9,17,1.1339530196033896
BLX_sigma_0.05,9,18,1.119311619178111
BLX_sigma_0.05,9,19,1.1083727334887656
BLX_sigma_0.05,9,20,1.096038769031234
BLX_sigma_0.05,9,21,0.9262568821662233
BLX_sigma_0.05,9,22,0.9262568821662233
BLX_sigma_0.05,9,23,0.9262568821662233
BLX_sigma_0.05,9,24,0.9262568821662233
BLX_sigma_0.05,9,25,0.9262568821662233
BLX_sigma_0.05,9,26,0.9262568821662233
BLX_sigma_0.05,9,27,0.9262568821662233
BLX_sigma_0.05,9,28,0.9262568821662233
BLX_sigma_0.05,9,29,0.8305689646480128
BLX_sigma_0.05,9,30,0.8305689646480128
BLX_sigma_0.05,9,31,0.6650119343197648
BLX_sigma_0.05,9,32,0.6650119343197648
BLX_sigma_0.05,9,33,0.6650119343197648
BLX_sigma_0.05,9,34,0.6650119343197648
BLX_sigma_0.05,9,35,0.6650119343197648
BLX_sigma_0.05,9,36,0.6650119343197648
BLX_sigma_0.05,9,37,0.6478560104220266
BLX_sigma_0.05,9,38,0.6478560104220266
BLX_sigma_0.05,9,39,0.6478560104220266
BLX_sigma_0.05,9,40,0.6478560104220266
BLX_sigma_0.05,9,41,0.6478560104220266
BLX_sigma_0.05,9,42,0.558533078707568
BLX_sigma_0.05,9,43,0.5557914465021275
BLX_sigma_0.05,9,44,0.5431253790910515
BLX_sigma_0.05,9,45,0.47341559372560327
BLX_sigma_0.05,9,46,0.46213720933654634
BLX_sigma_0.05,9,47,0.46213720933654634
BLX_sigma_0.05,9,48,0.3903640390250973
BLX_sigma_0.05,9,49,0.3903640390250973
BLX_sigma_0.05,9,50,0.3903640390250973
BLX_sigma_0.05,9,51,0.381547914937578
BLX_sigma_0.05,9,52,0.37447825307607885
BLX_sigma_0.05,9,53,0.37447825307607885
BLX_sigma_0.05,9,54,0.36541046678516054
BLX_sigma_0.05,9,55,0.3318970476657417
BLX_sigma_0.05,9,56,0.3318970476657417
BLX_sigma_0.05,9,57,0.28485065171817914
BLX_sigma_0.05,9,58,0.22797875317557625
BLX_sigma_0.05,9,59,0.20701325783987323
BLX_sigma_0.05,9,60,0.1994582381919996
BLX_sigma_0.05,9,61,0.19731891640852584
BLX_sigma_0.05,9,62,0.17822692884988844
BLX_sigma_0.05,9,63,0.17822692884988844
BLX_sigma_0.05,9,64,0.17822692884988844
BLX_sigma_0.05,9,65,0.17822692884988844
BLX_sigma_0.05,9,66,0.171472120913027
BLX_sigma_0.05,9,67,0.1495997590690551
BLX_sigma_0.05,9,68,0.1495997590690551
BLX_sigma_0.05,9,69,0.13589832485094833
BLX_sigma_0.05,9,70,0.13589832485094833
BLX_sigma_0.05,9,71,0.13551507738849922
BLX_sigma_0.05,9,72,0.12841361463512713
BLX_sigma_0.05,9,73,0.12092447714177967
BLX_sigma_0.05,9,74,0.12092447714177967
BLX_sigma_0.05,9,75,0.12092447714177967
BLX_sigma_0.05,9,76,0.11260117427656735
BLX_sigma_0.05,9,77,0.11260117427656735
BLX_sigma_0.05,9,78,0.10410973992144434
BLX_sigma_0.05,9,79,0.1038297123571339
BLX_sigma_0.05,9,80,0.09049082962307853
BLX_sigma_0.05,9,81,0.09049082962307853
BLX_sigma_0.05,9,82,0.09049082962307853
BLX_sigma_0.05,9,83,0.09049082962307853
BLX_sigma_0.05,9,84,0.09049082962307853
BLX_sigma_0.05,9,85,0.09049082962307853
BLX_sigma_0.05,9,86,0.09049082962307853
BLX_sigma_0.05,9,87,0.09049082962307853
BLX_sigma_0.05,9,88,0.09049082962307853
BLX_sigma_0.05,9,89,0.09049082962307853
BLX_sigma_0.05,9,90,0.09049082962307853
BLX_sigma_0.05,9,91,0.065753471904471
BLX_sigma_0.05,9,92,0.065753471904471
BLX_sigma_0.05,9,93,0.065753471904471
BLX_sigma_0.05,9,94,0.06483040833592346
BLX_sigma_0.05,9,95,0.06483040833592346
BLX_sigma_0.05,9,96,0.06483040833592346
BLX_sigma_0.05,9,97,0.06483040833592346
BLX_sigma_0.05,9,98,0.06173217954099641
BLX_sigma_0.05,9,99,0.06173217954099641
BLX_sigma_0.05,9,100,0.06173217954099641
BLX_sigma_0.05,9,101,0.06124939344861624
BLX_sigma_0.05,9,102,0.06124939344861624
BLX_sigma_0.05,9,103,0.06104782594761138
BLX_sigma_0.05,9,104,0.06048304439035579
BLX_sigma_0.05,9,105,0.05867131504467327
BLX_sigma_0.05,9,106,0.05683988215033975
BLX_sigma_0.05,9,107,0.05591785252125203
BLX_sigma_0.05,9,108,0.05532312226845393
BLX_sigma_0.05,9,109,0.05532312226845393
BLX_sigma_0.05,9,110,0.05532312226845393
BLX_sigma_0.05,9,111,0.05522238971453053
BLX_sigma_0.05,9,112,0.05522238971453053
BLX_sigma_0.05,9,113,0.05485031203339008
BLX_sigma_0.05,9,114,0.054742622872162916
BLX_sigma_0.05,9,115,0.05385471785507001
BLX_sigma_0.05,9,116,0.05385471785507001
BLX_sigma_0.05,9,117,0.053674466504548435
BLX_sigma_0.05,9,118,0.053674466504548435
BLX_sigma_0.05,9,119,0.05220980351634508
BLX_sigma_0.05,9,120,0.05220980351634508
BLX_sigma_0.05,9,121,0.05220980351634508
BLX_sigma_0.05,9,122,0.05220980351634508
BLX_sigma_0.05,9,123,0.051850927515425416
BLX_sigma_0.05,9,124,0.051850927515425416
BLX_sigma_0.05,9,125,0.0515888078076594
BLX_sigma_0.05,9,126,0.0515888078076594
BLX_sigma_0.05,9,127,0.05153628908291963
BLX_sigma_0.05,9,128,0.05153628908291963
BLX_sigma_0.05,9,129,0.05148827925702737
BLX_sigma_0.05,9,130,0.044651557710139955
BLX_sigma_0.05,9,131,0.044651557710139955
BLX_sigma_0.05,9,132,0.044651557710139955
BLX_sigma_0.05,9,133,0.04434172727011476
BLX_sigma_0.05,9,134,0.04434172727011476
BLX_sigma_0.05,9,135,0.04434172727011476
BLX_sigma_0.05,9,136,0.04434172727011476
BLX_sigma_0.05,9,137,0.04323215734034214
BLX_sigma_0.05,9,138,0.04323215734034214
BLX_sigma_0.05,9,139,0.04323215734034214
BLX_sigma_0.05,9,140,0.043100758888556245
BLX_sigma_0.05,9,141,0.04240528284138945
BLX_sigma_0.05,9,142,0.04233256996284851
BLX_sigma_0.05,9,143,0.0420766991685223
BLX_sigma_0.05,9,144,0.04206238573989607
BLX_sigma_0.05,9,145,0.04206238573989607
BLX_sigma_0.05,9,146,0.041998067568371544
BLX_sigma_0.05,9,147,0.04184929659404446
BLX_sigma_0.05,9,148,0.04184929659404446
BLX_sigma_0.05,9,149,0.041776417635296936
BLX_sigma_0.05,9,150,0.041776417635296936
BLX_sigma_0.05,9,151,0.04171140468373036
BLX_sigma_0.05,9,152,0.04171140468373036
BLX_sigma_0.05,9,153,0.041688478379988014
BLX_sigma_0.05,9,154,0.04168234911617752
BLX_sigma_0.05,9,155,0.04166933192613398
BLX_sigma_0.05,9,156,0.04165618749000144
BLX_sigma_0.05,9,157,0.04163300872780584
BLX_sigma_0.05,9,158,0.041623231450856446
BLX_sigma_0.05,9,159,0.041623231450856446
BLX_sigma_0.05,9,160,0.04161480430376985
BLX_sigma_0.05,9,161,0.041606138936070014
BLX_sigma_0.05,9,162,0.04160461514570635
BLX_sigma_0.05,9,163,0.04157840583444461
BLX_sigma_0.05,9,164,0.04157840583444461
BLX_sigma_0.05,9,165,0.04157840583444461
BLX_sigma_0.05,9,166,0.04157840583444461
BLX_sigma_0.05,9,167,0.04155647756420766
BLX_sigma_0.05,10,0,144.55647606367518
BLX_sigma_0.05,10,1,34.93154063898481
BLX_sigma_0.05,10,2,34.93154063898481
BLX_sigma_0.05,10,3,18.394879549829433
BLX_sigma_0.05,10,4,12.219146599856135
BLX_sigma_0.05,10,5,11.156511076140276
BLX_sigma_0.05,10,6,9.400757364212302
BLX_sigma_0.05,10,7,5.395490719940157
BLX_sigma_0.05,10,8,3.7548872739361636
BLX_sigma_0.05,10,9,3.0856096553643164
BLX_sigma_0.05,10,10,2.8163521207529896
BLX_sigma_0.05,10,11,1.8688465403322894
BLX_sigma_0.05,10,12,1.813488153112803
BLX_sigma_0.05,10,13,1.3587719689514832
BLX_sigma_0.05,10,14,1.3587719689514832
BLX_sigma_0.05,10,15,1.2963074592292823
BLX_sigma_0.05,10,16,1.1720930366419484
BLX_sigma_0.05,10,17,1.1023230861233575
BLX_sigma_0.05,10,18,1.0548899490853247
BLX_sigma_0.05,10,19,1.0548899490853247
BLX_sigma_0.05,10,20,1.0526818391559023
BLX_sigma_0.05,10,21,1.0287554590049408
BLX_sigma_0.05,10,22,1.0227507679442815
BLX_sigma_0.05,10,23,1.0227507679442815
BLX_sigma_0.05,10,24,0.9842775738022729
BLX_sigma_0.05,10,25,0.9842775738022729
BLX_sigma_0.05,10,26,0.934858887108104
BLX_sigma_0.05,10,27,0.934858887108104
BLX_sigma_0.05,10,28,0.934858887108104
BLX_sigma_0.05,10,29,0.934858887108104
BLX_sigma_0.05,10,30,0.9280258301015967
BLX_sigma_0.05,10,31,0.9280258301015967
BLX_sigma_0.05,10,32,0.9280258301015967
BLX_sigma_0.05,10,33,0.887013094307696
BLX_sigma_0.05,10,34,0.49234688682838224
BLX_sigma_0.05,10,35,0.49234688682838224
BLX_sigma_0.05,10,36,0.49234688682838224
BLX_sigma_0.05,10,37,0.49234688682838224
BLX_sigma_0.05,10,38,0.49234688682838224
BLX_sigma_0.05,10,39,0.49234688682838224
BLX_sigma_0.05,10,40,0.49234688682838224
BLX_sigma_0.05,10,41,0.49234688682838224
BLX_sigma_0.05,10,42,0.47480147221654334
BLX_sigma_0.05,10,43,0.47480147221654334
BLX_sigma_0.05,10,44,0.47480147221654334
BLX_sigma_0.05,10,45,0.47480147221654334
BLX_sigma_0.05,10,46,0.3963148015226936
BLX_sigma_0.05,10,47,0.3963148015226936
BLX_sigma_0.05,10,48,0.39373439664267784
BLX_sigma_0.05,10,49,0.39373439664267784
BLX_sigma_0.05,10,50,0.3612615820085122
BLX_sigma_0.05,10,51,0.35265360239058097
BLX_sigma_0.05,10,52,0.3213516003935024
BLX_sigma_0.05,10,53,0.3069130422395394
BLX_sigma_0.05,10,54,0.3069130422395394
BLX_sigma_0.05,10,55,0.2688101380228697
BLX_sigma_0.05,10,56,0.2688101380228697
BLX_sigma_0.05,10,57,0.2649591092025846
BLX_sigma_0.05,10,58,0.2524664983849606
BLX_sigma_0.05,10,59,0.2524664983849606
BLX_sigma_0.05,10,60,0.2524664983849606
BLX_sigma_0.05,10,61,0.23761588609675965
BLX_sigma_0.05,10,62,0.23615327508902273
BLX_sigma_0.05,10,63,0.20998440039453514
BLX_sigma_0.05,10,64,0.18911801001046513
BLX_sigma_0.05,10,65,0.18911801001046513
BLX_sigma_0.05,10,66,0.18200158574795522
BLX_sigma_0.05,10,67,0.18200158574795522
BLX_sigma_0.05,10,68,0.1222256728821084
BLX_sigma_0.05,10,69,0.1222256728821084
BLX_sigma_0.05,10,70,0.1142995151617816
BLX_sigma_0.05,10,71,0.1142995151617816
BLX_sigma_0.05,10,72,0.1142995151617816
BLX_sigma_0.05,10,73,0.10309179086093323
BLX_sigma_0.05,10,74,0.09682974669994049
BLX_sigma_0.05,10,75,0.09487057063060766
BLX_sigma_0.05,10,76,0.09262423341748416
BLX_sigma_0.05,10,77,0.09262423341748416
BLX_sigma_0.05,10,78,0.08781467353135297
BLX_sigma_0.05,10,79,0.08777934857129532
BLX_sigma_0.05,10,80,0.08777934857129532
BLX_sigma_0.05,10,81,0.08777934857129532
BLX_sigma_0.05,10,82,0.08742028112549205
BLX_sigma_0.05,10,83,0.08742028112549205
BLX_sigma_0.05,10,84,0.08718535802688987
BLX_sigma_0.05,10,85,0.08684276142827307
BLX_sigma_0.05,10,86,0.08675917069143202
BLX_sigma_0.05,10,87,0.08611894744628334
BLX_sigma_0.05,10,88,0.08545577811580551
BLX_sigma_0.05,10,89,0.08512340694638842
BLX_sigma_0.05,10,90,0.08310585137658066
BLX_sigma_0.05,10,91,0.08310585137658066
BLX_sigma_0.05,10,92,0.08310585137658066
BLX_sigma_0.05,10,93,0.08310585137658066
BLX_sigma_0.05,10,94,0.08296283641031132
BLX_sigma_0.05,10,95,0.08291161966529925
BLX_sigma_0.05,10,96,0.08218953842012633
BLX_sigma_0.05,10,97,0.08198383986940383
BLX_sigma_0.05,10,98,0.08198383986940383
BLX_sigma_0.05,10,99,0.08198383986940383
BLX_sigma_0.05,10,100,0.08132796629606631
BLX_sigma_0.05,10,101,0.08132796629606631
BLX_sigma_0.05,10,102,0.08132796629606631
BLX_sigma_0.05,10,103,0.08132796629606631
BLX_sigma_0.05,10,104,0.08132796629606631
BLX_sigma_0.05,10,105,0.08132796629606631
BLX_sigma_0.05,10,106,0.08132796629606631
BLX_sigma_0.05,10,107,0.08122546291879096
BLX_sigma_0.05,10,108,0.08118533225834634
BLX_sigma_0.05,10,109,0.08106106283701842
BLX_sigma_0.05,10,110,0.08106106283701842
BLX_sigma_0.05,10,111,0.08106106283701842
BLX_sigma_0.05,10,112,0.08098878646081809
BLX_sigma_0.05,10,113,0.08092148847836766
BLX_sigma_0.05,10,114,0.08092148847836766
BLX_sigma_0.05,10,115,0.0808589250190952
BLX_sigma_0.05,10,116,0.0808589250190952
BLX_sigma_0.05,10,117,0.0808589250190952
BLX_sigma_0.05,10,118,0.08082764598513925
BLX_sigma_0.05,10,119,0.08082764598513925
BLX_sigma_0.05,10,120,0.08082052557339359
BLX_sigma_0.05,10,121,0.08081845221191197
BLX_sigma_0.05,10,122,0.08081087090216743
BLX_sigma_0.05,10,123,0.08075800425345536
BLX_sigma_0.05,10,124,0.08075800425345536
BLX_sigma_0.05,10,125,0.08073360299631427
BLX_sigma_0.05,10,126,0.08073360299631427
BLX_sigma_0.05,10,127,0.08070933686026183
BLX_sigma_0.05,10,128,0.06979274018775294
BLX_sigma_0.05,10,129,0.06217638839587136
BLX_sigma_0.05,10,130,0.06217638839587136
BLX_sigma_0.05,10,131,0.06199054870916865
BLX_sigma_0.05,10,132,0.06195218619726528
BLX_sigma_0.05,10,133,0.06191952589652483
BLX_sigma_0.05,10,134,0.06189641726490447
BLX_sigma_0.05,10,135,0.061871782710620216
BLX_sigma_0.05,10,136,0.061871782710620216
BLX_sigma_0.05,10,137,0.061866493494403874
BLX_sigma_0.05,10,138,0.061866493494403874
BLX_sigma_0.05,10,139,0.06185365293590417
BLX_sigma_0.05,10,140,0.061849049201234685
BLX_sigma_0.05,10,141,0.061849049201234685
BLX_sigma_0.05,10,142,0.06184611324443756
BLX_sigma_0.05,10,143,0.06183092676294122
BLX_sigma_0.05,10,144,0.06181776864298061
BLX_sigma_0.05,10,145,0.06181776864298061
BLX_sigma_0.05,10,146,0.06181776864298061
BLX_sigma_0.05,10,147,0.061817419552887
BLX_sigma_0.05,10,148,0.05976929215843352
BLX_sigma_0.05,10,149,0.05976929215843352
BLX_sigma_0.05,10,150,0.0437058982119346
BLX_sigma_0.05,10,151,0.0437058982119346
BLX_sigma_0.05,10,152,0.03999814287697401
BLX_sigma_0.05,10,153,0.03999814287697401
BLX_sigma_0.05,10,154,0.039469342039237465
BLX_sigma_0.05,10,155,0.039459210496517905
BLX_sigma_0.05,10,156,0.039459210496517905
BLX_sigma_0.05,10,157,0.03941812579499093
BLX_sigma_0.05,10,158,0.03941812579499093
BLX_sigma_0.05,10,159,0.03929313588544381
BLX_sigma_0.05,10,160,0.039284201475000224
BLX_sigma_0.05,10,161,0.03927391120745294
BLX_sigma_0.05,10,162,0.03652632451793991
BLX_sigma_0.05,10,163,0.035464448330153386
BLX_sigma_0.05,10,164,0.035464448330153386
BLX_sigma_0.05,10,165,0.03503091473882847
BLX_sigma_0.05,10,166,0.03471110423350732
BLX_sigma_0.05,10,167,0.03451956990659222
BLX_sigma_0.05,11,0,101.61084923393994
BLX_sigma_0.05,11,1,52.75247187652851
BLX_sigma_0.05,11,2,44.361031005925035
BLX_sigma_0.05,11,3,24.432474519376704
BLX_sigma_0.05,11,4,18.514516573079632
BLX_sigma_0.05,11,5,7.97628666121448
BLX_sigma_0.05,11,6,7.97628666121448
BLX_sigma_0.05,11,7,2.7080692695001405
BLX_sigma_0.05,11,8,2.7080692695001405
BLX_sigma_0.05,11,9,1.985309742492154
BLX_sigma_0.05,11,10,1.793290244106827
BLX_sigma_0.05,11,11,1.2671820820442874
BLX_sigma_0.05,11,12,1.2671820820442874
BLX_sigma_0.05,11,13,1.2209274483609946
BLX_sigma_0.05,11,14,1.1732119821144302
BLX_sigma_0.05,11,15,1.1732119821144302
BLX_sigma_0.05,11,16,1.086033727516321
BLX_sigma_0.05,11,17,1.0512764025336403
BLX_sigma_0.05,11,18,1.0440645088562377
BLX_sigma_0.05,11,19,1.0332614877767874
BLX_sigma_0.05,11,20,1.0146806995897448
BLX_sigma_0.05,11,21,1.0146806995897448
BLX_sigma_0.05,11,22,0.9466926931043788
BLX_sigma_0.05,11,23,0.9466926931043788
BLX_sigma_0.05,11,24,0.8745782183562517
BLX_sigma_0.05,11,25,0.8745782183562517
BLX_sigma_0.05,11,26,0.8745782183562517
BLX_sigma_0.05,11,27,0.7076369882771983
BLX_sigma_0.05,11,28,0.6863780008578229
BLX_sigma_0.05,11,29,0.6863780008578229
BLX_sigma_0.05,11,30,0.549224263341787
BLX_sigma_0.05,11,31,0.4008397283898346
BLX_sigma_0.05,11,32,0.325795923360248
BLX_sigma_0.05,11,33,0.29609489796729993
BLX_sigma_0.05,11,34,0.29609489796729993
BLX_sigma_0.05,11,35,0.29609489796729993
BLX_sigma_0.05,11,36,0.29609489796729993
BLX_sigma_0.05,11,37,0.29609489796729993
BLX_sigma_0.05,11,38,0.29609489796729993
BLX_sigma_0.05,11,39,0.2402985229059641
BLX_sigma_0.05,11,40,0.2402985229059641
BLX_sigma_0.05,11,41,0.2402985229059641
BLX_sigma_0.05,11,42,0.20949410038616834
BLX_sigma_0.05,11,43,0.20949410038616834
BLX_sigma_0.05,11,44,0.1469454629948339
BLX_sigma_0.05,11,45,0.1469454629948339
BLX_sigma_0.05,11,46,0.12584824713413756
BLX_sigma_0.05,11,47,0.12062322921210933
BLX_sigma_0.05,11,48,0.12062322921210933
BLX_sigma_0.05,11,49,0.10449289311722121
BLX_sigma_0.05,11,50,0.09733692648208969
BLX_sigma_0.05,11,51,0.07437009943577078
BLX_sigma_0.05,11,52,0.07437009943577078
BLX_sigma_0.05,11,53,0.0738739259931761
BLX_sigma_0.05,11,54,0.06828755083974813
BLX_sigma_0.05,11,55,0.055022778861723465
BLX_sigma_0.05,11,56,0.05429579358258052
BLX_sigma_0.05,11,57,0.05429579358258052
BLX_sigma_0.05,11,58,0.051754379883039436
BLX_sigma_0.05,11,59,0.05119818463908943
BLX_sigma_0.05,11,60,0.048200487030365724
BLX_sigma_0.05,11,61,0.044805929601749006
BLX_sigma_0.05,11,62,0.044805929601749006
BLX_sigma_0.05,11,63,0.03734994192732566
BLX_sigma_0.05,11,64,0.03698177728778684
BLX_sigma_0.05,11,65,0.03671977108201896
BLX_sigma_0.05,11,66,0.03671977108201896
BLX_sigma_0.05,11,67,0.03671977108201896
BLX_sigma_0.05,11,68,0.03528341268416646
BLX_sigma_0.05,11,69,0.03474145969351439
BLX_sigma_0.05,11,70,0.03310356320098873
BLX_sigma_0.05,11,71,0.03310356320098873
BLX_sigma_0.05,11,72,0.032899627120814845
BLX_sigma_0.05,11,73,0.032899627120814845
BLX_sigma_0.05,11,74,0.032899627120814845
BLX_sigma_0.05,11,75,0.032899627120814845
BLX_sigma_0.05,11,76,0.03230977398216772
BLX_sigma_0.05,11,77,0.03230977398216772
BLX_sigma_0.05,11,78,0.03217147867797665
BLX_sigma_0.05,11,79,0.03202876863787785
BLX_sigma_0.05,11,80,0.031740693514003104
BLX_sigma_0.05,11,81,0.03160252721484291
BLX_sigma_0.05,11,82,0.03155497314121769
BLX_sigma_0.05,11,83,0.03145506089920069
BLX_sigma_0.05,11,84,0.03085888552803362
BLX_sigma_0.05,11,85,0.03085888552803362
BLX_sigma_0.05,11,86,0.030724479162584473
BLX_sigma_0.05,11,87,0.030724479162584473
BLX_sigma_0.05,11,88,0.030724479162584473
BLX_sigma_0.05,11,89,0.026872684008320102
BLX_sigma_0.05,11,90,0.0266530842836612
BLX_sigma_0.05,11,91,0.0266530842836612
BLX_sigma_0.05,11,92,0.026287613131148913
BLX_sigma_0.05,11,93,0.026287613131148913
BLX_sigma_0.05,11,94,0.026287613131148913
BLX_sigma_0.05,11,95,0.026287613131148913
BLX_sigma_0.05,11,96,0.026264365316114868
BLX_sigma_0.05,11,97,0.026264365316114868
BLX_sigma_0.05,11,98,0.02622510429428071
BLX_sigma_0.05,11,99,0.026195015973531466
BLX_sigma_0.05,11,100,0.02617343446617315
BLX_sigma_0.05,11,101,0.026147972064642144
BLX_sigma_0.05,11,102,0.026147972064642144
BLX_sigma_0.05,11,103,0.02614469438283029
BLX_sigma_0.05,11,104,0.02613813268664622
BLX_sigma_0.05,11,105,0.02606588492355122
BLX_sigma_0.05,11,106,0.020583306330242523
BLX_sigma_0.05,11,107,0.020583306330242523
BLX_sigma_0.05,11,108,0.020107562550676694
BLX_sigma_0.05,11,109,0.01964878010527127
BLX_sigma_0.05,11,110,0.019550788531797703
BLX_sigma_0.05,11,111,0.019315937404050576
BLX_sigma_0.05,11,112,0.019315937404050576
BLX_sigma_0.05,11,113,0.019315937404050576
BLX_sigma_0.05,11,114,0.019315937404050576
BLX_sigma_0.05,11,115,0.019315937404050576
BLX_sigma_0.05,11,116,0.019307628306494573
BLX_sigma_0.05,11,117,0.019307628306494573
BLX_sigma_0.05,11,118,0.0192759696501541
BLX_sigma_0.05,11,119,0.0192759696501541
BLX_sigma_0.05,11,120,0.0192759696501541
BLX_sigma_0.05,11,121,0.0192759696501541
BLX_sigma_0.05,11,122,0.019274317220609682
BLX_sigma_0.05,11,123,0.019257641196109954
BLX_sigma_0.05,11,124,0.019257641196109954
BLX_sigma_0.05,11,125,0.019257641196109954
BLX_sigma_0.05,11,126,0.019224640867840703
BLX_sigma_0.05,11,127,0.019224640867840703
BLX_sigma_0.05,11,128,0.019224640867840703
BLX_sigma_0.05,11,129,0.019224640867840703
BLX_sigma_0.05,11,130,0.019224640867840703
BLX_sigma_0.05,11,131,0.019224640867840703
BLX_sigma_0.05,11,132,0.019224640867840703
BLX_sigma_0.05,11,133,0.019224640867840703
BLX_sigma_0.05,11,134,0.019224640867840703
BLX_sigma_0.05,11,135,0.019224640867840703
BLX_sigma_0.05,11,136,0.019224640867840703
BLX_sigma_0.05,11,137,0.019224640867840703
BLX_sigma_0.05,11,138,0.019224640867840703
BLX_sigma_0.05,11,139,0.019223141290344636
BLX_sigma_0.05,11,140,0.01921958985615113
BLX_sigma_0.05,11,141,0.01921958985615113
BLX_sigma_0.05,11,142,0.01921673726500206
BLX_sigma_0.05,11,143,0.01921673726500206
BLX_sigma_0.05,11,144,0.01921673726500206
BLX_sigma_0.05,11,145,0.019212667297421215
BLX_sigma_0.05,11,146,0.019212667297421215
BLX_sigma_0.05,11,147,0.0192107327147103
BLX_sigma_0.05,11,148,0.0192107327147103
BLX_sigma_0.05,11,149,0.019209086141996567
BLX_sigma_0.05,11,150,0.019208820608533905
BLX_sigma_0.05,11,151,0.019208453756309862
BLX_sigma_0.05,11,152,0.01920390813645778
BLX_sigma_0.05,11,153,0.01920390813645778
BLX_sigma_0.05,11,154,0.01920390813645778
BLX_sigma_0.05,11,155,0.01920255064924825
BLX_sigma_0.05,11,156,0.019202041801014258
BLX_sigma_0.05,11,157,0.019201482650235357
BLX_sigma_0.05,11,158,0.019201415226057006
BLX_sigma_0.05,11,159,0.01920120176630491
BLX_sigma_0.05,11,160,0.01920120176630491
BLX_sigma_0.05,11,161,0.01920074919899617
BLX_sigma_0.05,11,162,0.019199511539480518
BLX_sigma_0.05,11,163,0.019199511539480518
BLX_sigma_0.05,11,164,0.019199511539480518
BLX_sigma_0.05,11,165,0.019199237611910336
BLX_sigma_0.05,11,166,0.019199078050019303
BLX_sigma_0.05,11,167,0.019198972860089314
BLX_sigma_0.05,12,0,148.85423911226096
BLX_sigma_0.05,12,1,59.555356054277155
BLX_sigma_0.05,12,2,48.8798469419602
BLX_sigma_0.05,12,3,26.980069998707602
BLX_sigma_0.05,12,4,19.525772327535634
BLX_sigma_0.05,12,5,10.782526679820332
BLX_sigma_0.05,12,6,10.782526679820332
BLX_sigma_0.05,12,7,5.82623983909017
BLX_sigma_0.05,12,8,4.429969074999271
BLX_sigma_0.05,12,9,3.656665550455261
BLX_sigma_0.05,12,10,2.5315233704787716
BLX_sigma_0.05,12,11,2.168840081338957
BLX_sigma_0.05,12,12,1.7819409071805696
BLX_sigma_0.05,12,13,1.5395893475712705
BLX_sigma_0.05,12,14,1.251711501481063
BLX_sigma_0.05,12,15,1.1960979711240243
BLX_sigma_0.05,12,16,1.1637989492099885
BLX_sigma_0.05,12,17,1.1307270716663194
BLX_sigma_0.05,12,18,1.1045597686516975
BLX_sigma_0.05,12,19,1.065592904408085
BLX_sigma_0.05,12,20,1.065592904408085
BLX_sigma_0.05,12,21,1.003601399010662
BLX_sigma_0.05,12,22,0.8239430262621238
BLX_sigma_0.05,12,23,0.8239430262621238
BLX_sigma_0.05,12,24,0.8239430262621238
BLX_sigma_0.05,12,25,0.8239430262621238
BLX_sigma_0.05,12,26,0.8239430262621238
BLX_sigma_0.05,12,27,0.8239430262621238
BLX_sigma_0.05,12,28,0.8239430262621238
BLX_sigma_0.05,12,29,0.8239430262621238
BLX_sigma_0.05,12,30,0.8239430262621238
BLX_sigma_0.05,12,31,0.8239430262621238
BLX_sigma_0.05,12,32,0.6769600339552513
BLX_sigma_0.05,12,33,0.6769600339552513
BLX_sigma_0.05,12,34,0.6769600339552513
BLX_sigma_0.05,12,35,0.6769600339552513
BLX_sigma_0.05,12,36,0.6769600339552513
BLX_sigma_0.05,12,37,0.6769600339552513
BLX_sigma_0.05,12,38,0.6762831485689611
BLX_sigma_0.05,12,39,0.6731177380350648
BLX_sigma_0.05,12,40,0.6435118031040576
BLX_sigma_0.05,12,41,0.6362890924096785
BLX_sigma_0.05,12,42,0.634781537149151
BLX_sigma_0.05,12,43,0.634781537149151
BLX_sigma_0.05,12,44,0.5188638062258193
BLX_sigma_0.05,12,45,0.4682298041113431
BLX_sigma_0.05,12,46,0.4682298041113431
BLX_sigma_0.05,12,47,0.4682298041113431
BLX_sigma_0.05,12,48,0.4682298041113431
BLX_sigma_0.05,12,49,0.46358140581216145
BLX_sigma_0.05,12,50,0.4187104845205599
BLX_sigma_0.05,12,51,0.38758871308548326
BLX_sigma_0.05,12,52,0.38758871308548326
BLX_sigma_0.05,12,53,0.38758871308548326
BLX_sigma_0.05,12,54,0.2860771983650289
BLX_sigma_0.05,12,55,0.2688736943627169
BLX_sigma_0.05,12,56,0.2621934442470767
BLX_sigma_0.05,12,57,0.2415674830109884
BLX_sigma_0.05,12,58,0.23368465370143143
BLX_sigma_0.05,12,59,0.23059368092740418
BLX_sigma_0.05,12,60,0.23059368092740418
BLX_sigma_0.05,12,61,0.1953612788479192
BLX_sigma_0.05,12,62,0.1953612788479192
BLX_sigma_0.05,12,63,0.19125250215194922
BLX_sigma_0.05,12,64,0.19125250215194922
BLX_sigma_0.05,12,65,0.19125250215194922
BLX_sigma_0.05,12,66,0.12253196519330645
BLX_sigma_0.05,12,67,0.12141101494087236
BLX_sigma_0.05,12,68,0.1129876257100696
BLX_sigma_0.05,12,69,0.11124774408295757
BLX_sigma_0.05,12,70,0.1033929281503474
BLX_sigma_0.05,12,71,0.1033929281503474
BLX_sigma_0.05,12,72,0.1033929281503474
BLX_sigma_0.05,12,73,0.1033929281503474
BLX_sigma_0.05,12,74,0.1033929281503474
BLX_sigma_0.05,12,75,0.10209911329407517
BLX_sigma_0.05,12,76,0.10141932829237899
BLX_sigma_0.05,12,77,0.10141932829237899
BLX_sigma_0.05,12,78,0.09350157457604069
BLX_sigma_0.05,12,79,0.0933329124484582
BLX_sigma_0.05,12,80,0.09184097039515482
BLX_sigma_0.05,12,81,0.09147713511665323
BLX_sigma_0.05,12,82,0.09147713511665323
BLX_sigma_0.05,12,83,0.0912947585227547
BLX_sigma_0.05,12,84,0.0912947585227547
BLX_sigma_0.05,12,85,0.07633125542082864
BLX_sigma_0.05,12,86,0.07633125542082864
BLX_sigma_0.05,12,87,0.07633125542082864
BLX_sigma_0.05,12,88,0.07633125542082864
BLX_sigma_0.05,12,89,0.07633125542082864
BLX_sigma_0.05,12,90,0.07633125542082864
BLX_sigma_0.05,12,91,0.07633125542082864
BLX_sigma_0.05,12,92,0.07633125542082864
BLX_sigma_0.05,12,93,0.07633125542082864
BLX_sigma_0.05,12,94,0.07633125542082864
BLX_sigma_0.05,12,95,0.07422207227408006
BLX_sigma_0.05,12,96,0.07246769493692506
BLX_sigma_0.05,12,97,0.07246769493692506
BLX_sigma_0.05,12,98,0.07207169029955451
BLX_sigma_0.05,12,99,0.07168801575117723
BLX_sigma_0.05,12,100,0.07168801575117723
BLX_sigma_0.05,12,101,0.07138719492619505
BLX_sigma_0.05,12,102,0.07138719492619505
BLX_sigma_0.05,12,103,0.07135260773132801
BLX_sigma_0.05,12,104,0.07135260773132801
BLX_sigma_0.05,12,105,0.07135260773132801
BLX_sigma_0.05,12,106,0.0711913244392941
BLX_sigma_0.05,12,107,0.0711913244392941
BLX_sigma_0.05,12,108,0.0711913244392941
BLX_sigma_0.05,12,109,0.0711913244392941
BLX_sigma_0.05,12,110,0.0711779737279854
BLX_sigma_0.05,12,111,0.07110734302312283
BLX_sigma_0.05,12,112,0.07109711547913067
BLX_sigma_0.05,12,113,0.07109711547913067
BLX_sigma_0.05,12,114,0.07093514726560357
BLX_sigma_0.05,12,115,0.07093514726560357
BLX_sigma_0.05,12,116,0.07093514726560357
BLX_sigma_0.05,12,117,0.07093514726560357
BLX_sigma_0.05,12,118,0.06991246033628506
BLX_sigma_0.05,12,119,0.06991246033628506
BLX_sigma_0.05,12,120,0.06991246033628506
BLX_sigma_0.05,12,121,0.06991246033628506
BLX_sigma_0.05,12,122,0.06991246033628506
BLX_sigma_0.05,12,123,0.06991246033628506
BLX_sigma_0.05,12,124,0.06991246033628506
BLX_sigma_0.05,12,125,0.06968634265008411
BLX_sigma_0.05,12,126,0.06968634265008411
BLX_sigma_0.05,12,127,0.06968634265008411
BLX_sigma_0.05,12,128,0.06968634265008411
BLX_sigma_0.05,12,129,0.06967043411932239
BLX_sigma_0.05,12,130,0.04291932069375248
BLX_sigma_0.05,12,131,0.04291932069375248
BLX_sigma_0.05,12,132,0.04291932069375248
BLX_sigma_0.05,12,133,0.04291932069375248
BLX_sigma_0.05,12,134,0.04291932069375248
BLX_sigma_0.05,12,135,0.04291932069375248
BLX_sigma_0.05,12,136,0.04291932069375248
BLX_sigma_0.05,12,137,0.04291932069375248
BLX_sigma_0.05,12,138,0.04291932069375248
BLX_sigma_0.05,12,139,0.04291932069375248
BLX_sigma_0.05,12,140,0.04291932069375248
BLX_sigma_0.05,12,141,0.04291932069375248
BLX_sigma_0.05,12,142,0.04291932069375248
BLX_sigma_0.05,12,143,0.04291932069375248
BLX_sigma_0.05,12,144,0.04291932069375248
BLX_sigma_0.05,12,145,0.04291932069375248
BLX_sigma_0.05,12,146,0.04291932069375248
BLX_sigma_0.05,12,147,0.04291932069375248
BLX_sigma_0.05,12,148,0.04291932069375248
BLX_sigma_0.05,12,149,0.04291932069375248
BLX_sigma_0.05,12,150,0.04291932069375248
BLX_sigma_0.05,12,151,0.04291932069375248
BLX_sigma_0.05,12,152,0.04291932069375248
BLX_sigma_0.05,12,153,0.04291932069375248
BLX_sigma_0.05,12,154,0.04291932069375248
BLX_sigma_0.05,12,155,0.04291932069375248
BLX_sigma_0.05,12,156,0.04291932069375248
BLX_sigma_0.05,12,157,0.04291932069375248
BLX_sigma_0.05,12,158,0.04291932069375248
BLX_sigma_0.05,12,159,0.04291932069375248
BLX_sigma_0.05,12,160,0.04291932069375248
BLX_sigma_0.05,12,161,0.04291932069375248
BLX_sigma_0.05,12,162,0.04291932069375248
BLX_sigma_0.05,12,163,0.04291932069375248
BLX_sigma_0.05,12,164,0.04291932069375248
BLX_sigma_0.05,12,165,0.04291932069375248
BLX_sigma_0.05,12,166,0.04291932069375248
BLX_sigma_0.05,12,167,0.04291932069375248
BLX_sigma_0.05,13,0,86.46105993413458
BLX_sigma_0.05,13,1,44.66305190464072
BLX_sigma_0.05,13,2,34.965691683913555
BLX_sigma_0.05,13,3,9.196182628075746
BLX_sigma_0.05,13,4,9.196182628075746
BLX_sigma_0.05,13,5,8.777754489243613
BLX_sigma_0.05,13,6,7.945086982543418
BLX_sigma_0.05,13,7,6.198488696888629
BLX_sigma_0.05,13,8,4.400661280924132
BLX_sigma_0.05,13,9,3.21104590897237
BLX_sigma_0.05,13,10,2.124091620692106
BLX_sigma_0.05,13,11,1.825947988139526
BLX_sigma_0.05,13,12,1.2773943808118307
BLX_sigma_0.05,13,13,1.2773943808118307
BLX_sigma_0.05,13,14,1.2773943808118307
BLX_sigma_0.05,13,15,1.2612754977457248
BLX_sigma_0.05,13,16,1.109694987873384
BLX_sigma_0.05,13,17,1.094947783052608
BLX_sigma_0.05,13,18,1.094947783052608
BLX_sigma_0.05,13,19,0.9814127976199267
BLX_sigma_0.05,13,20,0.9814127976199267
BLX_sigma_0.05,13,21,0.9814127976199267
BLX_sigma_0.05,13,22,0.9814127976199267
BLX_sigma_0.05,13,23,0.9814127976199267
BLX_sigma_0.05,13,24,0.9814127976199267
BLX_sigma_0.05,13,25,0.9071880996877117
BLX_sigma_0.05,13,26,0.8657799083171234
BLX_sigma_0.05,13,27,0.8657799083171234
BLX_sigma_0.05,13,28,0.8657799083171234
BLX_sigma_0.05,13,29,0.8298390778821233
BLX_sigma_0.05,13,30,0.781089557392882
BLX_sigma_0.05,13,31,0.781089557392882
BLX_sigma_0.05,13,32,0.4149290989722878
BLX_sigma_0.05,13,33,0.4149290989722878
BLX_sigma_0.05,13,34,0.4149290989722878
BLX_sigma_0.05,13,35,0.4149290989722878
BLX_sigma_0.05,13,36,0.4149290989722878
BLX_sigma_0.05,13,37,0.4149290989722878
BLX_sigma_0.05,13,38,0.4149290989722878
BLX_sigma_0.05,13,39,0.4149290989722878
BLX_sigma_0.05,13,40,0.4149290989722878
BLX_sigma_0.05,13,41,0.4149290989722878
BLX_sigma_0.05,13,42,0.34364301182993773
BLX_sigma_0.05,13,43,0.34364301182993773
BLX_sigma_0.05,13,44,0.34364301182993773
BLX_sigma_0.05,13,45,0.34364301182993773
BLX_sigma_0.05,13,46,0.29837625956896396
BLX_sigma_0.05,13,47,0.29837625956896396
BLX_sigma_0.05,13,48,0.29837625956896396
BLX_sigma_0.05,13,49,0.29837625956896396
BLX_sigma_0.05,13,50,0.29837625956896396
BLX_sigma_0.05,13,51,0.28992064347053825
BLX_sigma_0.05,13,52,0.2796608454811427
BLX_sigma_0.05,13,53,0.20725615193840785
BLX_sigma_0.05,13,54,0.20725615193840785
BLX_sigma_0.05,13,55,0.20725615193840785
BLX_sigma_0.05,13,56,0.18196639881626053
BLX_sigma_0.05,13,57,0.17328901305688493
BLX_sigma_0.05,13,58,0.15702938638246855
BLX_sigma_0.05,13,59,0.15702938638246855
BLX_sigma_0.05,13,60,0.15623398712238
BLX_sigma_0.05,13,61,0.14860501529590764
BLX_sigma_0.05,13,62,0.14732954981963853
BLX_sigma_0.05,13,63,0.13759483909075398
BLX_sigma_0.05,13,64,0.12974019201305542
BLX_sigma_0.05,13,65,0.11388038523896138
BLX_sigma_0.05,13,66,0.11388038523896138
BLX_sigma_0.05,13,67,0.11388038523896138
BLX_sigma_0.05,13,68,0.11388038523896138
BLX_sigma_0.05,13,69,0.11150087438537848
BLX_sigma_0.05,13,70,0.10789962729338176
BLX_sigma_0.05,13,71,0.1054568303525355
BLX_sigma_0.05,13,72,0.10365836122824135
BLX_sigma_0.05,13,73,0.10365836122824135
BLX_sigma_0.05,13,74,0.10365836122824135
BLX_sigma_0.05,13,75,0.10365836122824135
BLX_sigma_0.05,13,76,0.09757104079724954
BLX_sigma_0.05,13,77,0.0938045924314399
BLX_sigma_0.05,13,78,0.0938045924314399
BLX_sigma_0.05,13,79,0.06146353007892891
BLX_sigma_0.05,13,80,0.06146353007892891
BLX_sigma_0.05,13,81,0.06146353007892891
BLX_sigma_0.05,13,82,0.06146353007892891
BLX_sigma_0.05,13,83,0.06146353007892891
BLX_sigma_0.05,13,84,0.051493354397406876
BLX_sigma_0.05,13,85,0.051493354397406876
BLX_sigma_0.05,13,86,0.051493354397406876
BLX_sigma_0.05,13,87,0.051493354397406876
BLX_sigma_0.05,13,88,0.051493354397406876
BLX_sigma_0.05,13,89,0.0492619078888632
BLX_sigma_0.05,13,90,0.0492619078888632
BLX_sigma_0.05,13,91,0.0492619078888632
BLX_sigma_0.05,13,92,0.0487988216744184
BLX_sigma_0.05,13,93,0.04713101537132203
BLX_sigma_0.05,13,94,0.04713101537132203
BLX_sigma_0.05,13,95,0.04632358798034286
BLX_sigma_0.05,13,96,0.04632358798034286
BLX_sigma_0.05,13,97,0.045017252226250304
BLX_sigma_0.05,13,98,0.044911304312425515
BLX_sigma_0.05,13,99,0.04438860623102192
BLX_sigma_0.05,13,100,0.04436377925902624
BLX_sigma_0.05,13,101,0.04421363483997054
BLX_sigma_0.05,13,102,0.04421363483997054
BLX_sigma_0.05,13,103,0.04409073319871348
BLX_sigma_0.05,13,104,0.04409073319871348
BLX_sigma_0.05,13,105,0.0440430737042482
BLX_sigma_0.05,13,106,0.043761260979677696
BLX_sigma_0.05,13,107,0.043761260979677696
BLX_sigma_0.05,13,108,0.043761260979677696
BLX_sigma_0.05,13,109,0.04366402704643557
BLX_sigma_0.05,13,110,0.04366402704643557
BLX_sigma_0.05,13,111,0.04332063267405095
BLX_sigma_0.05,13,112,0.04332063267405095
BLX_sigma_0.05,13,113,0.04321148068314851
BLX_sigma_0.05,13,114,0.04317305031495655
BLX_sigma_0.05,13,115,0.04309364315442332
BLX_sigma_0.05,13,116,0.04295789252959936
BLX_sigma_0.05,13,117,0.04295789252959936
BLX_sigma_0.05,13,118,0.04282504555452604
BLX_sigma_0.05,13,119,0.04267717152689843
BLX_sigma_0.05,13,120,0.04261699448590606
BLX_sigma_0.05,13,121,0.04253419409321846
BLX_sigma_0.05,13,122,0.04253419409321846
BLX_sigma_0.05,13,123,0.04253419409321846
BLX_sigma_0.05,13,124,0.04249875438630246
BLX_sigma_0.05,13,125,0.04249875438630246
BLX_sigma_0.05,13,126,0.04249875438630246
BLX_sigma_0.05,13,127,0.042477984470185914
BLX_sigma_0.05,13,128,0.04245871921523536
BLX_sigma_0.05,13,129,0.042453213602211215
BLX_sigma_0.05,13,130,0.04238188280527533
BLX_sigma_0.05,13,131,0.042376383590113975
BLX_sigma_0.05,13,132,0.04231679205947003
BLX_sigma_0.05,13,133,0.04231679205947003
BLX_sigma_0.05,13,134,0.04183799002831767
BLX_sigma_0.05,13,135,0.04183799002831767
BLX_sigma_0.05,13,136,0.041836368544836966
BLX_sigma_0.05,13,137,0.041836368544836966
BLX_sigma_0.05,13,138,0.041772617612657714
BLX_sigma_0.05,13,139,0.041771253835560906
BLX_sigma_0.05,13,140,0.041771253835560906
BLX_sigma_0.05,13,141,0.041769091549504256
BLX_sigma_0.05,13,142,0.04171223921351819
BLX_sigma_0.05,13,143,0.04170412985669614
BLX_sigma_0.05,13,144,0.041655517699286104
BLX_sigma_0.05,13,145,0.041655517699286104
BLX_sigma_0.05,13,146,0.0416514207204991
BLX_sigma_0.05,13,147,0.0416514207204991
BLX_sigma_0.05,13,148,0.04164653625946757
BLX_sigma_0.05,13,149,0.04164653625946757
BLX_sigma_0.05,13,150,0.041606852445648546
BLX_sigma_0.05,13,151,0.041606852445648546
BLX_sigma_0.05,13,152,0.041606852445648546
BLX_sigma_0.05,13,153,0.04160514327868925
BLX_sigma_0.05,13,154,0.04158074065393769
BLX_sigma_0.05,13,155,0.04158074065393769
BLX_sigma_0.05,13,156,0.041568154749513364
BLX_sigma_0.05,13,157,0.041568154749513364
BLX_sigma_0.05,13,158,0.041568154749513364
BLX_sigma_0.05,13,159,0.0383047453571167
BLX_sigma_0.05,13,160,0.03631548251295291
BLX_sigma_0.05,13,161,0.0341948041690866
BLX_sigma_0.05,13,162,0.03412120711184796
BLX_sigma_0.05,13,163,0.03412120711184796
BLX_sigma_0.05,13,164,0.03412120711184796
BLX_sigma_0.05,13,165,0.03412120711184796
BLX_sigma_0.05,13,166,0.0341164413514099
BLX_sigma_0.05,13,167,0.0341164413514099
BLX_sigma_0.05,14,0,118.19970082058111
BLX_sigma_0.05,14,1,34.42304250164155
BLX_sigma_0.05,14,2,17.475693511620054
BLX_sigma_0.05,14,3,17.355831534092736
BLX_sigma_0.05,14,4,9.230652397708434
BLX_sigma_0.05,14,5,5.890035193422933
BLX_sigma_0.05,14,6,3.8849709461635666
BLX_sigma_0.05,14,7,3.610852712443961
BLX_sigma_0.05,14,8,2.1696316779549085
BLX_sigma_0.05,14,9,2.080588811913829
BLX_sigma_0.05,14,10,1.2602298861366792
BLX_sigma_0.05,14,11,1.0500790019261868
BLX_sigma_0.05,14,12,1.0500790019261868
BLX_sigma_0.05,14,13,1.0500790019261868
BLX_sigma_0.05,14,14,1.0500790019261868
BLX_sigma_0.05,14,15,1.0500790019261868
BLX_sigma_0.05,14,16,1.03411612822928
BLX_sigma_0.05,14,17,1.0245992421688526
BLX_sigma_0.05,14,18,1.020341917720521
BLX_sigma_0.05,14,19,0.884973689697366
BLX_sigma_0.05,14,20,0.884973689697366
BLX_sigma_0.05,14,21,0.884973689697366
BLX_sigma_0.05,14,22,0.884973689697366
BLX_sigma_0.05,14,23,0.884973689697366
BLX_sigma_0.05,14,24,0.884973689697366
BLX_sigma_0.05,14,25,0.884973689697366
BLX_sigma_0.05,14,26,0.8709882010348976
BLX_sigma_0.05,14,27,0.8709882010348976
BLX_sigma_0.05,14,28,0.7377808141364601
BLX_sigma_0.05,14,29,0.6909393622831814
BLX_sigma_0.05,14,30,0.6909393622831814
BLX_sigma_0.05,14,31,0.6909393622831814
BLX_sigma_0.05,14,32,0.6909393622831814
BLX_sigma_0.05,14,33,0.6871861517439801
BLX_sigma_0.05,14,34,0.5871648950656427
BLX_sigma_0.05,14,35,0.5033928520391715
BLX_sigma_0.05,14,36,0.5033928520391715
BLX_sigma_0.05,14,37,0.3717108414373058
BLX_sigma_0.05,14,38,0.3717108414373058
BLX_sigma_0.05,14,39,0.3717108414373058
BLX_sigma_0.05,14,40,0.3717108414373058
BLX_sigma_0.05,14,41,0.300240307018776
BLX_sigma_0.05,14,42,0.21181978914039012
BLX_sigma_0.05,14,43,0.2014763303337923
BLX_sigma_0.05,14,44,0.20141438229652142
BLX_sigma_0.05,14,45,0.17977642730211973
BLX_sigma_0.05,14,46,0.1405165134063464
BLX_sigma_0.05,14,47,0.12241998299191803
BLX_sigma_0.05,14,48,0.12241998299191803
BLX_sigma_0.05,14,49,0.12241998299191803
BLX_sigma_0.05,14,50,0.11931255433510568
BLX_sigma_0.05,14,51,0.11921649332157258
BLX_sigma_0.05,14,52,0.10532816916036025
BLX_sigma_0.05,14,53,0.10115190140522967
BLX_sigma_0.05,14,54,0.08494273788079243
BLX_sigma_0.05,14,55,0.05455275484981936
BLX_sigma_0.05,14,56,0.05455275484981936
BLX_sigma_0.05,14,57,0.05455275484981936
BLX_sigma_0.05,14,58,0.05455275484981936
BLX_sigma_0.05,14,59,0.05455275484981936
BLX_sigma_0.05,14,60,0.05050631353214363
BLX_sigma_0.05,14,61,0.05050631353214363
BLX_sigma_0.05,14,62,0.04880412965599912
BLX_sigma_0.05,14,63,0.04656918248367892
BLX_sigma_0.05,14,64,0.04656918248367892
BLX_sigma_0.05,14,65,0.04465206515624476
BLX_sigma_0.05,14,66,0.04465206515624476
BLX_sigma_0.05,14,67,0.042432379661415554
BLX_sigma_0.05,14,68,0.03930757801125029
BLX_sigma_0.05,14,69,0.03761794187663692
BLX_sigma_0.05,14,70,0.03761794187663692
BLX_sigma_0.05,14,71,0.034892687529310296
BLX_sigma_0.05,14,72,0.034892687529310296
BLX_sigma_0.05,14,73,0.034892687529310296
BLX_sigma_0.05,14,74,0.034892687529310296
BLX_sigma_0.05,14,75,0.03446750084487493
BLX_sigma_0.05,14,76,0.034318199282424855
BLX_sigma_0.05,14,77,0.03327244555412967
BLX_sigma_0.05,14,78,0.03327244555412967
BLX_sigma_0.05,14,79,0.03327244555412967
BLX_sigma_0.05,14,80,0.03267083359823597
BLX_sigma_0.05,14,81,0.032573365279804256
BLX_sigma_0.05,14,82,0.032573365279804256
BLX_sigma_0.05,14,83,0.032573365279804256
BLX_sigma_0.05,14,84,0.032573365279804256
BLX_sigma_0.05,14,85,0.03228847863408846
BLX_sigma_0.05,14,86,0.032270091096727405
BLX_sigma_0.05,14,87,0.03182744403004445
BLX_sigma_0.05,14,88,0.026935064720331137
BLX_sigma_0.05,14,89,0.026293072245479165
BLX_sigma_0.05,14,90,0.026293072245479165
BLX_sigma_0.05,14,91,0.026293072245479165
BLX_sigma_0.05,14,92,0.025757640803771742
BLX_sigma_0.05,14,93,0.025757640803771742
BLX_sigma_0.05,14,94,0.025747524912097752
BLX_sigma_0.05,14,95,0.025551432436716648
BLX_sigma_0.05,14,96,0.02550323823543299
BLX_sigma_0.05,14,97,0.02541957908299175
BLX_sigma_0.05,14,98,0.02541957908299175
BLX_sigma_0.05,14,99,0.025169499189644395
BLX_sigma_0.05,14,100,0.02496755892516922
BLX_sigma_0.05,14,101,0.02496755892516922
BLX_sigma_0.05,14,102,0.024930910161319764
BLX_sigma_0.05,14,103,0.02057642811122573
BLX_sigma_0.05,14,104,0.020429347171521228
BLX_sigma_0.05,14,105,0.019577869268251002
BLX_sigma_0.05,14,106,0.019433320143597443
BLX_sigma_0.05,14,107,0.019335302319932746
BLX_sigma_0.05,14,108,0.019335302319932746
BLX_sigma_0.05,14,109,0.01930023168247763
BLX_sigma_0.05,14,110,0.01918958770617296
BLX_sigma_0.05,14,111,0.01918958770617296
BLX_sigma_0.05,14,112,0.01918958770617296
BLX_sigma_0.05,14,113,0.01908398920022758
BLX_sigma_0.05,14,114,0.01908398920022758
BLX_sigma_0.05,14,115,0.01897756915494342
BLX_sigma_0.05,14,116,0.01897756915494342
BLX_sigma_0.05,14,117,0.01897756915494342
BLX_sigma_0.05,14,118,0.01897756915494342
BLX_sigma_0.05,14,119,0.01897756915494342
BLX_sigma_0.05,14,120,0.018859937246653913
BLX_sigma_0.05,14,121,0.018854122931659112
BLX_sigma_0.05,14,122,0.018854122931659112
BLX_sigma_0.05,14,123,0.018854122931659112
BLX_sigma_0.05,14,124,0.01885341721650846
BLX_sigma_0.05,14,125,0.018845535055708074
BLX_sigma_0.05,14,126,0.018845535055708074
BLX_sigma_0.05,14,127,0.018839116219987462
BLX_sigma_0.05,14,128,0.018829478898519048
BLX_sigma_0.05,14,129,0.018829478898519048
BLX_sigma_0.05,14,130,0.01882704377398503
BLX_sigma_0.05,14,131,0.01882704377398503
BLX_sigma_0.05,14,132,0.018801721958106588
BLX_sigma_0.05,14,133,0.018801721958106588
BLX_sigma_0.05,14,134,0.018794729049383396
BLX_sigma_0.05,14,135,0.018794729049383396
BLX_sigma_0.05,14,136,0.018794729049383396
BLX_sigma_0.05,14,137,0.018794729049383396
BLX_sigma_0.05,14,138,0.01878847817678353
BLX_sigma_0.05,14,139,0.018786200109190188
BLX_sigma_0.05,14,140,0.01878010641255401
BLX_sigma_0.05,14,141,0.01878010641255401
BLX_sigma_0.05,14,142,0.01878010641255401
BLX_sigma_0.05,14,143,0.018171622084882433
BLX_sigma_0.05,14,144,0.018171622084882433
BLX_sigma_0.05,14,145,0.018171622084882433
BLX_sigma_0.05,14,146,0.018171622084882433
BLX_sigma_0.05,14,147,0.018171622084882433
BLX_sigma_0.05,14,148,0.018171622084882433
BLX_sigma_0.05,14,149,0.018171622084882433
BLX_sigma_0.05,14,150,0.018171622084882433
BLX_sigma_0.05,14,151,0.018171622084882433
BLX_sigma_0.05,14,152,0.018171622084882433
BLX_sigma_0.05,14,153,0.018171622084882433
BLX_sigma_0.05,14,154,0.018171622084882433
BLX_sigma_0.05,14,155,0.018171622084882433
BLX_sigma_0.05,14,156,0.01816505555056258
BLX_sigma_0.05,14,157,0.018110946396282857
BLX_sigma_0.05,14,158,0.018110946396282857
BLX_sigma_0.05,14,159,0.017977129875287434
BLX_sigma_0.05,14,160,0.01792844897039314
BLX_sigma_0.05,14,161,0.01792787881994551
BLX_sigma_0.05,14,162,0.017926917484007987
BLX_sigma_0.05,14,163,0.017926917484007987
BLX_sigma_0.05,14,164,0.017926917484007987
BLX_sigma_0.05,14,165,0.017926917484007987
BLX_sigma_0.05,14,166,0.01792639353200265
BLX_sigma_0.05,14,167,0.017925294157622562
BLX_sigma_0.05,15,0,69.01815668257895
BLX_sigma_0.05,15,1,57.6875696329105
BLX_sigma_0.05,15,2,44.994224810137744
BLX_sigma_0.05,15,3,39.127923248851
BLX_sigma_0.05,15,4,21.099100763744186
BLX_sigma_0.05,15,5,13.195294537731261
BLX_sigma_0.05,15,6,9.078382595866916
BLX_sigma_0.05,15,7,5.789875723730628
BLX_sigma_0.05,15,8,5.789875723730628
BLX_sigma_0.05,15,9,4.325146297864479
BLX_sigma_0.05,15,10,3.2306926197047923
BLX_sigma_0.05,15,11,2.355054457674453
BLX_sigma_0.05,15,12,1.5498674527396317
BLX_sigma_0.05,15,13,1.5478980575520203
BLX_sigma_0.05,15,14,1.3215922274038248
BLX_sigma_0.05,15,15,1.1771173096304843
BLX_sigma_0.05,15,16,1.1545350634549223
BLX_sigma_0.05,15,17,1.129862142296894
BLX_sigma_0.05,15,18,1.119562388754423
BLX_sigma_0.05,15,19,1.119562388754423
BLX_sigma_0.05,15,20,1.0884585666730353
BLX_sigma_0.05,15,21,0.7145952390532109
BLX_sigma_0.05,15,22,0.7145952390532109
BLX_sigma_0.05,15,23,0.7145952390532109
BLX_sigma_0.05,15,24,0.7145952390532109
BLX_sigma_0.05,15,25,0.7145952390532109
BLX_sigma_0.05,15,26,0.7145952390532109
BLX_sigma_0.05,15,27,0.7145952390532109
BLX_sigma_0.05,15,28,0.7145952390532109
BLX_sigma_0.05,15,29,0.7145952390532109
BLX_sigma_0.05,15,30,0.7145952390532109
BLX_sigma_0.05,15,31,0.7145952390532109
BLX_sigma_0.05,15,32,0.7145952390532109
BLX_sigma_0.05,15,33,0.6531335585264898
BLX_sigma_0.05,15,34,0.6531335585264898
BLX_sigma_0.05,15,35,0.4690266643802432
BLX_sigma_0.05,15,36,0.4690266643802432
BLX_sigma_0.05,15,37,0.4690266643802432
BLX_sigma_0.05,15,38,0.1912383688504138
BLX_sigma_0.05,15,39,0.1912383688504138
BLX_sigma_0.05,15,40,0.1912383688504138
BLX_sigma_0.05,15,41,0.1912383688504138
BLX_sigma_0.05,15,42,0.1912383688504138
BLX_sigma_0.05,15,43,0.1912383688504138
BLX_sigma_0.05,15,44,0.1839456644042069
BLX_sigma_0.05,15,45,0.1839456644042069
BLX_sigma_0.05,15,46,0.15683428083459594
BLX_sigma_0.05,15,47,0.15163653427676183
BLX_sigma_0.05,15,48,0.10894436185385925
BLX_sigma_0.05,15,49,0.10516649100422792
BLX_sigma_0.05,15,50,0.09851490786669526
BLX_sigma_0.05,15,51,0.08066969172212501
BLX_sigma_0.05,15,52,0.0652354628691556
BLX_sigma_0.05,15,53,0.0652354628691556
BLX_sigma_0.05,15,54,0.062332767777961706
BLX_sigma_0.05,15,55,0.043308616082938456
BLX_sigma_0.05,15,56,0.042159505168661515
BLX_sigma_0.05,15,57,0.042159505168661515
BLX_sigma_0.05,15,58,0.042159505168661515
BLX_sigma_0.05,15,59,0.04070766856647812
BLX_sigma_0.05,15,60,0.04070766856647812
BLX_sigma_0.05,15,61,0.039511800087372095
BLX_sigma_0.05,15,62,0.03920133729183661
BLX_sigma_0.05,15,63,0.038457647365168546
BLX_sigma_0.05,15,64,0.038457647365168546
BLX_sigma_0.05,15,65,0.03729901508496769
BLX_sigma_0.05,15,66,0.03648768681865444
BLX_sigma_0.05,15,67,0.03607587644144816
BLX_sigma_0.05,15,68,0.03607587644144816
BLX_sigma_0.05,15,69,0.034869087529855625
BLX_sigma_0.05,15,70,0.03462460193238104
BLX_sigma_0.05,15,71,0.034333862704944096
BLX_sigma_0.05,15,72,0.034333862704944096
BLX_sigma_0.05,15,73,0.03404661269047238
BLX_sigma_0.05,15,74,0.032876164819831466
BLX_sigma_0.05,15,75,0.032876164819831466
BLX_sigma_0.05,15,76,0.032876164819831466
BLX_sigma_0.05,15,77,0.032876164819831466
BLX_sigma_0.05,15,78,0.032876164819831466
BLX_sigma_0.05,15,79,0.032876164819831466
BLX_sigma_0.05,15,80,0.03260939633441173
BLX_sigma_0.05,15,81,0.03225203253222153
BLX_sigma_0.05,15,82,0.03225203253222153
BLX_sigma_0.05,15,83,0.03225203253222153
BLX_sigma_0.05,15,84,0.032229342115449144
BLX_sigma_0.05,15,85,0.032144621583616084
BLX_sigma_0.05,15,86,0.032144621583616084
BLX_sigma_0.05,15,87,0.032144621583616084
BLX_sigma_0.05,15,88,0.032144621583616084
BLX_sigma_0.05,15,89,0.03208792520707249
BLX_sigma_0.05,15,90,0.032031556618077106
BLX_sigma_0.05,15,91,0.032031556618077106
BLX_sigma_0.05,15,92,0.031999906809555
BLX_sigma_0.05,15,93,0.03197359385874354
BLX_sigma_0.05,15,94,0.0318765056981174
BLX_sigma_0.05,15,95,0.0318765056981174
BLX_sigma_0.05,15,96,0.0318765056981174
BLX_sigma_0.05,15,97,0.0318765056981174
BLX_sigma_0.05,15,98,0.0318765056981174
BLX_sigma_0.05,15,99,0.0318765056981174
BLX_sigma_0.05,15,100,0.03186939444971626
BLX_sigma_0.05,15,101,0.03181926255763878
BLX_sigma_0.05,15,102,0.03181926255763878
BLX_sigma_0.05,15,103,0.031809322193178224
BLX_sigma_0.05,15,104,0.03179770962937101
BLX_sigma_0.05,15,105,0.03177433421451059
BLX_sigma_0.05,15,106,0.03177433421451059
BLX_sigma_0.05,15,107,0.03177433421451059
BLX_sigma_0.05,15,108,0.03176751174316095
BLX_sigma_0.05,15,109,0.031759121887815156
BLX_sigma_0.05,15,110,0.03175890929471559
BLX_sigma_0.05,15,111,0.03175433483560974
BLX_sigma_0.05,15,112,0.03175004275241644
BLX_sigma_0.05,15,113,0.03174677279980531
BLX_sigma_0.05,15,114,0.031734794363992735
BLX_sigma_0.05,15,115,0.03172080766339236
BLX_sigma_0.05,15,116,0.03172080766339236
BLX_sigma_0.05,15,117,0.031720314029100805
BLX_sigma_0.05,15,118,0.03171355303148571
BLX_sigma_0.05,15,119,0.03171355303148571
BLX_sigma_0.05,15,120,0.03171355303148571
BLX_sigma_0.05,15,121,0.03170815427683982
BLX_sigma_0.05,15,122,0.03170815427683982
BLX_sigma_0.05,15,123,0.03170312200890968
BLX_sigma_0.05,15,124,0.03170312200890968
BLX_sigma_0.05,15,125,0.03170312200890968
BLX_sigma_0.05,15,126,0.03170312200890968
BLX_sigma_0.05,15,127,0.03170312200890968
BLX_sigma_0.05,15,128,0.031701951077032664
BLX_sigma_0.05,15,129,0.031700199154577224
BLX_sigma_0.05,15,130,0.031700199154577224
BLX_sigma_0.05,15,131,0.031699366948525376
BLX_sigma_0.05,15,132,0.0316977723968499
BLX_sigma_0.05,15,133,0.03169531027036354
BLX_sigma_0.05,15,134,0.03169531027036354
BLX_sigma_0.05,15,135,0.03169531027036354
BLX_sigma_0.05,15,136,0.031694660023336874
BLX_sigma_0.05,15,137,0.031694660023336874
BLX_sigma_0.05,15,138,0.031694660023336874
BLX_sigma_0.05,15,139,0.03169252820037671
BLX_sigma_0.05,15,140,0.03169252820037671
BLX_sigma_0.05,15,141,0.03169252820037671
BLX_sigma_0.05,15,142,0.03169143676106456
BLX_sigma_0.05,15,143,0.03169143676106456
BLX_sigma_0.05,15,144,0.031690691136680105
BLX_sigma_0.05,15,145,0.031690490953464545
BLX_sigma_0.05,15,146,0.03169045444797314
BLX_sigma_0.05,15,147,0.03168969318633008
BLX_sigma_0.05,15,148,0.031688498076437255
BLX_sigma_0.05,15,149,0.031688498076437255
BLX_sigma_0.05,15,150,0.03168793725165164
BLX_sigma_0.05,15,151,0.03168793725165164
BLX_sigma_0.05,15,152,0.03168793725165164
BLX_sigma_0.05,15,153,0.031687336992213155
BLX_sigma_0.05,15,154,0.031687336992213155
BLX_sigma_0.05,15,155,0.031687336992213155
BLX_sigma_0.05,15,156,0.031687271011540785
BLX_sigma_0.05,15,157,0.031687271011540785
BLX_sigma_0.05,15,158,0.031687271011540785
BLX_sigma_0.05,15,159,0.031687271011540785
BLX_sigma_0.05,15,160,0.03168726890715923
BLX_sigma_0.05,15,161,0.031687165405989925
BLX_sigma_0.05,15,162,0.031687165405989925
BLX_sigma_0.05,15,163,0.031687165405989925
BLX_sigma_0.05,15,164,0.031687107007024595
BLX_sigma_0.05,15,165,0.031687107007024595
BLX_sigma_0.05,15,166,0.03168709045342155
BLX_sigma_0.05,15,167,0.03168708024429545
BLX_sigma_0.05,16,0,137.65378453900192
BLX_sigma_0.05,16,1,80.28065229460746
BLX_sigma_0.05,16,2,37.194000146165834
BLX_sigma_0.05,16,3,30.47525486933663
BLX_sigma_0.05,16,4,13.34715878751983
BLX_sigma_0.05,16,5,10.268554417078738
BLX_sigma_0.05,16,6,4.63279725619514
BLX_sigma_0.05,16,7,4.63279725619514
BLX_sigma_0.05,16,8,4.0185080231439265
BLX_sigma_0.05,16,9,3.3847811074195038
BLX_sigma_0.05,16,10,2.4574690725027377
BLX_sigma_0.05,16,11,2.4574690725027377
BLX_sigma_0.05,16,12,1.8304103047066045
BLX_sigma_0.05,16,13,1.502854569242971
BLX_sigma_0.05,16,14,1.502854569242971
BLX_sigma_0.05,16,15,1.502854569242971
BLX_sigma_0.05,16,16,1.318054794511141
BLX_sigma_0.05,16,17,1.2729621357124468
BLX_sigma_0.05,16,18,1.1709866438968504
BLX_sigma_0.05,16,19,1.1309862527575716
BLX_sigma_0.05,16,20,1.1211742475208284
BLX_sigma_0.05,16,21,1.1070484847222462
BLX_sigma_0.05,16,22,1.0137226069460599
BLX_sigma_0.05,16,23,0.9494222507298476
BLX_sigma_0.05,16,24,0.9169923336752184
BLX_sigma_0.05,16,25,0.7149658790915767
BLX_sigma_0.05,16,26,0.7149658790915767
BLX_sigma_0.05,16,27,0.7149658790915767
BLX_sigma_0.05,16,28,0.7149658790915767
BLX_sigma_0.05,16,29,0.7149658790915767
BLX_sigma_0.05,16,30,0.7149658790915767
BLX_sigma_0.05,16,31,0.7118322808927109
BLX_sigma_0.05,16,32,0.7118322808927109
BLX_sigma_0.05,16,33,0.7056072015784756
BLX_sigma_0.05,16,34,0.6110120905594598
BLX_sigma_0.05,16,35,0.6110120905594598
BLX_sigma_0.05,16,36,0.6110120905594598
BLX_sigma_0.05,16,37,0.598362073689163
BLX_sigma_0.05,16,38,0.5431413218293897
BLX_sigma_0.05,16,39,0.5022470679670109
BLX_sigma_0.05,16,40,0.40281989515802985
BLX_sigma_0.05,16,41,0.28383368701006684
BLX_sigma_0.05,16,42,0.28383368701006684
BLX_sigma_0.05,16,43,0.28383368701006684
BLX_sigma_0.05,16,44,0.26430915088249707
BLX_sigma_0.05,16,45,0.26430915088249707
BLX_sigma_0.05,16,46,0.22400937167934598
BLX_sigma_0.05,16,47,0.22400937167934598
BLX_sigma_0.05,16,48,0.19167339071542366
BLX_sigma_0.05,16,49,0.18069653812407194
BLX_sigma_0.05,16,50,0.18069653812407194
BLX_sigma_0.05,16,51,0.18069653812407194
BLX_sigma_0.05,16,52,0.18069653812407194
BLX_sigma_0.05,16,53,0.18069653812407194
BLX_sigma_0.05,16,54,0.18069653812407194
BLX_sigma_0.05,16,55,0.17336780091733928
BLX_sigma_0.05,16,56,0.16480968453944067
BLX_sigma_0.05,16,57,0.16480968453944067
BLX_sigma_0.05,16,58,0.16480968453944067
BLX_sigma_0.05,16,59,0.15710831657919488
BLX_sigma_0.05,16,60,0.12526013771545597
BLX_sigma_0.05,16,61,0.12526013771545597
BLX_sigma_0.05,16,62,0.12526013771545597
BLX_sigma_0.05,16,63,0.12526013771545597
BLX_sigma_0.05,16,64,0.12526013771545597
BLX_sigma_0.05,16,65,0.09808727291063601
BLX_sigma_0.05,16,66,0.09150071079702826
BLX_sigma_0.05,16,67,0.09150071079702826
BLX_sigma_0.05,16,68,0.08623305992249852
BLX_sigma_0.05,16,69,0.08261859064243793
BLX_sigma_0.05,16,70,0.08261859064243793
BLX_sigma_0.05,16,71,0.08261859064243793
BLX_sigma_0.05,16,72,0.08261859064243793
BLX_sigma_0.05,16,73,0.08012113056627768
BLX_sigma_0.05,16,74,0.08012113056627768
BLX_sigma_0.05,16,75,0.07963053392864272
BLX_sigma_0.05,16,76,0.07825118350389226
BLX_sigma_0.05,16,77,0.07603764392498502
BLX_sigma_0.05,16,78,0.07394198122635232
BLX_sigma_0.05,16,79,0.06926073858832715
BLX_sigma_0.05,16,80,0.06926073858832715
BLX_sigma_0.05,16,81,0.06926073858832715
BLX_sigma_0.05,16,82,0.06926073858832715
BLX_sigma_0.05,16,83,0.06926073858832715
BLX_sigma_0.05,16,84,0.06926073858832715
BLX_sigma_0.05,16,85,0.06926073858832715
BLX_sigma_0.05,16,86,0.05417183701154116
BLX_sigma_0.05,16,87,0.05417183701154116
BLX_sigma_0.05,16,88,0.054126642320702856
BLX_sigma_0.05,16,89,0.05266169610023275
BLX_sigma_0.05,16,90,0.05266169610023275
BLX_sigma_0.05,16,91,0.05136987135777338
BLX_sigma_0.05,16,92,0.039470546060102696
BLX_sigma_0.05,16,93,0.039470546060102696
BLX_sigma_0.05,16,94,0.039470546060102696
BLX_sigma_0.05,16,95,0.039470546060102696
BLX_sigma_0.05,16,96,0.039470546060102696
BLX_sigma_0.05,16,97,0.039470546060102696
BLX_sigma_0.05,16,98,0.0394414600739007
BLX_sigma_0.05,16,99,0.0387309916377675
BLX_sigma_0.05,16,100,0.03857702717815714
BLX_sigma_0.05,16,101,0.03857702717815714
BLX_sigma_0.05,16,102,0.03783452499268203
BLX_sigma_0.05,16,103,0.03783452499268203
BLX_sigma_0.05,16,104,0.03772781327979158
BLX_sigma_0.05,16,105,0.03759962374944159
BLX_sigma_0.05,16,106,0.03747058848878149
BLX_sigma_0.05,16,107,0.037409869464889445
BLX_sigma_0.05,16,108,0.03689830702889585
BLX_sigma_0.05,16,109,0.03674094717635146
BLX_sigma_0.05,16,110,0.03664986690331051
BLX_sigma_0.05,16,111,0.03647316644350829
BLX_sigma_0.05,16,112,0.0364507211400984
BLX_sigma_0.05,16,113,0.0364507211400984
BLX_sigma_0.05,16,114,0.03606343189207639
BLX_sigma_0.05,16,115,0.03606343189207639
BLX_sigma_0.05,16,116,0.03606343189207639
BLX_sigma_0.05,16,117,0.03605743683175744
BLX_sigma_0.05,16,118,0.03605743683175744
BLX_sigma_0.05,16,119,0.03596068288866583
BLX_sigma_0.05,16,120,0.03580710682866328
BLX_sigma_0.05,16,121,0.03580710682866328
BLX_sigma_0.05,16,122,0.035773025137308845
BLX_sigma_0.05,16,123,0.03573730755130522
BLX_sigma_0.05,16,124,0.03566039548729327
BLX_sigma_0.05,16,125,0.03562546565997382
BLX_sigma_0.05,16,126,0.035572979499226665
BLX_sigma_0.05,16,127,0.03553326530812262
BLX_sigma_0.05,16,128,0.03548193010489342
BLX_sigma_0.05,16,129,0.03546762579140139
BLX_sigma_0.05,16,130,0.03538147566014871
BLX_sigma_0.05,16,131,0.03538147566014871
BLX_sigma_0.05,16,132,0.03528138113188817
BLX_sigma_0.05,16,133,0.03526340173110676
BLX_sigma_0.05,16,134,0.03526340173110676
BLX_sigma_0.05,16,135,0.03524516552797663
BLX_sigma_0.05,16,136,0.03524516552797663
BLX_sigma_0.05,16,137,0.035171655653217226
BLX_sigma_0.05,16,138,0.03516000877728653
BLX_sigma_0.05,16,139,0.035140227856485184
BLX_sigma_0.05,16,140,0.03509468505904911
BLX_sigma_0.05,16,141,0.03502135781445925
BLX_sigma_0.05,16,142,0.034974632410102235
BLX_sigma_0.05,16,143,0.034974632410102235
BLX_sigma_0.05,16,144,0.03493834425205378
BLX_sigma_0.05,16,145,0.03493834425205378
BLX_sigma_0.05,16,146,0.034917380740820736
BLX_sigma_0.05,16,147,0.034917380740820736
BLX_sigma_0.05,16,148,0.034891994065706866
BLX_sigma_0.05,16,149,0.034891994065706866
BLX_sigma_0.05,16,150,0.034869302224959986
BLX_sigma_0.05,16,151,0.034869302224959986
BLX_sigma_0.05,16,152,0.034864050336348096
BLX_sigma_0.05,16,153,0.0348537784350621
BLX_sigma_0.05,16,154,0.0348537784350621
BLX_sigma_0.05,16,155,0.0348500622658775
BLX_sigma_0.05,16,156,0.034844316430783895
BLX_sigma_0.05,16,157,0.03484411841344026
BLX_sigma_0.05,16,158,0.03482295127370205
BLX_sigma_0.05,16,159,0.03482295127370205
BLX_sigma_0.05,16,160,0.034817981968673584
BLX_sigma_0.05,16,161,0.03481728503508641
BLX_sigma_0.05,16,162,0.03481728503508641
BLX_sigma_0.05,16,163,0.03481533938919312
BLX_sigma_0.05,16,164,0.034806480980026144
BLX_sigma_0.05,16,165,0.034806480980026144
BLX_sigma_0.05,16,166,0.034804077168610004
BLX_sigma_0.05,16,167,0.034799573513963455
BLX_sigma_0.05,17,0,107.9229504760342
BLX_sigma_0.05,17,1,74.46802154916806
BLX_sigma_0.05,17,2,35.04679250252145
BLX_sigma_0.05,17,3,20.671913491546917
BLX_sigma_0.05,17,4,9.120240038246662
BLX_sigma_0.05,17,5,9.120240038246662
BLX_sigma_0.05,17,6,6.351261992853922
BLX_sigma_0.05,17,7,5.608755051295922
BLX_sigma_0.05,17,8,4.077486409660595
BLX_sigma_0.05,17,9,1.985842582387776
BLX_sigma_0.05,17,10,1.985842582387776
BLX_sigma_0.05,17,11,1.8867448265986726
BLX_sigma_0.05,17,12,1.6613204685690208
BLX_sigma_0.05,17,13,1.2589268024616325
BLX_sigma_0.05,17,14,1.1922971339131847
BLX_sigma_0.05,17,15,1.1922971339131847
BLX_sigma_0.05,17,16,1.186676402657455
BLX_sigma_0.05,17,17,1.128196719412797
BLX_sigma_0.05,17,18,1.0821677365333862
BLX_sigma_0.05,17,19,1.0752581732297979
BLX_sigma_0.05,17,20,1.0282893559141106
BLX_sigma_0.05,17,21,0.8923918539725008
BLX_sigma_0.05,17,22,0.8819011375786439
BLX_sigma_0.05,17,23,0.8819011375786439
BLX_sigma_0.05,17,24,0.8708204850758331
BLX_sigma_0.05,17,25,0.8627057810470495
BLX_sigma_0.05,17,26,0.7482524571871949
BLX_sigma_0.05,17,27,0.7482524571871949
BLX_sigma_0.05,17,28,0.7482524571871949
BLX_sigma_0.05,17,29,0.7482524571871949
BLX_sigma_0.05,17,30,0.7385252844276383
BLX_sigma_0.05,17,31,0.7000165439551407
BLX_sigma_0.05,17,32,0.46232091493234384
BLX_sigma_0.05,17,33,0.46232091493234384
BLX_sigma_0.05,17,34,0.46232091493234384
BLX_sigma_0.05,17,35,0.46232091493234384
BLX_sigma_0.05,17,36,0.46232091493234384
BLX_sigma_0.05,17,37,0.46232091493234384
BLX_sigma_0.05,17,38,0.4600719387801633
BLX_sigma_0.05,17,39,0.4600719387801633
BLX_sigma_0.05,17,40,0.4600719387801633
BLX_sigma_0.05,17,41,0.4600719387801633
BLX_sigma_0.05,17,42,0.4600719387801633
BLX_sigma_0.05,17,43,0.4600719387801633
BLX_sigma_0.05,17,44,0.42001561680797117
BLX_sigma_0.05,17,45,0.42001561680797117
BLX_sigma_0.05,17,46,0.3957538259485227
BLX_sigma_0.05,17,47,0.3957538259485227
BLX_sigma_0.05,17,48,0.3764116649673359
BLX_sigma_0.05,17,49,0.3764116649673359
BLX_sigma_0.05,17,50,0.3725285873960831
BLX_sigma_0.05,17,51,0.3131963850489524
BLX_sigma_0.05,17,52,0.3131963850489524
BLX_sigma_0.05,17,53,0.2719121185936395
BLX_sigma_0.05,17,54,0.1992740391084138
BLX_sigma_0.05,17,55,0.17962111592403318
BLX_sigma_0.05,17,56,0.17729634052730814
BLX_sigma_0.05,17,57,0.17729634052730814
BLX_sigma_0.05,17,58,0.17729634052730814
BLX_sigma_0.05,17,59,0.16063079497151034
BLX_sigma_0.05,17,60,0.15457082287420254
BLX_sigma_0.05,17,61,0.1240901180489673
BLX_sigma_0.05,17,62,0.12030316842188238
BLX_sigma_0.05,17,63,0.12030316842188238
BLX_sigma_0.05,17,64,0.12030316842188238
BLX_sigma_0.05,17,65,0.08805576620654798
BLX_sigma_0.05,17,66,0.08805576620654798
BLX_sigma_0.05,17,67,0.08805576620654798
BLX_sigma_0.05,17,68,0.08023749431831706
BLX_sigma_0.05,17,69,0.0678995597464046
BLX_sigma_0.05,17,70,0.0678995597464046
BLX_sigma_0.05,17,71,0.05837295773235063
BLX_sigma_0.05,17,72,0.05485128811926099
BLX_sigma_0.05,17,73,0.052826127732610084
BLX_sigma_0.05,17,74,0.045801039614213224
BLX_sigma_0.05,17,75,0.04386598025190225
BLX_sigma_0.05,17,76,0.04386598025190225
BLX_sigma_0.05,17,77,0.04386598025190225
BLX_sigma_0.05,17,78,0.04226818876192051
BLX_sigma_0.05,17,79,0.03771886721836282
BLX_sigma_0.05,17,80,0.03771886721836282
BLX_sigma_0.05,17,81,0.03595005785662775
BLX_sigma_0.05,17,82,0.03572982965075877
BLX_sigma_0.05,17,83,0.03568634929989112
BLX_sigma_0.05,17,84,0.03542983435289815
BLX_sigma_0.05,17,85,0.03479771691271183
BLX_sigma_0.05,17,86,0.03337538614259894
BLX_sigma_0.05,17,87,0.03337538614259894
BLX_sigma_0.05,17,88,0.015424284548319678
BLX_sigma_0.05,17,89,0.015424284548319678
BLX_sigma_0.05,17,90,0.015424284548319678
BLX_sigma_0.05,17,91,0.015424284548319678
BLX_sigma_0.05,17,92,0.015424284548319678
BLX_sigma_0.05,17,93,0.015424284548319678
BLX_sigma_0.05,17,94,0.015424284548319678
BLX_sigma_0.05,17,95,0.015424284548319678
BLX_sigma_0.05,17,96,0.015424284548319678
BLX_sigma_0.05,17,97,0.015424284548319678
BLX_sigma_0.05,17,98,0.015424284548319678
BLX_sigma_0.05,17,99,0.015424284548319678
BLX_sigma_0.05,17,100,0.015424284548319678
BLX_sigma_0.05,17,101,0.015424284548319678
BLX_sigma_0.05,17,102,0.015424284548319678
BLX_sigma_0.05,17,103,0.015424284548319678
BLX_sigma_0.05,17,104,0.015424284548319678
BLX_sigma_0.05,17,105,0.015424284548319678
BLX_sigma_0.05,17,106,0.015424284548319678
BLX_sigma_0.05,17,107,0.015424284548319678
BLX_sigma_0.05,17,108,0.015424284548319678
BLX_sigma_0.05,17,109,0.015424284548319678
BLX_sigma_0.05,17,110,0.015424284548319678
BLX_sigma_0.05,17,111,0.015424284548319678
BLX_sigma_0.05,17,112,0.01343405011932397
BLX_sigma_0.05,17,113,0.01343405011932397
BLX_sigma_0.05,17,114,0.01343405011932397
BLX_sigma_0.05,17,115,0.01343405011932397
BLX_sigma_0.05,17,116,0.01343405011932397
BLX_sigma_0.05,17,117,0.013284460914378404
BLX_sigma_0.05,17,118,0.013284460914378404
BLX_sigma_0.05,17,119,0.013255742356492961
BLX_sigma_0.05,17,120,0.013095664849317679
BLX_sigma_0.05,17,121,0.0129150640832425
BLX_sigma_0.05,17,122,0.012789666128476429
BLX_sigma_0.05,17,123,0.01271495086889829
BLX_sigma_0.05,17,124,0.012690999128732616
BLX_sigma_0.05,17,125,0.012601990040929656
BLX_sigma_0.05,17,126,0.012487520131728824
BLX_sigma_0.05,17,127,0.012487520131728824
BLX_sigma_0.05,17,128,0.012487520131728824
BLX_sigma_0.05,17,129,0.012487520131728824
BLX_sigma_0.05,17,130,0.012468973123461846
BLX_sigma_0.05,17,131,0.01245652654998397
BLX_sigma_0.05,17,132,0.012450423997600435
BLX_sigma_0.05,17,133,0.012445638841968032
BLX_sigma_0.05,17,134,0.012426801649550456
BLX_sigma_0.05,17,135,0.012426496944741738
BLX_sigma_0.05,17,136,0.012426354687051444
BLX_sigma_0.05,17,137,0.012416552749453746
BLX_sigma_0.05,17,138,0.012415681212790908
BLX_sigma_0.05,17,139,0.01240243651862094
BLX_sigma_0.05,17,140,0.01240243651862094
BLX_sigma_0.05,17,141,0.01240243651862094
BLX_sigma_0.05,17,142,0.012391827218227514
BLX_sigma_0.05,17,143,0.012386746685261407
BLX_sigma_0.05,17,144,0.012375752957138553
BLX_sigma_0.05,17,145,0.012375752957138553
BLX_sigma_0.05,17,146,0.012373673355758896
BLX_sigma_0.05,17,147,0.012365017503331854
BLX_sigma_0.05,17,148,0.012365017503331854
BLX_sigma_0.05,17,149,0.012354413462167813
BLX_sigma_0.05,17,150,0.012352784069097678
BLX_sigma_0.05,17,151,0.012345699723452341
BLX_sigma_0.05,17,152,0.012345699723452341
BLX_sigma_0.05,17,153,0.012336415429068603
BLX_sigma_0.05,17,154,0.012335654764072612
BLX_sigma_0.05,17,155,0.012333670744344993
BLX_sigma_0.05,17,156,0.012333352935922526
BLX_sigma_0.05,17,157,0.012330203431663689
BLX_sigma_0.05,17,158,0.012330203431663689
BLX_sigma_0.05,17,159,0.012326366433987546
BLX_sigma_0.05,17,160,0.012320628873747186
BLX_sigma_0.05,17,161,0.012320628873747186
BLX_sigma_0.05,17,162,0.012320628873747186
BLX_sigma_0.05,17,163,0.01231918305659696
BLX_sigma_0.05,17,164,0.01231918305659696
BLX_sigma_0.05,17,165,0.01231918305659696
BLX_sigma_0.05,17,166,0.012314942199760037
BLX_sigma_0.05,17,167,0.012314942199760037
BLX_sigma_0.05,18,0,138.29107245282609
BLX_sigma_0.05,18,1,55.88465858850026
BLX_sigma_0.05,18,2,26.688866626875164
BLX_sigma_0.05,18,3,18.333585661907286
BLX_sigma_0.05,18,4,14.3688719754116
BLX_sigma_0.05,18,5,12.434781529109927
BLX_sigma_0.05,18,6,5.7224344113397265
BLX_sigma_0.05,18,7,4.183198160498432
BLX_sigma_0.05,18,8,3.219107273272526
BLX_sigma_0.05,18,9,2.250671823235729
BLX_sigma_0.05,18,10,1.7026578917239688
BLX_sigma_0.05,18,11,1.5265426450315087
BLX_sigma_0.05,18,12,1.5265426450315087
BLX_sigma_0.05,18,13,1.365544882857491
BLX_sigma_0.05,18,14,1.1820724944339913
BLX_sigma_0.05,18,15,1.1416444805452346
BLX_sigma_0.05,18,16,1.08835363225319
BLX_sigma_0.05,18,17,1.0659026992286496
BLX_sigma_0.05,18,18,1.0521552706464523
BLX_sigma_0.05,18,19,1.0007968998117525
BLX_sigma_0.05,18,20,1.0007968998117525
BLX_sigma_0.05,18,21,1.0007968998117525
BLX_sigma_0.05,18,22,0.9457259671796956
BLX_sigma_0.05,18,23,0.9457259671796956
BLX_sigma_0.05,18,24,0.9457259671796956
BLX_sigma_0.05,18,25,0.8651537962487631
BLX_sigma_0.05,18,26,0.7421167892008829
BLX_sigma_0.05,18,27,0.7421167892008829
BLX_sigma_0.05,18,28,0.5997254242842174
BLX_sigma_0.05,18,29,0.5997254242842174
BLX_sigma_0.05,18,30,0.5924367907490808
BLX_sigma_0.05,18,31,0.5785474665308759
BLX_sigma_0.05,18,32,0.5785474665308759
BLX_sigma_0.05,18,33,0.5646390427777799
BLX_sigma_0.05,18,34,0.40114035199017206
BLX_sigma_0.05,18,35,0.4010865348053587
BLX_sigma_0.05,18,36,0.3621788076556043
BLX_sigma_0.05,18,37,0.297437830044574
BLX_sigma_0.05,18,38,0.1571841672094162
BLX_sigma_0.05,18,39,0.1571841672094162
BLX_sigma_0.05,18,40,0.09251118063416064
BLX_sigma_0.05,18,41,0.09251118063416064
BLX_sigma_0.05,18,42,0.09251118063416064
BLX_sigma_0.05,18,43,0.09251118063416064
BLX_sigma_0.05,18,44,0.09251118063416064
BLX_sigma_0.05,18,45,0.09251118063416064
BLX_sigma_0.05,18,46,0.09251118063416064
BLX_sigma_0.05,18,47,0.08132103949935932
BLX_sigma_0.05,18,48,0.08132103949935932
BLX_sigma_0.05,18,49,0.06893634477108734
BLX_sigma_0.05,18,50,0.06893634477108734
BLX_sigma_0.05,18,51,0.06893634477108734
BLX_sigma_0.05,18,52,0.061458784817725265
BLX_sigma_0.05,18,53,0.05282571277834158
BLX_sigma_0.05,18,54,0.05282571277834158
BLX_sigma_0.05,18,55,0.046754111650709085
BLX_sigma_0.05,18,56,0.046754111650709085
BLX_sigma_0.05,18,57,0.04148630198847747
BLX_sigma_0.05,18,58,0.04148630198847747
BLX_sigma_0.05,18,59,0.04148630198847747
BLX_sigma_0.05,18,60,0.039067535712253076
BLX_sigma_0.05,18,61,0.039067535712253076
BLX_sigma_0.05,18,62,0.039067535712253076
BLX_sigma_0.05,18,63,0.03719954159139538
BLX_sigma_0.05,18,64,0.036035912866062114
BLX_sigma_0.05,18,65,0.03473124145610429
BLX_sigma_0.05,18,66,0.03473124145610429
BLX_sigma_0.05,18,67,0.03473124145610429
BLX_sigma_0.05,18,68,0.03473124145610429
BLX_sigma_0.05,18,69,0.03425478166390594
BLX_sigma_0.05,18,70,0.0335329162681508
BLX_sigma_0.05,18,71,0.033439048932760174
BLX_sigma_0.05,18,72,0.0327828184018214
BLX_sigma_0.05,18,73,0.0327828184018214
BLX_sigma_0.05,18,74,0.0327828184018214
BLX_sigma_0.05,18,75,0.0319397873823819
BLX_sigma_0.05,18,76,0.03120752275491545
BLX_sigma_0.05,18,77,0.03120752275491545
BLX_sigma_0.05,18,78,0.031196164665119763
BLX_sigma_0.05,18,79,0.031196164665119763
BLX_sigma_0.05,18,80,0.03112113970636332
BLX_sigma_0.05,18,81,0.030962910474900185
BLX_sigma_0.05,18,82,0.030962910474900185
BLX_sigma_0.05,18,83,0.030655953885669662
BLX_sigma_0.05,18,84,0.030655953885669662
BLX_sigma_0.05,18,85,0.030655953885669662
BLX_sigma_0.05,18,86,0.030655953885669662
BLX_sigma_0.05,18,87,0.030655953885669662
BLX_sigma_0.05,18,88,0.030595467834628853
BLX_sigma_0.05,18,89,0.03051275637389217
BLX_sigma_0.05,18,90,0.03051275637389217
BLX_sigma_0.05,18,91,0.030473986410478493
BLX_sigma_0.05,18,92,0.03045527800639547
BLX_sigma_0.05,18,93,0.030387652946690102
BLX_sigma_0.05,18,94,0.030268456861793802
BLX_sigma_0.05,18,95,0.030195651765601905
BLX_sigma_0.05,18,96,0.030195651765601905
BLX_sigma_0.05,18,97,0.030175206009393274
BLX_sigma_0.05,18,98,0.030175206009393274
BLX_sigma_0.05,18,99,0.030175206009393274
BLX_sigma_0.05,18,100,0.030099102121867394
BLX_sigma_0.05,18,101,0.030089302323333844
BLX_sigma_0.05,18,102,0.030089302323333844
BLX_sigma_0.05,18,103,0.022941030556846598
BLX_sigma_0.05,18,104,0.02008184149940584
BLX_sigma_0.05,18,105,0.02008184149940584
BLX_sigma_0.05,18,106,0.004387926363048633
BLX_sigma_0.05,18,107,0.004387926363048633
BLX_sigma_0.05,18,108,0.004387926363048633
BLX_sigma_0.05,18,109,0.004384105920893999
BLX_sigma_0.05,18,110,0.004360301823277402
BLX_sigma_0.05,18,111,0.004360301823277402
BLX_sigma_0.05,18,112,0.004360301823277402
BLX_sigma_0.05,18,113,0.004360301823277402
BLX_sigma_0.05,18,114,0.004355454423425331
BLX_sigma_0.05,18,115,0.004355454423425331
BLX_sigma_0.05,18,116,0.0043387796620063535
BLX_sigma_0.05,18,117,0.0043387796620063535
BLX_sigma_0.05,18,118,0.0043387796620063535
BLX_sigma_0.05,18,119,0.004338001536179359
BLX_sigma_0.05,18,120,0.0043361862682531616
BLX_sigma_0.05,18,121,0.004332584830302522
BLX_sigma_0.05,18,122,0.004329690756327054
BLX_sigma_0.05,18,123,0.004329690756327054
BLX_sigma_0.05,18,124,0.004329690756327054
BLX_sigma_0.05,18,125,0.004327956006094702
BLX_sigma_0.05,18,126,0.004324938435615433
BLX_sigma_0.05,18,127,0.004324938435615433
BLX_sigma_0.05,18,128,0.004324420053511413
BLX_sigma_0.05,18,129,0.004322258766044529
BLX_sigma_0.05,18,130,0.00432171514581714
BLX_sigma_0.05,18,131,0.00431929188417246
BLX_sigma_0.05,18,132,0.00431929188417246
BLX_sigma_0.05,18,133,0.004317518881786886
BLX_sigma_0.05,18,134,0.0043173467042357805
BLX_sigma_0.05,18,135,0.004315548341367603
BLX_sigma_0.05,18,136,0.0043148924404904365
BLX_sigma_0.05,18,137,0.0043148924404904365
BLX_sigma_0.05,18,138,0.004313116322617883
BLX_sigma_0.05,18,139,0.004313116322617883
BLX_sigma_0.05,18,140,0.004313116322617883
BLX_sigma_0.05,18,141,0.004312268310425638
BLX_sigma_0.05,18,142,0.004312268310425638
BLX_sigma_0.05,18,143,0.004311724505082548
BLX_sigma_0.05,18,144,0.0043112121216046795
BLX_sigma_0.05,18,145,0.0043108594891351215
BLX_sigma_0.05,18,146,0.0043108594891351215
BLX_sigma_0.05,18,147,0.00431062212167177
BLX_sigma_0.05,18,148,0.00431062212167177
BLX_sigma_0.05,18,149,0.00431062212167177
BLX_sigma_0.05,18,150,0.0043104404546386865
BLX_sigma_0.05,18,151,0.0043104404546386865
BLX_sigma_0.05,18,152,0.00431031007954874
BLX_sigma_0.05,18,153,0.00431031007954874
BLX_sigma_0.05,18,154,0.004310213731750889
BLX_sigma_0.05,18,155,0.004310213731750889
BLX_sigma_0.05,18,156,0.004310084707734196
BLX_sigma_0.05,18,157,0.004309866837435505
BLX_sigma_0.05,18,158,0.004309851311906421
BLX_sigma_0.05,18,159,0.004309686182913719
BLX_sigma_0.05,18,160,0.004309686182913719
BLX_sigma_0.05,18,161,0.004309686182913719
BLX_sigma_0.05,18,162,0.004309686182913719
BLX_sigma_0.05,18,163,0.004309647225654523
BLX_sigma_0.05,18,164,0.004309647225654523
BLX_sigma_0.05,18,165,0.004309585155932605
BLX_sigma_0.05,18,166,0.004309585155932605
BLX_sigma_0.05,18,167,0.00430955612679218
BLX_sigma_0.05,19,0,89.98372793986643
BLX_sigma_0.05,19,1,50.71472335174569
BLX_sigma_0.05,19,2,39.62601655980685
BLX_sigma_0.05,19,3,17.020327753626464
BLX_sigma_0.05,19,4,8.425095398721503
BLX_sigma_0.05,19,5,8.425095398721503
BLX_sigma_0.05,19,6,5.2561465339691935
BLX_sigma_0.05,19,7,4.4284619680859985
BLX_sigma_0.05,19,8,2.8227300209094386
BLX_sigma_0.05,19,9,2.0702479795949076
BLX_sigma_0.05,19,10,1.9091104098857559
BLX_sigma_0.05,19,11,1.6514190764934298
BLX_sigma_0.05,19,12,1.4991866764232171
BLX_sigma_0.05,19,13,1.2375137795987563
BLX_sigma_0.05,19,14,1.0653456198200946
BLX_sigma_0.05,19,15,1.0653456198200946
BLX_sigma_0.05,19,16,1.0653456198200946
BLX_sigma_0.05,19,17,1.0653456198200946
BLX_sigma_0.05,19,18,1.0642006034884228
BLX_sigma_0.05,19,19,1.060659738988111
BLX_sigma_0.05,19,20,1.0077539214220583
BLX_sigma_0.05,19,21,1.0077539214220583
BLX_sigma_0.05,19,22,0.7970937148642272
BLX_sigma_0.05,19,23,0.7970937148642272
BLX_sigma_0.05,19,24,0.7970937148642272
BLX_sigma_0.05,19,25,0.7970937148642272
BLX_sigma_0.05,19,26,0.7970937148642272
BLX_sigma_0.05,19,27,0.7970937148642272
BLX_sigma_0.05,19,28,0.7970937148642272
BLX_sigma_0.05,19,29,0.7970937148642272
BLX_sigma_0.05,19,30,0.7900401564548807
BLX_sigma_0.05,19,31,0.7375689329500855
BLX_sigma_0.05,19,32,0.7258569421062881
BLX_sigma_0.05,19,33,0.713408711442367
BLX_sigma_0.05,19,34,0.6837888309512554
BLX_sigma_0.05,19,35,0.6837888309512554
BLX_sigma_0.05,19,36,0.6257955301952202
BLX_sigma_0.05,19,37,0.6257955301952202
BLX_sigma_0.05,19,38,0.5913555978671973
BLX_sigma_0.05,19,39,0.5913555978671973
BLX_sigma_0.05,19,40,0.5913555978671973
BLX_sigma_0.05,19,41,0.5258023524330921
BLX_sigma_0.05,19,42,0.5258023524330921
BLX_sigma_0.05,19,43,0.5258023524330921
BLX_sigma_0.05,19,44,0.5258023524330921
BLX_sigma_0.05,19,45,0.5258023524330921
BLX_sigma_0.05,19,46,0.5258023524330921
BLX_sigma_0.05,19,47,0.5152678572611114
BLX_sigma_0.05,19,48,0.5152678572611114
BLX_sigma_0.05,19,49,0.5055652407049669
BLX_sigma_0.05,19,50,0.5055652407049669
BLX_sigma_0.05,19,51,0.5055652407049669
BLX_sigma_0.05,19,52,0.5055652407049669
BLX_sigma_0.05,19,53,0.43661587345742037
BLX_sigma_0.05,19,54,0.43661587345742037
BLX_sigma_0.05,19,55,0.43661587345742037
BLX_sigma_0.05,19,56,0.43661587345742037
BLX_sigma_0.05,19,57,0.43661587345742037
BLX_sigma_0.05,19,58,0.4153046376127154
BLX_sigma_0.05,19,59,0.40982044003497975
BLX_sigma_0.05,19,60,0.40982044003497975
BLX_sigma_0.05,19,61,0.39925782951105726
BLX_sigma_0.05,19,62,0.32557031978533435
BLX_sigma_0.05,19,63,0.32557031978533435
BLX_sigma_0.05,19,64,0.32557031978533435
BLX_sigma_0.05,19,65,0.32557031978533435
BLX_sigma_0.05,19,66,0.32557031978533435
BLX_sigma_0.05,19,67,0.32557031978533435
BLX_sigma_0.05,19,68,0.29105762890762843
BLX_sigma_0.05,19,69,0.29105762890762843
BLX_sigma_0.05,19,70,0.29105762890762843
BLX_sigma_0.05,19,71,0.29105762890762843
BLX_sigma_0.05,19,72,0.28759902677867977
BLX_sigma_0.05,19,73,0.27821504366314964
BLX_sigma_0.05,19,74,0.2757667570428557
BLX_sigma_0.05,19,75,0.24599629800652978
BLX_sigma_0.05,19,76,0.24469820602926395
BLX_sigma_0.05,19,77,0.24469820602926395
BLX_sigma_0.05,19,78,0.24143321795143413
BLX_sigma_0.05,19,79,0.22999724981169367
BLX_sigma_0.05,19,80,0.22999724981169367
BLX_sigma_0.05,19,81,0.21420643646931437
BLX_sigma_0.05,19,82,0.21420643646931437
BLX_sigma_0.05,19,83,0.21276552511452618
BLX_sigma_0.05,19,84,0.19522547406581914
BLX_sigma_0.05,19,85,0.19522547406581914
BLX_sigma_0.05,19,86,0.19522547406581914
BLX_sigma_0.05,19,87,0.19522547406581914
BLX_sigma_0.05,19,88,0.19522547406581914
BLX_sigma_0.05,19,89,0.18385361472069128
BLX_sigma_0.05,19,90,0.18385361472069128
BLX_sigma_0.05,19,91,0.18385361472069128
BLX_sigma_0.05,19,92,0.16971405960421015
BLX_sigma_0.05,19,93,0.16971405960421015
BLX_sigma_0.05,19,94,0.16971405960421015
BLX_sigma_0.05,19,95,0.16971405960421015
BLX_sigma_0.05,19,96,0.16971405960421015
BLX_sigma_0.05,19,97,0.16971405960421015
BLX_sigma_0.05,19,98,0.15967930284789322
BLX_sigma_0.05,19,99,0.15967930284789322
BLX_sigma_0.05,19,100,0.15084327720868773
BLX_sigma_0.05,19,101,0.15084327720868773
BLX_sigma_0.05,19,102,0.15084327720868773
BLX_sigma_0.05,19,103,0.15084327720868773
BLX_sigma_0.05,19,104,0.14089980622251108
BLX_sigma_0.05,19,105,0.13865566806100393
BLX_sigma_0.05,19,106,0.13812867351892866
BLX_sigma_0.05,19,107,0.13493891125835433
BLX_sigma_0.05,19,108,0.13493891125835433
BLX_sigma_0.05,19,109,0.1340464827919582
BLX_sigma_0.05,19,110,0.13258720699786153
BLX_sigma_0.05,19,111,0.13258720699786153
BLX_sigma_0.05,19,112,0.1296533212928962
BLX_sigma_0.05,19,113,0.1296533212928962
BLX_sigma_0.05,19,114,0.1296533212928962
BLX_sigma_0.05,19,115,0.12596313931586023
BLX_sigma_0.05,19,116,0.12596313931586023
BLX_sigma_0.05,19,117,0.12596313931586023
BLX_sigma_0.05,19,118,0.10444614190011403
BLX_sigma_0.05,19,119,0.10444614190011403
BLX_sigma_0.05,19,120,0.10444614190011403
BLX_sigma_0.05,19,121,0.10444614190011403
BLX_sigma_0.05,19,122,0.10444614190011403
BLX_sigma_0.05,19,123,0.10444614190011403
BLX_sigma_0.05,19,124,0.10444614190011403
BLX_sigma_0.05,19,125,0.10444614190011403
BLX_sigma_0.05,19,126,0.10444614190011403
BLX_sigma_0.05,19,127,0.09534189528280768
BLX_sigma_0.05,19,128,0.09491181837302898
BLX_sigma_0.05,19,129,0.09491181837302898
BLX_sigma_0.05,19,130,0.09029746047750298
BLX_sigma_0.05,19,131,0.09029746047750298
BLX_sigma_0.05,19,132,0.09029746047750298
BLX_sigma_0.05,19,133,0.057911771098356435
BLX_sigma_0.05,19,134,0.057911771098356435
BLX_sigma_0.05,19,135,0.057911771098356435
BLX_sigma_0.05,19,136,0.057911771098356435
BLX_sigma_0.05,19,137,0.057911771098356435
BLX_sigma_0.05,19,138,0.057911771098356435
BLX_sigma_0.05,19,139,0.057911771098356435
BLX_sigma_0.05,19,140,0.057911771098356435
BLX_sigma_0.05,19,141,0.057911771098356435
BLX_sigma_0.05,19,142,0.05510928634378598
BLX_sigma_0.05,19,143,0.05510928634378598
BLX_sigma_0.05,19,144,0.05510928634378598
BLX_sigma_0.05,19,145,0.05510928634378598
BLX_sigma_0.05,19,146,0.05510928634378598
BLX_sigma_0.05,19,147,0.05510928634378598
BLX_sigma_0.05,19,148,0.05510928634378598
BLX_sigma_0.05,19,149,0.054908889986925224
BLX_sigma_0.05,19,150,0.054908889986925224
BLX_sigma_0.05,19,151,0.054908889986925224
BLX_sigma_0.05,19,152,0.054908889986925224
BLX_sigma_0.05,19,153,0.05484090871905234
BLX_sigma_0.05,19,154,0.054802296574357534
BLX_sigma_0.05,19,155,0.05475215650168552
BLX_sigma_0.05,19,156,0.05472351133606013
BLX_sigma_0.05,19,157,0.05472351133606013
BLX_sigma_0.05,19,158,0.05472351133606013
BLX_sigma_0.05,19,159,0.05472351133606013
BLX_sigma_0.05,19,160,0.05472351133606013
BLX_sigma_0.05,19,161,0.05469508946610435
BLX_sigma_0.05,19,162,0.05469508946610435
BLX_sigma_0.05,19,163,0.05467333123885709
BLX_sigma_0.05,19,164,0.05463782793545768
BLX_sigma_0.05,19,165,0.04896055070497218
BLX_sigma_0.05,19,166,0.04876337954174503
BLX_sigma_0.05,19,167,0.048524141661567155
random,0,0,119.28414125849221
random,0,1,119.28414125849221
random,0,2,70.95829424917942
random,0,3,70.95829424917942
random,0,4,70.95829424917942
random,0,5,70.95829424917942
random,0,6,70.95829424917942
random,0,7,70.95829424917942
random,0,8,70.95829424917942
random,0,9,70.95829424917942
random,0,10,70.95829424917942
random,0,11,70.95829424917942
random,0,12,70.95829424917942
random,0,13,70.95829424917942
random,0,14,70.95829424917942
random,0,15,70.95829424917942
random,0,16,55.90615010866449
random,0,17,55.90615010866449
random,0,18,55.90615010866449
random,0,19,55.90615010866449
random,0,20,55.90615010866449
random,0,21,55.90615010866449
random,0,22,55.90615010866449
random,0,23,55.90615010866449
random,0,24,55.90615010866449
random,0,25,55.90615010866449
random,0,26,55.90615010866449
random,0,27,55.90615010866449
random,0,28,55.90615010866449
random,0,29,55.90615010866449
random,0,30,55.90615010866449
random,0,31,55.90615010866449
random,0,32,55.90615010866449
random,0,33,55.90615010866449
random,0,34,55.90615010866449
random,0,35,55.90615010866449
random,0,36,55.90615010866449
random,0,37,55.90615010866449
random,0,38,55.90615010866449
random,0,39,55.90615010866449
random,0,40,55.90615010866449
random,0,41,55.90615010866449
random,0,42,55.90615010866449
random,0,43,55.90615010866449
random,0,44,55.90615010866449
random,0,45,55.90615010866449
random,0,46,55.90615010866449
random,0,47,55.90615010866449
random,0,48,55.90615010866449
random,0,49,55.90615010866449
random,0,50,55.90615010866449
random,0,51,55.90615010866449
random,0,52,55.90615010866449
random,0,53,55.90615010866449
random,0,54,55.90615010866449
random,0,55,55.90615010866449
random,0,56,55.90615010866449
random,0,57,50.526643707987084
random,0,58,50.526643707987084
random,0,59,50.526643707987084
random,0,60,50.526643707987084
random,0,61,50.526643707987084
random,0,62,50.526643707987084
random,0,63,50.526643707987084
random,0,64,50.526643707987084
random,0,65,50.526643707987084
random,0,66,50.526643707987084
random,0,67,50.526643707987084
random,0,68,50.526643707987084
random,0,69,50.526643707987084
random,0,70,50.526643707987084
random,0,71,50.526643707987084
random,0,72,50.526643707987084
random,0,73,50.526643707987084
random,0,74,50.526643707987084
random,0,75,50.526643707987084
random,0,76,50.526643707987084
random,0,77,50.526643707987084
random,0,78,50.526643707987084
random,0,79,50.526643707987084
random,0,80,50.526643707987084
random,0,81,50.526643707987084
random,0,82,14.450555606612387
random,0,83,14.450555606612387
random,0,84,14.450555606612387
random,0,85,14.450555606612387
random,0,86,14.450555606612387
random,0,87,14.450555606612387
random,0,88,14.450555606612387
random,0,89,14.450555606612387
random,0,90,14.450555606612387
random,0,91,14.450555606612387
random,0,92,14.450555606612387
random,0,93,14.450555606612387
random,0,94,14.450555606612387
random,0,95,14.450555606612387
random,0,96,14.450555606612387
random,0,97,14.450555606612387
random,0,98,14.450555606612387
random,0,99,14.450555606612387
random,0,100,14.450555606612387
random,0,101,14.450555606612387
random,0,102,14.450555606612387
random,0,103,14.450555606612387
random,0,104,14.450555606612387
random,0,105,14.450555606612387
random,0,106,14.450555606612387
random,0,107,14.450555606612387
random,0,108,14.450555606612387
random,0,109,14.450555606612387
random,0,110,14.450555606612387
random,0,111,14.450555606612387
random,0,112,14.450555606612387
random,0,113,14.450555606612387
random,0,114,14.450555606612387
random,0,115,14.450555606612387
random,0,116,14.450555606612387
random,0,117,14.450555606612387
random,0,118,14.450555606612387
random,0,119,14.450555606612387
random,0,120,14.450555606612387
random,0,121,14.450555606612387
random,0,122,14.450555606612387
random,0,123,14.450555606612387
random,0,124,14.450555606612387
random,0,125,14.450555606612387
random,0,126,14.450555606612387
random,0,127,14.450555606612387
random,0,128,14.450555606612387
random,0,129,14.450555606612387
random,0,130,14.450555606612387
random,0,131,14.450555606612387
random,0,132,14.450555606612387
random,0,133,14.450555606612387
random,0,134,14.450555606612387
random,0,135,14.450555606612387
random,0,136,14.450555606612387
random,0,137,14.450555606612387
random,0,138,14.450555606612387
random,0,139,14.450555606612387
random,0,140,14.450555606612387
random,0,141,14.450555606612387
random,0,142,14.450555606612387
random,0,143,14.450555606612387
random,0,144,14.450555606612387
random,0,145,14.450555606612387
random,0,146,14.450555606612387
random,0,147,14.450555606612387
random,0,148,14.450555606612387
random,0,149,14.450555606612387
random,0,150,14.450555606612387
random,0,151,14.450555606612387
random,0,152,14.450555606612387
random,0,153,14.450555606612387
random,0,154,14.450555606612387
random,0,155,14.450555606612387
random,0,156,14.450555606612387
random,0,157,14.450555606612387
random,0,158,14.450555606612387
random,0,159,14.450555606612387
random,0,160,14.450555606612387
random,0,161,14.450555606612387
random,0,162,14.450555606612387
random,0,163,14.450555606612387
random,0,164,14.450555606612387
random,0,165,14.450555606612387
random,0,166,14.450555606612387
random,0,167,14.450555606612387
random,1,0,122.82597643369839
random,1,1,122.82597643369839
random,1,2,67.38532317278185
random,1,3,67.38532317278185
random,1,4,67.38532317278185
random,1,5,67.38532317278185
random,1,6,67.38532317278185
random,1,7,67.38532317278185
random,1,8,67.38532317278185
random,1,9,67.38532317278185
random,1,10,67.38532317278185
random,1,11,67.38532317278185
random,1,12,67.38532317278185
random,1,13,64.93183076182667
random,1,14,64.93183076182667
random,1,15,64.93183076182667
random,1,16,64.93183076182667
random,1,17,64.93183076182667
random,1,18,50.563780441307685
random,1,19,50.563780441307685
random,1,20,50.563780441307685
random,1,21,50.563780441307685
random,1,22,50.563780441307685
random,1,23,50.563780441307685
random,1,24,50.563780441307685
random,1,25,50.563780441307685
random,1,26,50.563780441307685
random,1,27,50.563780441307685
random,1,28,50.563780441307685
random,1,29,50.563780441307685
random,1,30,50.563780441307685
random,1,31,50.563780441307685
random,1,32,50.563780441307685
random,1,33,50.563780441307685
random,1,34,50.563780441307685
random,1,35,50.563780441307685
random,1,36,50.563780441307685
random,1,37,50.563780441307685
random,1,38,50.563780441307685
random,1,39,49.00114805276772
random,1,40,49.00114805276772
random,1,41,49.00114805276772
random,1,42,49.00114805276772
random,1,43,49.00114805276772
random,1,44,49.00114805276772
random,1,45,49.00114805276772
random,1,46,49.00114805276772
random,1,47,49.00114805276772
random,1,48,49.00114805276772
random,1,49,49.00114805276772
random,1,50,49.00114805276772
random,1,51,49.00114805276772
random,1,52,49.00114805276772
random,1,53,49.00114805276772
random,1,54,49.00114805276772
random,1,55,49.00114805276772
random,1,56,45.37649548813179
random,1,57,45.37649548813179
random,1,58,45.37649548813179
random,1,59,45.37649548813179
random,1,60,45.37649548813179
random,1,61,45.37649548813179
random,1,62,45.37649548813179
random,1,63,45.37649548813179
random,1,64,45.37649548813179
random,1,65,45.37649548813179
random,1,66,45.37649548813179
random,1,67,45.37649548813179
random,1,68,45.37649548813179
random,1,69,45.37649548813179
random,1,70,45.37649548813179
random,1,71,45.37649548813179
random,1,72,45.37649548813179
random,1,73,45.37649548813179
random,1,74,45.37649548813179
random,1,75,45.37649548813179
random,1,76,45.37649548813179
random,1,77,45.37649548813179
random,1,78,45.37649548813179
random,1,79,45.37649548813179
random,1,80,45.37649548813179
random,1,81,45.37649548813179
random,1,82,45.37649548813179
random,1,83,45.37649548813179
random,1,84,45.37649548813179
random,1,85,45.37649548813179
random,1,86,45.37649548813179
random,1,87,45.37649548813179
random,1,88,45.37649548813179
random,1,89,45.37649548813179
random,1,90,45.37649548813179
random,1,91,45.37649548813179
random,1,92,45.37649548813179
random,1,93,45.37649548813179
random,1,94,45.37649548813179
random,1,95,45.37649548813179
random,1,96,45.37649548813179
random,1,97,45.37649548813179
random,1,98,45.37649548813179
random,1,99,45.37649548813179
random,1,100,45.37649548813179
random,1,101,45.37649548813179
random,1,102,45.37649548813179
random,1,103,45.37649548813179
random,1,104,45.37649548813179
random,1,105,45.37649548813179
random,1,106,45.37649548813179
random,1,107,45.37649548813179
random,1,108,45.37649548813179
random,1,109,45.37649548813179
random,1,110,45.37649548813179
random,1,111,45.37649548813179
random,1,112,45.37649548813179
random,1,113,45.37649548813179
random,1,114,45.37649548813179
random,1,115,45.37649548813179
random,1,116,45.37649548813179
random,1,117,45.37649548813179
random,1,118,45.37649548813179
random,1,119,45.37649548813179
random,1,120,45.37649548813179
random,1,121,45.37649548813179
random,1,122,45.37649548813179
random,1,123,45.37649548813179
random,1,124,45.37649548813179
random,1,125,45.37649548813179
random,1,126,45.37649548813179
random,1,127,45.37649548813179
random,1,128,45.37649548813179
random,1,129,45.37649548813179
random,1,130,45.37649548813179
random,1,131,45.37649548813179
random,1,132,45.37649548813179
random,1,133,45.37649548813179
random,1,134,45.37649548813179
random,1,135,45.37649548813179
random,1,136,45.37649548813179
random,1,137,45.37649548813179
random,1,138,45.37649548813179
random,1,139,45.37649548813179
random,1,140,45.37649548813179
random,1,141,45.37649548813179
random,1,142,45.37649548813179
random,1,143,45.37649548813179
random,1,144,45.37649548813179
random,1,145,45.37649548813179
random,1,146,45.37649548813179
random,1,147,45.37649548813179
random,1,148,45.37649548813179
random,1,149,45.37649548813179
random,1,150,45.37649548813179
random,1,151,45.37649548813179
random,1,152,45.37649548813179
random,1,153,45.37649548813179
random,1,154,45.37649548813179
random,1,155,45.37649548813179
random,1,156,45.37649548813179
random,1,157,45.37649548813179
random,1,158,45.37649548813179
random,1,159,45.37649548813179
random,1,160,45.37649548813179
random,1,161,45.37649548813179
random,1,162,45.37649548813179
random,1,163,45.37649548813179
random,1,164,45.37649548813179
random,1,165,45.37649548813179
random,1,166,45.37649548813179
random,1,167,45.37649548813179
random,2,0,130.70009137490476
random,2,1,121.18526654381435
random,2,2,114.20619641324696
random,2,3,102.85743471590752
random,2,4,96.18947398722739
random,2,5,96.18947398722739
random,2,6,96.18947398722739
random,2,7,96.18947398722739
random,2,8,86.25282124139024
random,2,9,86.25282124139024
random,2,10,86.25282124139024
random,2,11,67.15100431847239
random,2,12,67.15100431847239
random,2,13,67.15100431847239
random,2,14,67.15100431847239
random,2,15,67.15100431847239
random,2,16,67.15100431847239
random,2,17,67.15100431847239
random,2,18,67.15100431847239
random,2,19,62.83510098356992
random,2,20,62.83510098356992
random,2,21,55.57048626956919
random,2,22,55.57048626956919
random,2,23,55.57048626956919
random,2,24,55.57048626956919
random,2,25,55.57048626956919
random,2,26,55.57048626956919
random,2,27,55.57048626956919
random,2,28,55.57048626956919
random,2,29,55.57048626956919
random,2,30,55.57048626956919
random,2,31,55.57048626956919
random,2,32,55.57048626956919
random,2,33,55.57048626956919
random,2,34,55.57048626956919
random,2,35,55.57048626956919
random,2,36,55.57048626956919
random,2,37,55.57048626956919
random,2,38,53.75374958363175
random,2,39,53.75374958363175
random,2,40,53.75374958363175
random,2,41,53.75374958363175
random,2,42,53.75374958363175
random,2,43,53.75374958363175
random,2,44,53.75374958363175
random,2,45,53.75374958363175
random,2,46,53.75374958363175
random,2,47,53.75374958363175
random,2,48,53.75374958363175
random,2,49,53.75374958363175
random,2,50,53.75374958363175
random,2,51,53.75374958363175
random,2,52,53.75374958363175
random,2,53,53.75374958363175
random,2,54,53.75374958363175
random,2,55,53.75374958363175
random,2,56,53.75374958363175
random,2,57,53.75374958363175
random,2,58,53.75374958363175
random,2,59,53.75374958363175
random,2,60,53.75374958363175
random,2,61,53.75374958363175
random,2,62,53.75374958363175
random,2,63,53.75374958363175
random,2,64,53.75374958363175
random,2,65,53.75374958363175
random,2,66,53.75374958363175
random,2,67,53.75374958363175
random,2,68,53.75374958363175
random,2,69,53.75374958363175
random,2,70,53.75374958363175
random,2,71,53.75374958363175
random,2,72,53.75374958363175
random,2,73,53.75374958363175
random,2,74,53.75374958363175
random,2,75,53.75374958363175
random,2,76,53.75374958363175
random,2,77,53.75374958363175
random,2,78,53.75374958363175
random,2,79,53.75374958363175
random,2,80,53.75374958363175
random,2,81,53.75374958363175
random,2,82,53.75374958363175
random,2,83,53.75374958363175
random,2,84,53.75374958363175
random,2,85,53.75374958363175
random,2,86,53.75374958363175
random,2,87,53.75374958363175
random,2,88,53.75374958363175
random,2,89,53.75374958363175
random,2,90,53.75374958363175
random,2,91,53.75374958363175
random,2,92,53.75374958363175
random,2,93,53.75374958363175
random,2,94,53.75374958363175
random,2,95,53.75374958363175
random,2,96,53.75374958363175
random,2,97,53.75374958363175
random,2,98,53.75374958363175
random,2,99,53.75374958363175
random,2,100,53.75374958363175
random,2,101,53.75374958363175
random,2,102,53.75374958363175
random,2,103,53.75374958363175
random,2,104,53.75374958363175
random,2,105,53.75374958363175
random,2,106,53.75374958363175
random,2,107,53.75374958363175
random,2,108,53.75374958363175
random,2,109,53.75374958363175
random,2,110,53.75374958363175
random,2,111,53.75374958363175
random,2,112,53.75374958363175
random,2,113,28.99582515778653
random,2,114,28.99582515778653
random,2,115,28.99582515778653
random,2,116,28.99582515778653
random,2,117,28.99582515778653
random,2,118,28.99582515778653
random,2,119,28.99582515778653
random,2,120,28.99582515778653
random,2,121,28.99582515778653
random,2,122,28.99582515778653
random,2,123,28.99582515778653
random,2,124,28.99582515778653
random,2,125,28.99582515778653
random,2,126,28.99582515778653
random,2,127,28.99582515778653
random,2,128,28.99582515778653
random,2,129,28.99582515778653
random,2,130,28.99582515778653
random,2,131,28.99582515778653
random,2,132,28.99582515778653
random,2,133,28.99582515778653
random,2,134,28.99582515778653
random,2,135,28.99582515778653
random,2,136,28.99582515778653
random,2,137,28.99582515778653
random,2,138,28.99582515778653
random,2,139,28.99582515778653
random,2,140,28.99582515778653
random,2,141,28.99582515778653
random,2,142,28.99582515778653
random,2,143,28.99582515778653
random,2,144,28.99582515778653
random,2,145,28.99582515778653
random,2,146,28.99582515778653
random,2,147,28.99582515778653
random,2,148,28.99582515778653
random,2,149,28.99582515778653
random,2,150,28.99582515778653
random,2,151,28.99582515778653
random,2,152,28.99582515778653
random,2,153,28.99582515778653
random,2,154,28.99582515778653
random,2,155,28.99582515778653
random,2,156,28.99582515778653
random,2,157,28.99582515778653
random,2,158,28.99582515778653
random,2,159,28.99582515778653
random,2,160,28.99582515778653
random,2,161,28.99582515778653
random,2,162,28.99582515778653
random,2,163,28.99582515778653
random,2,164,28.99582515778653
random,2,165,28.99582515778653
random,2,166,28.99582515778653
random,2,167,28.99582515778653
random,3,0,138.4827981389377
random,3,1,94.22653682066122
random,3,2,94.22653682066122
random,3,3,70.56320323778584
random,3,4,70.56320323778584
random,3,5,70.56320323778584
random,3,6,70.56320323778584
random,3,7,55.32011531724212
random,3,8,55.32011531724212
random,3,9,55.32011531724212
random,3,10,55.32011531724212
random,3,11,55.32011531724212
random,3,12,55.32011531724212
random,3,13,55.32011531724212
random,3,14,55.32011531724212
random,3,15,55.32011531724212
random,3,16,55.32011531724212
random,3,17,55.32011531724212
random,3,18,55.32011531724212
random,3,19,55.32011531724212
random,3,20,55.32011531724212
random,3,21,55.32011531724212
random,3,22,55.32011531724212
random,3,23,55.32011531724212
random,3,24,55.32011531724212
random,3,25,55.32011531724212
random,3,26,55.32011531724212
random,3,27,55.32011531724212
random,3,28,55.32011531724212
random,3,29,55.32011531724212
random,3,30,55.32011531724212
random,3,31,55.32011531724212
random,3,32,55.32011531724212
random,3,33,55.32011531724212
random,3,34,55.32011531724212
random,3,35,55.32011531724212
random,3,36,55.32011531724212
random,3,37,55.32011531724212
random,3,38,55.32011531724212
random,3,39,55.32011531724212
random,3,40,37.9702594454787
random,3,41,37.9702594454787
random,3,42,37.9702594454787
random,3,43,37.9702594454787
random,3,44,37.9702594454787
random,3,45,37.9702594454787
random,3,46,37.9702594454787
random,3,47,37.9702594454787
random,3,48,37.9702594454787
random,3,49,37.9702594454787
random,3,50,37.9702594454787
random,3,51,37.9702594454787
random,3,52,37.9702594454787
random,3,53,37.9702594454787
random,3,54,37.9702594454787
random,3,55,37.9702594454787
random,3,56,37.9702594454787
random,3,57,37.9702594454787
random,3,58,37.9702594454787
random,3,59,37.9702594454787
random,3,60,37.9702594454787
random,3,61,37.9702594454787
random,3,62,37.9702594454787
random,3,63,37.9702594454787
random,3,64,37.9702594454787
random,3,65,37.9702594454787
random,3,66,37.9702594454787
random,3,67,37.9702594454787
random,3,68,37.9702594454787
random,3,69,37.9702594454787
random,3,70,37.9702594454787
random,3,71,37.9702594454787
random,3,72,37.9702594454787
random,3,73,37.9702594454787
random,3,74,37.9702594454787
random,3,75,37.9702594454787
random,3,76,37.9702594454787
random,3,77,37.9702594454787
random,3,78,37.9702594454787
random,3,79,37.9702594454787
random,3,80,37.9702594454787
random,3,81,37.9702594454787
random,3,82,37.9702594454787
random,3,83,37.9702594454787
random,3,84,37.9702594454787
random,3,85,37.9702594454787
random,3,86,37.9702594454787
random,3,87,37.9702594454787
random,3,88,37.9702594454787
random,3,89,37.9702594454787
random,3,90,37.9702594454787
random,3,91,37.9702594454787
random,3,92,37.9702594454787
random,3,93,37.9702594454787
random,3,94,37.9702594454787
random,3,95,37.9702594454787
random,3,96,37.9702594454787
random,3,97,37.9702594454787
random,3,98,37.9702594454787
random,3,99,37.9702594454787
random,3,100,37.9702594454787
random,3,101,37.9702594454787
random,3,102,37.9702594454787
random,3,103,37.9702594454787
random,3,104,37.9702594454787
random,3,105,37.9702594454787
random,3,106,37.9702594454787
random,3,107,37.9702594454787
random,3,108,37.9702594454787
random,3,109,37.9702594454787
random,3,110,37.9702594454787
random,3,111,37.9702594454787
random,3,112,37.9702594454787
random,3,113,37.9702594454787
random,3,114,37.9702594454787
random,3,115,37.9702594454787
random,3,116,37.9702594454787
random,3,117,37.9702594454787
random,3,118,37.9702594454787
random,3,119,37.9702594454787
random,3,120,37.9702594454787
random,3,121,37.9702594454787
random,3,122,37.9702594454787
random,3,123,37.9702594454787
random,3,124,37.9702594454787
random,3,125,37.9702594454787
random,3,126,37.9702594454787
random,3,127,37.9702594454787
random,3,128,37.9702594454787
random,3,129,37.9702594454787
random,3,130,37.9702594454787
random,3,131,37.9702594454787
random,3,132,37.9702594454787
random,3,133,37.9702594454787
random,3,134,37.9702594454787
random,3,135,37.9702594454787
random,3,136,37.9702594454787
random,3,137,37.9702594454787
random,3,138,37.9702594454787
random,3,139,37.9702594454787
random,3,140,37.9702594454787
random,3,141,37.9702594454787
random,3,142,37.9702594454787
random,3,143,37.9702594454787
random,3,144,37.9702594454787
random,3,145,37.9702594454787
random,3,146,37.9702594454787
random,3,147,37.9702594454787
random,3,148,37.9702594454787
random,3,149,37.9702594454787
random,3,150,37.9702594454787
random,3,151,37.9702594454787
random,3,152,37.9702594454787
random,3,153,37.9702594454787
random,3,154,37.9702594454787
random,3,155,37.9702594454787
random,3,156,37.9702594454787
random,3,157,37.9702594454787
random,3,158,37.9702594454787
random,3,159,37.9702594454787
random,3,160,37.9702594454787
random,3,161,37.9702594454787
random,3,162,37.9702594454787
random,3,163,37.9702594454787
random,3,164,37.9702594454787
random,3,165,37.9702594454787
random,3,166,37.9702594454787
random,3,167,37.9702594454787
random,4,0,105.50667880244106
random,4,1,105.50667880244106
random,4,2,92.08594660679036
random,4,3,92.08594660679036
random,4,4,92.08594660679036
random,4,5,92.08594660679036
random,4,6,92.08594660679036
random,4,7,92.08594660679036
random,4,8,86.55479134215601
random,4,9,86.55479134215601
random,4,10,86.55479134215601
random,4,11,86.55479134215601
random,4,12,86.55479134215601
random,4,13,86.55479134215601
random,4,14,86.55479134215601
random,4,15,86.55479134215601
random,4,16,86.55479134215601
random,4,17,86.55479134215601
random,4,18,86.55479134215601
random,4,19,86.55479134215601
random,4,20,86.55479134215601
random,4,21,86.55479134215601
random,4,22,86.55479134215601
random,4,23,86.55479134215601
random,4,24,76.8293804256595
random,4,25,76.8293804256595
random,4,26,76.8293804256595
random,4,27,76.8293804256595
random,4,28,76.8293804256595
random,4,29,76.8293804256595
random,4,30,76.8293804256595
random,4,31,76.8293804256595
random,4,32,76.8293804256595
random,4,33,76.8293804256595
random,4,34,76.8293804256595
random,4,35,76.8293804256595
random,4,36,76.8293804256595
random,4,37,66.34561805003744
random,4,38,66.34561805003744
random,4,39,66.34561805003744
random,4,40,66.34561805003744
random,4,41,66.34561805003744
random,4,42,66.34561805003744
random,4,43,66.34561805003744
random,4,44,66.34561805003744
random,4,45,66.34561805003744
random,4,46,66.34561805003744
random,4,47,66.34561805003744
random,4,48,66.34561805003744
random,4,49,66.34561805003744
random,4,50,66.34561805003744
random,4,51,66.34561805003744
random,4,52,66.34561805003744
random,4,53,66.34561805003744
random,4,54,66.34561805003744
random,4,55,66.34561805003744
random,4,56,66.34561805003744
random,4,57,61.66379094523891
random,4,58,61.66379094523891
random,4,59,61.66379094523891
random,4,60,61.66379094523891
random,4,61,61.66379094523891
random,4,62,61.66379094523891
random,4,63,61.66379094523891
random,4,64,61.66379094523891
random,4,65,61.66379094523891
random,4,66,61.66379094523891
random,4,67,61.66379094523891
random,4,68,61.66379094523891
random,4,69,61.66379094523891
random,4,70,61.66379094523891
random,4,71,61.66379094523891
random,4,72,61.66379094523891
random,4,73,61.66379094523891
random,4,74,61.66379094523891
random,4,75,61.66379094523891
random,4,76,61.66379094523891
random,4,77,61.66379094523891
random,4,78,61.66379094523891
random,4,79,61.66379094523891
random,4,80,61.66379094523891
random,4,81,61.66379094523891
random,4,82,35.21064940065548
random,4,83,35.21064940065548
random,4,84,35.21064940065548
random,4,85,35.21064940065548
random,4,86,35.21064940065548
random,4,87,35.21064940065548
random,4,88,35.21064940065548
random,4,89,35.21064940065548
random,4,90,35.21064940065548
random,4,91,35.21064940065548
random,4,92,35.21064940065548
random,4,93,35.21064940065548
random,4,94,35.21064940065548
random,4,95,35.21064940065548
random,4,96,35.21064940065548
random,4,97,35.21064940065548
random,4,98,35.21064940065548
random,4,99,35.21064940065548
random,4,100,35.21064940065548
random,4,101,35.21064940065548
random,4,102,35.21064940065548
random,4,103,35.21064940065548
random,4,104,35.21064940065548
random,4,105,35.21064940065548
random,4,106,35.21064940065548
random,4,107,35.21064940065548
random,4,108,35.21064940065548
random,4,109,35.21064940065548
random,4,110,35.21064940065548
random,4,111,35.21064940065548
random,4,112,35.21064940065548
random,4,113,35.21064940065548
random,4,114,35.21064940065548
random,4,115,35.21064940065548
random,4,116,35.21064940065548
random,4,117,35.21064940065548
random,4,118,35.21064940065548
random,4,119,35.21064940065548
random,4,120,35.21064940065548
random,4,121,35.21064940065548
random,4,122,35.21064940065548
random,4,123,35.21064940065548
random,4,124,35.21064940065548
random,4,125,35.21064940065548
random,4,126,35.21064940065548
random,4,127,35.21064940065548
random,4,128,35.21064940065548
random,4,129,35.21064940065548
random,4,130,35.21064940065548
random,4,131,35.21064940065548
random,4,132,35.21064940065548
random,4,133,35.21064940065548
random,4,134,35.21064940065548
random,4,135,35.21064940065548
random,4,136,35.21064940065548
random,4,137,35.21064940065548
random,4,138,35.21064940065548
random,4,139,35.21064940065548
random,4,140,35.21064940065548
random,4,141,35.21064940065548
random,4,142,35.21064940065548
random,4,143,35.21064940065548
random,4,144,35.21064940065548
random,4,145,35.21064940065548
random,4,146,35.21064940065548
random,4,147,35.21064940065548
random,4,148,35.21064940065548
random,4,149,35.21064940065548
random,4,150,35.21064940065548
random,4,151,35.21064940065548
random,4,152,35.21064940065548
random,4,153,35.21064940065548
random,4,154,35.21064940065548
random,4,155,35.21064940065548
random,4,156,35.21064940065548
random,4,157,35.21064940065548
random,4,158,35.21064940065548
random,4,159,35.21064940065548
random,4,160,35.21064940065548
random,4,161,35.21064940065548
random,4,162,35.21064940065548
random,4,163,35.21064940065548
random,4,164,35.21064940065548
random,4,165,35.21064940065548
random,4,166,35.21064940065548
random,4,167,35.21064940065548
random,5,0,93.56896413276998
random,5,1,93.56896413276998
random,5,2,93.56896413276998
random,5,3,93.56896413276998
random,5,4,75.28227507580418
random,5,5,75.28227507580418
random,5,6,63.394763493134946
random,5,7,63.394763493134946
random,5,8,63.394763493134946
random,5,9,63.394763493134946
random,5,10,63.394763493134946
random,5,11,63.394763493134946
random,5,12,63.394763493134946
random,5,13,63.394763493134946
random,5,14,63.394763493134946
random,5,15,63.394763493134946
random,5,16,63.394763493134946
random,5,17,63.394763493134946
random,5,18,63.394763493134946
random,5,19,63.394763493134946
random,5,20,63.394763493134946
random,5,21,63.394763493134946
random,5,22,63.394763493134946
random,5,23,63.394763493134946
random,5,24,63.394763493134946
random,5,25,63.394763493134946
random,5,26,63.394763493134946
random,5,27,63.394763493134946
random,5,28,63.394763493134946
random,5,29,63.394763493134946
random,5,30,63.394763493134946
random,5,31,63.394763493134946
random,5,32,63.394763493134946
random,5,33,63.394763493134946
random,5,34,63.394763493134946
random,5,35,63.394763493134946
random,5,36,63.394763493134946
random,5,37,63.394763493134946
random,5,38,63.394763493134946
random,5,39,63.394763493134946
random,5,40,63.394763493134946
random,5,41,63.394763493134946
random,5,42,63.394763493134946
random,5,43,63.394763493134946
random,5,44,63.394763493134946
random,5,45,63.394763493134946
random,5,46,63.394763493134946
random,5,47,63.394763493134946
random,5,48,63.394763493134946
random,5,49,63.394763493134946
random,5,50,63.394763493134946
random,5,51,63.394763493134946
random,5,52,63.394763493134946
random,5,53,63.394763493134946
random,5,54,63.394763493134946
random,5,55,63.394763493134946
random,5,56,63.394763493134946
random,5,57,63.394763493134946
random,5,58,63.394763493134946
random,5,59,63.394763493134946
random,5,60,63.394763493134946
random,5,61,63.394763493134946
random,5,62,63.394763493134946
random,5,63,63.394763493134946
random,5,64,63.394763493134946
random,5,65,63.394763493134946
random,5,66,63.394763493134946
random,5,67,63.394763493134946
random,5,68,63.394763493134946
random,5,69,63.394763493134946
random,5,70,63.394763493134946
random,5,71,63.394763493134946
random,5,72,63.394763493134946
random,5,73,63.394763493134946
random,5,74,63.394763493134946
random,5,75,63.394763493134946
random,5,76,63.394763493134946
random,5,77,63.394763493134946
random,5,78,63.394763493134946
random,5,79,58.44262284921155
random,5,80,58.44262284921155
random,5,81,58.44262284921155
random,5,82,58.44262284921155
random,5,83,58.44262284921155
random,5,84,58.44262284921155
random,5,85,58.44262284921155
random,5,86,58.44262284921155
random,5,87,58.44262284921155
random,5,88,58.44262284921155
random,5,89,58.44262284921155
random,5,90,58.44262284921155
random,5,91,58.44262284921155
random,5,92,58.44262284921155
random,5,93,58.44262284921155
random,5,94,58.44262284921155
random,5,95,58.44262284921155
random,5,96,58.44262284921155
random,5,97,58.44262284921155
random,5,98,58.44262284921155
random,5,99,58.44262284921155
random,5,100,58.44262284921155
random,5,101,58.44262284921155
random,5,102,58.44262284921155
random,5,103,58.44262284921155
random,5,104,58.44262284921155
random,5,105,58.44262284921155
random,5,106,58.44262284921155
random,5,107,58.44262284921155
random,5,108,58.44262284921155
random,5,109,58.44262284921155
random,5,110,58.44262284921155
random,5,111,58.44262284921155
random,5,112,58.44262284921155
random,5,113,58.44262284921155
random,5,114,58.44262284921155
random,5,115,58.44262284921155
random,5,116,58.44262284921155
random,5,117,58.44262284921155
random,5,118,58.44262284921155
random,5,119,58.44262284921155
random,5,120,58.44262284921155
random,5,121,58.44262284921155
random,5,122,58.44262284921155
random,5,123,58.44262284921155
random,5,124,58.44262284921155
random,5,125,58.44262284921155
random,5,126,58.44262284921155
random,5,127,58.44262284921155
random,5,128,58.44262284921155
random,5,129,58.44262284921155
random,5,130,58.44262284921155
random,5,131,58.44262284921155
random,5,132,58.44262284921155
random,5,133,58.44262284921155
random,5,134,58.44262284921155
random,5,135,58.44262284921155
random,5,136,58.44262284921155
random,5,137,58.44262284921155
random,5,138,58.44262284921155
random,5,139,58.44262284921155
random,5,140,58.44262284921155
random,5,141,58.44262284921155
random,5,142,58.44262284921155
random,5,143,58.44262284921155
random,5,144,58.44262284921155
random,5,145,58.44262284921155
random,5,146,58.44262284921155
random,5,147,58.44262284921155
random,5,148,58.44262284921155
random,5,149,58.44262284921155
random,5,150,58.44262284921155
random,5,151,58.44262284921155
random,5,152,58.44262284921155
random,5,153,58.44262284921155
random,5,154,58.44262284921155
random,5,155,58.44262284921155
random,5,156,58.44262284921155
random,5,157,58.44262284921155
random,5,158,58.44262284921155
random,5,159,58.44262284921155
random,5,160,58.44262284921155
random,5,161,58.44262284921155
random,5,162,58.44262284921155
random,5,163,58.44262284921155
random,5,164,58.44262284921155
random,5,165,58.44262284921155
random,5,166,58.44262284921155
random,5,167,58.44262284921155
random,6,0,132.71618634173646
random,6,1,109.02484127053508
random,6,2,54.38702324184878
random,6,3,54.38702324184878
random,6,4,54.38702324184878
random,6,5,54.38702324184878
random,6,6,54.38702324184878
random,6,7,54.38702324184878
random,6,8,54.38702324184878
random,6,9,54.38702324184878
random,6,10,54.38702324184878
random,6,11,54.38702324184878
random,6,12,54.38702324184878
random,6,13,54.38702324184878
random,6,14,54.38702324184878
random,6,15,54.38702324184878
random,6,16,54.38702324184878
random,6,17,54.38702324184878
random,6,18,54.38702324184878
random,6,19,54.38702324184878
random,6,20,54.38702324184878
random,6,21,54.38702324184878
random,6,22,54.38702324184878
random,6,23,54.38702324184878
random,6,24,54.38702324184878
random,6,25,54.38702324184878
random,6,26,54.38702324184878
random,6,27,54.38702324184878
random,6,28,54.38702324184878
random,6,29,54.38702324184878
random,6,30,54.38702324184878
random,6,31,54.38702324184878
random,6,32,54.38702324184878
random,6,33,54.38702324184878
random,6,34,54.38702324184878
random,6,35,54.38702324184878
random,6,36,54.38702324184878
random,6,37,54.38702324184878
random,6,38,54.38702324184878
random,6,39,54.38702324184878
random,6,40,54.38702324184878
random,6,41,54.38702324184878
random,6,42,54.38702324184878
random,6,43,54.38702324184878
random,6,44,54.38702324184878
random,6,45,54.38702324184878
random,6,46,54.38702324184878
random,6,47,54.38702324184878
random,6,48,54.38702324184878
random,6,49,54.38702324184878
random,6,50,54.38702324184878
random,6,51,54.38702324184878
random,6,52,54.38702324184878
random,6,53,54.38702324184878
random,6,54,54.38702324184878
random,6,55,54.38702324184878
random,6,56,54.38702324184878
random,6,57,54.38702324184878
random,6,58,54.38702324184878
random,6,59,54.38702324184878
random,6,60,54.38702324184878
random,6,61,54.38702324184878
random,6,62,54.38702324184878
random,6,63,54.38702324184878
random,6,64,54.38702324184878
random,6,65,54.38702324184878
random,6,66,54.38702324184878
random,6,67,54.38702324184878
random,6,68,54.38702324184878
random,6,69,54.38702324184878
random,6,70,54.38702324184878
random,6,71,54.38702324184878
random,6,72,54.38702324184878
random,6,73,54.38702324184878
random,6,74,54.38702324184878
random,6,75,54.38702324184878
random,6,76,54.38702324184878
random,6,77,54.38702324184878
random,6,78,54.38702324184878
random,6,79,54.38702324184878
random,6,80,54.38702324184878
random,6,81,54.38702324184878
random,6,82,54.38702324184878
random,6,83,54.38702324184878
random,6,84,54.38702324184878
random,6,85,54.38702324184878
random,6,86,54.38702324184878
random,6,87,54.38702324184878
random,6,88,54.38702324184878
random,6,89,54.38702324184878
random,6,90,54.38702324184878
random,6,91,54.38702324184878
random,6,92,54.38702324184878
random,6,93,54.38702324184878
random,6,94,54.38702324184878
random,6,95,54.38702324184878
random,6,96,54.38702324184878
random,6,97,54.38702324184878
random,6,98,54.38702324184878
random,6,99,54.38702324184878
random,6,100,54.38702324184878
random,6,101,54.38702324184878
random,6,102,54.38702324184878
random,6,103,54.38702324184878
random,6,104,54.38702324184878
random,6,105,54.38702324184878
random,6,106,54.38702324184878
random,6,107,54.38702324184878
random,6,108,54.38702324184878
random,6,109,54.38702324184878
random,6,110,54.38702324184878
random,6,111,54.38702324184878
random,6,112,54.38702324184878
random,6,113,54.38702324184878
random,6,114,54.38702324184878
random,6,115,54.38702324184878
random,6,116,54.38702324184878
random,6,117,54.38702324184878
random,6,118,54.38702324184878
random,6,119,54.38702324184878
random,6,120,54.38702324184878
random,6,121,54.38702324184878
random,6,122,54.38702324184878
random,6,123,54.38702324184878
random,6,124,54.38702324184878
random,6,125,54.38702324184878
random,6,126,54.38702324184878
random,6,127,54.38702324184878
random,6,128,54.38702324184878
random,6,129,54.38702324184878
random,6,130,54.38702324184878
random,6,131,54.38702324184878
random,6,132,54.38702324184878
random,6,133,54.38702324184878
random,6,134,54.38702324184878
random,6,135,54.38702324184878
random,6,136,54.38702324184878
random,6,137,54.38702324184878
random,6,138,54.38702324184878
random,6,139,54.38702324184878
random,6,140,54.38702324184878
random,6,141,54.38702324184878
random,6,142,54.38702324184878
random,6,143,54.38702324184878
random,6,144,54.38702324184878
random,6,145,54.38702324184878
random,6,146,54.38702324184878
random,6,147,54.38702324184878
random,6,148,54.38702324184878
random,6,149,54.38702324184878
random,6,150,54.38702324184878
random,6,151,54.38702324184878
random,6,152,31.993437103788793
random,6,153,31.993437103788793
random,6,154,31.993437103788793
random,6,155,31.993437103788793
random,6,156,31.993437103788793
random,6,157,31.993437103788793
random,6,158,31.993437103788793
random,6,159,31.993437103788793
random,6,160,31.993437103788793
random,6,161,31.993437103788793
random,6,162,31.993437103788793
random,6,163,31.993437103788793
random,6,164,31.993437103788793
random,6,165,31.993437103788793
random,6,166,31.993437103788793
random,6,167,31.993437103788793
random,7,0,118.04239513227925
random,7,1,118.04239513227925
random,7,2,103.27876931912348
random,7,3,103.27876931912348
random,7,4,100.0426146854314
random,7,5,100.0426146854314
random,7,6,100.0426146854314
random,7,7,100.0426146854314
random,7,8,100.0426146854314
random,7,9,100.0426146854314
random,7,10,100.0426146854314
random,7,11,89.70174130956033
random,7,12,89.70174130956033
random,7,13,89.70174130956033
random,7,14,89.02313775377584
random,7,15,89.02313775377584
random,7,16,89.02313775377584
random,7,17,89.02313775377584
random,7,18,89.02313775377584
random,7,19,89.02313775377584
random,7,20,81.52819312442665
random,7,21,81.52819312442665
random,7,22,81.52819312442665
random,7,23,81.52819312442665
random,7,24,81.52819312442665
random,7,25,81.52819312442665
random,7,26,81.52819312442665
random,7,27,81.52819312442665
random,7,28,81.52819312442665
random,7,29,81.52819312442665
random,7,30,81.52819312442665
random,7,31,81.52819312442665
random,7,32,81.52819312442665
random,7,33,81.52819312442665
random,7,34,81.52819312442665
random,7,35,81.52819312442665
random,7,36,81.52819312442665
random,7,37,81.52819312442665
random,7,38,81.52819312442665
random,7,39,81.52819312442665
random,7,40,81.52819312442665
random,7,41,81.52819312442665
random,7,42,81.52819312442665
random,7,43,81.52819312442665
random,7,44,81.52819312442665
random,7,45,81.52819312442665
random,7,46,81.52819312442665
random,7,47,81.52819312442665
random,7,48,81.52819312442665
random,7,49,81.52819312442665
random,7,50,81.52819312442665
random,7,51,81.52819312442665
random,7,52,77.25261637853845
random,7,53,62.08024157203489
random,7,54,62.08024157203489
random,7,55,62.08024157203489
random,7,56,62.08024157203489
random,7,57,62.08024157203489
random,7,58,62.08024157203489
random,7,59,62.08024157203489
random,7,60,55.39709201632893
random,7,61,55.39709201632893
random,7,62,55.39709201632893
random,7,63,55.39709201632893
random,7,64,55.39709201632893
random,7,65,55.39709201632893
random,7,66,55.39709201632893
random,7,67,55.39709201632893
random,7,68,55.39709201632893
random,7,69,55.39709201632893
random,7,70,55.39709201632893
random,7,71,55.39709201632893
random,7,72,55.39709201632893
random,7,73,55.39709201632893
random,7,74,55.39709201632893
random,7,75,55.39709201632893
random,7,76,55.39709201632893
random,7,77,55.39709201632893
random,7,78,55.39709201632893
random,7,79,55.39709201632893
random,7,80,55.39709201632893
random,7,81,55.39709201632893
random,7,82,55.39709201632893
random,7,83,55.39709201632893
random,7,84,55.39709201632893
random,7,85,55.39709201632893
random,7,86,55.39709201632893
random,7,87,55.39709201632893
random,7,88,55.39709201632893
random,7,89,55.39709201632893
random,7,90,55.39709201632893
random,7,91,55.39709201632893
random,7,92,55.39709201632893
random,7,93,55.39709201632893
random,7,94,55.39709201632893
random,7,95,55.39709201632893
random,7,96,55.39709201632893
random,7,97,55.39709201632893
random,7,98,55.39709201632893
random,7,99,55.39709201632893
random,7,100,55.39709201632893
random,7,101,55.39709201632893
random,7,102,55.39709201632893
random,7,103,55.39709201632893
random,7,104,55.39709201632893
random,7,105,55.39709201632893
random,7,106,55.39709201632893
random,7,107,55.39709201632893
random,7,108,55.39709201632893
random,7,109,55.39709201632893
random,7,110,55.39709201632893
random,7,111,55.39709201632893
random,7,112,55.39709201632893
random,7,113,55.39709201632893
random,7,114,55.39709201632893
random,7,115,55.39709201632893
random,7,116,55.39709201632893
random,7,117,55.39709201632893
random,7,118,55.39709201632893
random,7,119,55.39709201632893
random,7,120,55.39709201632893
random,7,121,55.39709201632893
random,7,122,55.39709201632893
random,7,123,55.39709201632893
random,7,124,55.39709201632893
random,7,125,55.39709201632893
random,7,126,55.39709201632893
random,7,127,55.39709201632893
random,7,128,55.39709201632893
random,7,129,55.39709201632893
random,7,130,55.39709201632893
random,7,131,55.39709201632893
random,7,132,55.39709201632893
random,7,133,55.39709201632893
random,7,134,55.39709201632893
random,7,135,55.39709201632893
random,7,136,55.39709201632893
random,7,137,55.39709201632893
random,7,138,55.39709201632893
random,7,139,55.39709201632893
random,7,140,55.39709201632893
random,7,141,55.39709201632893
random,7,142,55.39709201632893
random,7,143,45.0867736393296
random,7,144,45.0867736393296
random,7,145,45.0867736393296
random,7,146,45.0867736393296
random,7,147,45.0867736393296
random,7,148,45.0867736393296
random,7,149,45.0867736393296
random,7,150,45.0867736393296
random,7,151,45.0867736393296
random,7,152,45.0867736393296
random,7,153,45.0867736393296
random,7,154,45.0867736393296
random,7,155,45.0867736393296
random,7,156,45.0867736393296
random,7,157,45.0867736393296
random,7,158,45.0867736393296
random,7,159,45.0867736393296
random,7,160,45.0867736393296
random,7,161,45.0867736393296
random,7,162,45.0867736393296
random,7,163,45.0867736393296
random,7,164,45.0867736393296
random,7,165,45.0867736393296
random,7,166,45.0867736393296
random,7,167,45.0867736393296
random,8,0,145.91307609651784
random,8,1,129.1537711126124
random,8,2,68.29410237531397
random,8,3,68.29410237531397
random,8,4,68.29410237531397
random,8,5,68.29410237531397
random,8,6,68.29410237531397
random,8,7,68.29410237531397
random,8,8,68.29410237531397
random,8,9,68.29410237531397
random,8,10,68.29410237531397
random,8,11,68.29410237531397
random,8,12,68.29410237531397
random,8,13,68.29410237531397
random,8,14,68.29410237531397
random,8,15,68.29410237531397
random,8,16,68.29410237531397
random,8,17,68.29410237531397
random,8,18,68.29410237531397
random,8,19,68.29410237531397
random,8,20,68.29410237531397
random,8,21,68.29410237531397
random,8,22,68.29410237531397
random,8,23,68.29410237531397
random,8,24,68.29410237531397
random,8,25,68.29410237531397
random,8,26,68.29410237531397
random,8,27,68.29410237531397
random,8,28,68.29410237531397
random,8,29,68.29410237531397
random,8,30,68.29410237531397
random,8,31,68.29410237531397
random,8,32,68.29410237531397
random,8,33,68.29410237531397
random,8,34,68.29410237531397
random,8,35,68.29410237531397
random,8,36,68.29410237531397
random,8,37,68.29410237531397
random,8,38,68.29410237531397
random,8,39,68.29410237531397
random,8,40,68.29410237531397
random,8,41,68.29410237531397
random,8,42,68.29410237531397
random,8,43,68.29410237531397
random,8,44,68.29410237531397
random,8,45,68.29410237531397
random,8,46,68.29410237531397
random,8,47,68.29410237531397
random,8,48,68.29410237531397
random,8,49,68.29410237531397
random,8,50,68.29410237531397
random,8,51,68.29410237531397
random,8,52,68.29410237531397
random,8,53,68.29410237531397
random,8,54,68.29410237531397
random,8,55,68.29410237531397
random,8,56,68.29410237531397
random,8,57,68.29410237531397
random,8,58,68.29410237531397
random,8,59,68.29410237531397
random,8,60,68.29410237531397
random,8,61,68.29410237531397
random,8,62,68.29410237531397
random,8,63,68.29410237531397
random,8,64,68.29410237531397
random,8,65,68.29410237531397
random,8,66,68.29410237531397
random,8,67,68.29410237531397
random,8,68,68.29410237531397
random,8,69,68.29410237531397
random,8,70,68.29410237531397
random,8,71,68.29410237531397
random,8,72,68.29410237531397
random,8,73,51.605080792452654
random,8,74,51.605080792452654
random,8,75,51.605080792452654
random,8,76,51.605080792452654
random,8,77,51.605080792452654
random,8,78,51.605080792452654
random,8,79,37.49309179212155
random,8,80,37.49309179212155
random,8,81,37.49309179212155
random,8,82,37.49309179212155
random,8,83,37.49309179212155
random,8,84,37.49309179212155
random,8,85,37.49309179212155
random,8,86,37.49309179212155
random,8,87,37.49309179212155
random,8,88,37.49309179212155
random,8,89,37.49309179212155
random,8,90,37.49309179212155
random,8,91,37.49309179212155
random,8,92,37.49309179212155
random,8,93,37.49309179212155
random,8,94,37.49309179212155
random,8,95,37.49309179212155
random,8,96,37.49309179212155
random,8,97,37.49309179212155
random,8,98,37.49309179212155
random,8,99,37.49309179212155
random,8,100,37.49309179212155
random,8,101,37.49309179212155
random,8,102,37.49309179212155
random,8,103,37.49309179212155
random,8,104,37.49309179212155
random,8,105,37.49309179212155
random,8,106,37.49309179212155
random,8,107,37.49309179212155
random,8,108,37.49309179212155
random,8,109,37.49309179212155
random,8,110,37.49309179212155
random,8,111,37.49309179212155
random,8,112,37.49309179212155
random,8,113,37.49309179212155
random,8,114,37.49309179212155
random,8,115,37.49309179212155
random,8,116,37.49309179212155
random,8,117,37.49309179212155
random,8,118,37.49309179212155
random,8,119,37.49309179212155
random,8,120,37.49309179212155
random,8,121,37.49309179212155
random,8,122,37.49309179212155
random,8,123,37.49309179212155
random,8,124,37.49309179212155
random,8,125,37.49309179212155
random,8,126,37.49309179212155
random,8,127,37.49309179212155
random,8,128,37.49309179212155
random,8,129,37.49309179212155
random,8,130,37.49309179212155
random,8,131,37.49309179212155
random,8,132,37.49309179212155
random,8,133,37.49309179212155
random,8,134,37.49309179212155
random,8,135,37.49309179212155
random,8,136,37.49309179212155
random,8,137,37.49309179212155
random,8,138,37.49309179212155
random,8,139,37.49309179212155
random,8,140,37.49309179212155
random,8,141,37.49309179212155
random,8,142,37.49309179212155
random,8,143,37.49309179212155
random,8,144,37.49309179212155
random,8,145,37.49309179212155
random,8,146,37.49309179212155
random,8,147,37.49309179212155
random,8,148,37.49309179212155
random,8,149,37.49309179212155
random,8,150,37.49309179212155
random,8,151,37.49309179212155
random,8,152,37.49309179212155
random,8,153,37.49309179212155
random,8,154,37.49309179212155
random,8,155,37.49309179212155
random,8,156,37.49309179212155
random,8,157,37.49309179212155
random,8,158,37.49309179212155
random,8,159,37.49309179212155
random,8,160,37.49309179212155
random,8,161,37.49309179212155
random,8,162,37.49309179212155
random,8,163,37.49309179212155
random,8,164,37.49309179212155
random,8,165,37.49309179212155
random,8,166,37.49309179212155
random,8,167,37.49309179212155
random,9,0,77.0653663139
random,9,1,77.0653663139
random,9,2,53.26098011567543
random,9,3,53.26098011567543
random,9,4,53.26098011567543
random,9,5,53.26098011567543
random,9,6,53.26098011567543
random,9,7,53.26098011567543
random,9,8,53.26098011567543
random,9,9,53.26098011567543
random,9,10,53.26098011567543
random,9,11,53.26098011567543
random,9,12,53.26098011567543
random,9,13,53.26098011567543
random,9,14,53.26098011567543
random,9,15,53.26098011567543
random,9,16,53.26098011567543
random,9,17,53.26098011567543
random,9,18,53.26098011567543
random,9,19,53.26098011567543
random,9,20,53.26098011567543
random,9,21,53.26098011567543
random,9,22,53.26098011567543
random,9,23,53.26098011567543
random,9,24,53.26098011567543
random,9,25,53.26098011567543
random,9,26,53.26098011567543
random,9,27,53.26098011567543
random,9,28,53.26098011567543
random,9,29,53.26098011567543
random,9,30,53.26098011567543
random,9,31,53.26098011567543
random,9,32,53.26098011567543
random,9,33,53.26098011567543
random,9,34,53.26098011567543
random,9,35,53.26098011567543
random,9,36,53.26098011567543
random,9,37,53.26098011567543
random,9,38,53.26098011567543
random,9,39,53.26098011567543
random,9,40,53.26098011567543
random,9,41,44.305150752098434
random,9,42,44.305150752098434
random,9,43,44.305150752098434
random,9,44,44.305150752098434
random,9,45,44.305150752098434
random,9,46,44.305150752098434
random,9,47,44.305150752098434
random,9,48,44.305150752098434
random,9,49,44.305150752098434
random,9,50,44.305150752098434
random,9,51,44.305150752098434
random,9,52,44.305150752098434
random,9,53,44.305150752098434
random,9,54,44.305150752098434
random,9,55,44.305150752098434
random,9,56,44.305150752098434
random,9,57,44.305150752098434
random,9,58,44.305150752098434
random,9,59,44.305150752098434
random,9,60,44.305150752098434
random,9,61,44.305150752098434
random,9,62,44.305150752098434
random,9,63,44.305150752098434
random,9,64,44.305150752098434
random,9,65,44.305150752098434
random,9,66,44.305150752098434
random,9,67,44.305150752098434
random,9,68,44.305150752098434
random,9,69,44.305150752098434
random,9,70,44.305150752098434
random,9,71,44.305150752098434
random,9,72,44.305150752098434
random,9,73,44.305150752098434
random,9,74,44.305150752098434
random,9,75,44.305150752098434
random,9,76,44.305150752098434
random,9,77,44.305150752098434
random,9,78,44.305150752098434
random,9,79,44.305150752098434
random,9,80,44.305150752098434
random,9,81,44.305150752098434
random,9,82,44.305150752098434
random,9,83,44.305150752098434
random,9,84,44.305150752098434
random,9,85,44.305150752098434
random,9,86,44.305150752098434
random,9,87,44.305150752098434
random,9,88,44.305150752098434
random,9,89,44.305150752098434
random,9,90,44.305150752098434
random,9,91,44.305150752098434
random,9,92,44.305150752098434
random,9,93,44.305150752098434
random,9,94,44.305150752098434
random,9,95,44.305150752098434
random,9,96,44.305150752098434
random,9,97,44.305150752098434
random,9,98,44.305150752098434
random,9,99,44.305150752098434
random,9,100,44.305150752098434
random,9,101,44.305150752098434
random,9,102,44.305150752098434
random,9,103,44.305150752098434
random,9,104,44.305150752098434
random,9,105,44.305150752098434
random,9,106,44.305150752098434
random,9,107,44.305150752098434
random,9,108,44.305150752098434
random,9,109,44.305150752098434
random,9,110,44.305150752098434
random,9,111,44.305150752098434
random,9,112,44.305150752098434
random,9,113,35.16425424712623
random,9,114,35.16425424712623
random,9,115,35.16425424712623
random,9,116,35.16425424712623
random,9,117,35.16425424712623
random,9,118,35.16425424712623
random,9,119,35.16425424712623
random,9,120,35.16425424712623
random,9,121,35.16425424712623
random,9,122,35.16425424712623
random,9,123,35.16425424712623
random,9,124,35.16425424712623
random,9,125,35.16425424712623
random,9,126,35.16425424712623
random,9,127,35.16425424712623
random,9,128,35.16425424712623
random,9,129,35.16425424712623
random,9,130,35.16425424712623
random,9,131,35.16425424712623
random,9,132,35.16425424712623
random,9,133,35.16425424712623
random,9,134,35.16425424712623
random,9,135,35.16425424712623
random,9,136,35.16425424712623
random,9,137,35.16425424712623
random,9,138,35.16425424712623
random,9,139,35.16425424712623
random,9,140,35.16425424712623
random,9,141,35.16425424712623
random,9,142,35.16425424712623
random,9,143,35.16425424712623
random,9,144,35.16425424712623
random,9,145,35.16425424712623
random,9,146,35.16425424712623
random,9,147,35.16425424712623
random,9,148,35.16425424712623
random,9,149,35.16425424712623
random,9,150,35.16425424712623
random,9,151,35.16425424712623
random,9,152,35.16425424712623
random,9,153,35.16425424712623
random,9,154,35.16425424712623
random,9,155,35.16425424712623
random,9,156,35.16425424712623
random,9,157,35.16425424712623
random,9,158,35.16425424712623
random,9,159,35.16425424712623
random,9,160,35.16425424712623
random,9,161,35.16425424712623
random,9,162,35.16425424712623
random,9,163,35.16425424712623
random,9,164,35.16425424712623
random,9,165,35.16425424712623
random,9,166,35.16425424712623
random,9,167,35.16425424712623
random,10,0,144.55647606367518
random,10,1,117.75059170582232
random,10,2,95.74791990384709
random,10,3,95.74791990384709
random,10,4,95.74791990384709
random,10,5,95.74791990384709
random,10,6,95.74791990384709
random,10,7,95.74791990384709
random,10,8,81.4495304476307
random,10,9,81.4495304476307
random,10,10,78.57056124232733
random,10,11,78.57056124232733
random,10,12,78.57056124232733
random,10,13,78.57056124232733
random,10,14,78.57056124232733
random,10,15,78.57056124232733
random,10,16,78.57056124232733
random,10,17,68.99381396586583
random,10,18,68.99381396586583
random,10,19,68.99381396586583
random,10,20,68.99381396586583
random,10,21,68.99381396586583
random,10,22,68.99381396586583
random,10,23,68.99381396586583
random,10,24,68.99381396586583
random,10,25,68.99381396586583
random,10,26,63.2492528157152
random,10,27,63.2492528157152
random,10,28,63.2492528157152
random,10,29,63.2492528157152
random,10,30,63.2492528157152
random,10,31,63.2492528157152
random,10,32,63.2492528157152
random,10,33,63.2492528157152
random,10,34,63.2492528157152
random,10,35,63.2492528157152
random,10,36,63.2492528157152
random,10,37,63.2492528157152
random,10,38,63.2492528157152
random,10,39,63.2492528157152
random,10,40,63.2492528157152
random,10,41,63.2492528157152
random,10,42,63.2492528157152
random,10,43,63.2492528157152
random,10,44,63.2492528157152
random,10,45,63.2492528157152
random,10,46,63.2492528157152
random,10,47,63.2492528157152
random,10,48,63.2492528157152
random,10,49,63.2492528157152
random,10,50,63.2492528157152
random,10,51,51.97256745915602
random,10,52,51.97256745915602
random,10,53,51.97256745915602
random,10,54,51.97256745915602
random,10,55,51.97256745915602
random,10,56,51.97256745915602
random,10,57,51.97256745915602
random,10,58,51.97256745915602
random,10,59,51.97256745915602
random,10,60,51.97256745915602
random,10,61,51.97256745915602
random,10,62,51.97256745915602
random,10,63,51.97256745915602
random,10,64,51.97256745915602
random,10,65,51.97256745915602
random,10,66,51.97256745915602
random,10,67,51.97256745915602
random,10,68,51.97256745915602
random,10,69,51.97256745915602
random,10,70,51.97256745915602
random,10,71,51.97256745915602
random,10,72,51.97256745915602
random,10,73,51.97256745915602
random,10,74,51.97256745915602
random,10,75,51.97256745915602
random,10,76,51.97256745915602
random,10,77,51.97256745915602
random,10,78,51.97256745915602
random,10,79,51.97256745915602
random,10,80,51.97256745915602
random,10,81,51.97256745915602
random,10,82,51.97256745915602
random,10,83,51.97256745915602
random,10,84,51.97256745915602
random,10,85,51.97256745915602
random,10,86,51.97256745915602
random,10,87,51.97256745915602
random,10,88,51.97256745915602
random,10,89,51.97256745915602
random,10,90,51.97256745915602
random,10,91,51.97256745915602
random,10,92,51.97256745915602
random,10,93,51.97256745915602
random,10,94,51.97256745915602
random,10,95,51.97256745915602
random,10,96,51.97256745915602
random,10,97,51.97256745915602
random,10,98,51.97256745915602
random,10,99,51.97256745915602
random,10,100,51.97256745915602
random,10,101,51.97256745915602
random,10,102,51.97256745915602
random,10,103,51.97256745915602
random,10,104,51.97256745915602
random,10,105,51.97256745915602
random,10,106,51.97256745915602
random,10,107,51.97256745915602
random,10,108,51.97256745915602
random,10,109,51.97256745915602
random,10,110,51.97256745915602
random,10,111,51.97256745915602
random,10,112,51.97256745915602
random,10,113,51.97256745915602
random,10,114,51.97256745915602
random,10,115,51.97256745915602
random,10,116,51.97256745915602
random,10,117,51.97256745915602
random,10,118,51.97256745915602
random,10,119,51.97256745915602
random,10,120,51.97256745915602
random,10,121,51.97256745915602
random,10,122,51.97256745915602
random,10,123,51.97256745915602
random,10,124,51.97256745915602
random,10,125,51.97256745915602
random,10,126,51.97256745915602
random,10,127,51.97256745915602
random,10,128,51.97256745915602
random,10,129,51.97256745915602
random,10,130,51.97256745915602
random,10,131,51.97256745915602
random,10,132,51.97256745915602
random,10,133,51.97256745915602
random,10,134,51.97256745915602
random,10,135,51.97256745915602
random,10,136,47.80922556220765
random,10,137,47.80922556220765
random,10,138,47.80922556220765
random,10,139,47.80922556220765
random,10,140,47.80922556220765
random,10,141,47.80922556220765
random,10,142,47.80922556220765
random,10,143,47.80922556220765
random,10,144,47.80922556220765
random,10,145,47.80922556220765
random,10,146,47.80922556220765
random,10,147,47.80922556220765
random,10,148,47.80922556220765
random,10,149,47.80922556220765
random,10,150,47.80922556220765
random,10,151,47.80922556220765
random,10,152,47.80922556220765
random,10,153,47.80922556220765
random,10,154,47.80922556220765
random,10,155,47.80922556220765
random,10,156,47.80922556220765
random,10,157,47.80922556220765
random,10,158,47.80922556220765
random,10,159,47.80922556220765
random,10,160,47.80922556220765
random,10,161,47.80922556220765
random,10,162,47.80922556220765
random,10,163,47.80922556220765
random,10,164,47.80922556220765
random,10,165,47.80922556220765
random,10,166,47.80922556220765
random,10,167,47.80922556220765
random,11,0,101.61084923393994
random,11,1,101.61084923393994
random,11,2,101.61084923393994
random,11,3,101.61084923393994
random,11,4,90.1923530868109
random,11,5,90.1923530868109
random,11,6,86.26597442615736
random,11,7,86.26597442615736
random,11,8,86.26597442615736
random,11,9,86.26597442615736
random,11,10,86.26597442615736
random,11,11,86.26597442615736
random,11,12,86.26597442615736
random,11,13,86.26597442615736
random,11,14,86.26597442615736
random,11,15,53.7161864138976
random,11,16,53.7161864138976
random,11,17,53.7161864138976
random,11,18,53.7161864138976
random,11,19,53.7161864138976
random,11,20,53.7161864138976
random,11,21,53.7161864138976
random,11,22,53.7161864138976
random,11,23,53.7161864138976
random,11,24,53.7161864138976
random,11,25,53.10300061594892
random,11,26,53.10300061594892
random,11,27,53.10300061594892
random,11,28,53.10300061594892
random,11,29,53.10300061594892
random,11,30,53.10300061594892
random,11,31,53.10300061594892
random,11,32,53.10300061594892
random,11,33,53.10300061594892
random,11,34,53.10300061594892
random,11,35,53.10300061594892
random,11,36,53.10300061594892
random,11,37,53.10300061594892
random,11,38,53.10300061594892
random,11,39,53.10300061594892
random,11,40,53.10300061594892
random,11,41,53.10300061594892
random,11,42,53.10300061594892
random,11,43,53.10300061594892
random,11,44,53.10300061594892
random,11,45,53.10300061594892
random,11,46,53.10300061594892
random,11,47,53.10300061594892
random,11,48,53.10300061594892
random,11,49,53.10300061594892
random,11,50,53.10300061594892
random,11,51,53.10300061594892
random,11,52,53.10300061594892
random,11,53,53.10300061594892
random,11,54,53.10300061594892
random,11,55,53.10300061594892
random,11,56,53.10300061594892
random,11,57,53.10300061594892
random,11,58,53.10300061594892
random,11,59,53.10300061594892
random,11,60,53.10300061594892
random,11,61,53.10300061594892
random,11,62,53.10300061594892
random,11,63,53.10300061594892
random,11,64,53.10300061594892
random,11,65,53.10300061594892
random,11,66,53.10300061594892
random,11,67,53.10300061594892
random,11,68,53.10300061594892
random,11,69,53.10300061594892
random,11,70,53.10300061594892
random,11,71,53.10300061594892
random,11,72,53.10300061594892
random,11,73,53.10300061594892
random,11,74,53.10300061594892
random,11,75,53.10300061594892
random,11,76,53.10300061594892
random,11,77,53.10300061594892
random,11,78,53.10300061594892
random,11,79,53.10300061594892
random,11,80,53.10300061594892
random,11,81,39.76178724139391
random,11,82,39.76178724139391
random,11,83,39.76178724139391
random,11,84,39.76178724139391
random,11,85,39.76178724139391
random,11,86,39.76178724139391
random,11,87,39.76178724139391
random,11,88,39.76178724139391
random,11,89,39.76178724139391
random,11,90,39.76178724139391
random,11,91,39.76178724139391
random,11,92,39.76178724139391
random,11,93,39.76178724139391
random,11,94,39.76178724139391
random,11,95,39.76178724139391
random,11,96,39.76178724139391
random,11,97,39.76178724139391
random,11,98,39.76178724139391
random,11,99,39.76178724139391
random,11,100,39.76178724139391
random,11,101,39.76178724139391
random,11,102,39.76178724139391
random,11,103,39.76178724139391
random,11,104,39.76178724139391
random,11,105,39.76178724139391
random,11,106,39.76178724139391
random,11,107,39.76178724139391
random,11,108,39.76178724139391
random,11,109,39.76178724139391
random,11,110,39.76178724139391
random,11,111,39.76178724139391
random,11,112,39.76178724139391
random,11,113,39.76178724139391
random,11,114,39.76178724139391
random,11,115,39.76178724139391
random,11,116,39.76178724139391
random,11,117,39.76178724139391
random,11,118,39.76178724139391
random,11,119,39.76178724139391
random,11,120,39.76178724139391
random,11,121,39.76178724139391
random,11,122,39.76178724139391
random,11,123,39.76178724139391
random,11,124,39.76178724139391
random,11,125,39.76178724139391
random,11,126,39.76178724139391
random,11,127,39.76178724139391
random,11,128,39.76178724139391
random,11,129,39.76178724139391
random,11,130,39.76178724139391
random,11,131,39.76178724139391
random,11,132,39.76178724139391
random,11,133,39.76178724139391
random,11,134,39.76178724139391
random,11,135,39.76178724139391
random,11,136,39.76178724139391
random,11,137,39.76178724139391
random,11,138,39.76178724139391
random,11,139,39.76178724139391
random,11,140,39.76178724139391
random,11,141,39.76178724139391
random,11,142,39.76178724139391
random,11,143,39.76178724139391
random,11,144,39.76178724139391
random,11,145,39.76178724139391
random,11,146,39.76178724139391
random,11,147,39.76178724139391
random,11,148,39.76178724139391
random,11,149,39.76178724139391
random,11,150,39.76178724139391
random,11,151,39.76178724139391
random,11,152,39.76178724139391
random,11,153,39.76178724139391
random,11,154,39.76178724139391
random,11,155,39.76178724139391
random,11,156,39.76178724139391
random,11,157,39.76178724139391
random,11,158,39.76178724139391
random,11,159,39.76178724139391
random,11,160,39.76178724139391
random,11,161,39.76178724139391
random,11,162,39.76178724139391
random,11,163,39.76178724139391
random,11,164,39.76178724139391
random,11,165,39.76178724139391
random,11,166,39.76178724139391
random,11,167,39.76178724139391
random,12,0,148.85423911226096
random,12,1,130.20937178453772
random,12,2,96.57179494797695
random,12,3,96.57179494797695
random,12,4,96.57179494797695
random,12,5,96.57179494797695
random,12,6,88.24743884671322
random,12,7,88.24743884671322
random,12,8,88.24743884671322
random,12,9,88.24743884671322
random,12,10,88.24743884671322
random,12,11,88.24743884671322
random,12,12,88.24743884671322
random,12,13,88.24743884671322
random,12,14,88.24743884671322
random,12,15,70.86450030158933
random,12,16,70.86450030158933
random,12,17,70.86450030158933
random,12,18,70.86450030158933
random,12,19,59.83211575937931
random,12,20,59.83211575937931
random,12,21,59.83211575937931
random,12,22,59.83211575937931
random,12,23,59.83211575937931
random,12,24,59.83211575937931
random,12,25,59.83211575937931
random,12,26,59.83211575937931
random,12,27,59.83211575937931
random,12,28,59.83211575937931
random,12,29,59.83211575937931
random,12,30,59.83211575937931
random,12,31,59.83211575937931
random,12,32,59.83211575937931
random,12,33,59.83211575937931
random,12,34,59.83211575937931
random,12,35,59.83211575937931
random,12,36,59.83211575937931
random,12,37,59.83211575937931
random,12,38,59.83211575937931
random,12,39,59.83211575937931
random,12,40,59.83211575937931
random,12,41,59.83211575937931
random,12,42,59.83211575937931
random,12,43,59.83211575937931
random,12,44,59.83211575937931
random,12,45,59.83211575937931
random,12,46,59.83211575937931
random,12,47,59.83211575937931
random,12,48,59.83211575937931
random,12,49,59.83211575937931
random,12,50,59.83211575937931
random,12,51,54.59579878405462
random,12,52,54.59579878405462
random,12,53,54.59579878405462
random,12,54,54.59579878405462
random,12,55,54.59579878405462
random,12,56,54.59579878405462
random,12,57,54.59579878405462
random,12,58,54.59579878405462
random,12,59,54.59579878405462
random,12,60,54.59579878405462
random,12,61,54.59579878405462
random,12,62,54.59579878405462
random,12,63,54.59579878405462
random,12,64,54.59579878405462
random,12,65,54.59579878405462
random,12,66,54.59579878405462
random,12,67,54.59579878405462
random,12,68,54.59579878405462
random,12,69,54.59579878405462
random,12,70,54.59579878405462
random,12,71,54.59579878405462
random,12,72,54.59579878405462
random,12,73,54.59579878405462
random,12,74,54.59579878405462
random,12,75,54.59579878405462
random,12,76,54.59579878405462
random,12,77,54.59579878405462
random,12,78,54.59579878405462
random,12,79,54.59579878405462
random,12,80,54.59579878405462
random,12,81,54.59579878405462
random,12,82,54.59579878405462
random,12,83,54.59579878405462
random,12,84,54.59579878405462
random,12,85,54.59579878405462
random,12,86,54.59579878405462
random,12,87,54.59579878405462
random,12,88,54.59579878405462
random,12,89,52.71723938710272
random,12,90,52.71723938710272
random,12,91,52.71723938710272
random,12,92,52.71723938710272
random,12,93,47.38037749279916
random,12,94,47.38037749279916
random,12,95,47.38037749279916
random,12,96,47.38037749279916
random,12,97,47.38037749279916
random,12,98,47.38037749279916
random,12,99,47.38037749279916
random,12,100,47.38037749279916
random,12,101,47.38037749279916
random,12,102,47.38037749279916
random,12,103,47.38037749279916
random,12,104,47.38037749279916
random,12,105,47.38037749279916
random,12,106,47.38037749279916
random,12,107,47.38037749279916
random,12,108,47.38037749279916
random,12,109,47.38037749279916
random,12,110,47.38037749279916
random,12,111,47.38037749279916
random,12,112,47.38037749279916
random,12,113,47.38037749279916
random,12,114,47.38037749279916
random,12,115,47.38037749279916
random,12,116,47.38037749279916
random,12,117,47.38037749279916
random,12,118,47.38037749279916
random,12,119,47.38037749279916
random,12,120,47.38037749279916
random,12,121,47.38037749279916
random,12,122,47.38037749279916
random,12,123,47.38037749279916
random,12,124,47.38037749279916
random,12,125,47.38037749279916
random,12,126,47.38037749279916
random,12,127,47.38037749279916
random,12,128,47.38037749279916
random,12,129,47.38037749279916
random,12,130,47.38037749279916
random,12,131,47.38037749279916
random,12,132,47.38037749279916
random,12,133,47.38037749279916
random,12,134,47.38037749279916
random,12,135,47.38037749279916
random,12,136,47.38037749279916
random,12,137,47.38037749279916
random,12,138,47.38037749279916
random,12,139,47.38037749279916
random,12,140,47.38037749279916
random,12,141,47.38037749279916
random,12,142,47.38037749279916
random,12,143,47.38037749279916
random,12,144,47.38037749279916
random,12,145,47.38037749279916
random,12,146,47.38037749279916
random,12,147,47.38037749279916
random,12,148,47.38037749279916
random,12,149,47.38037749279916
random,12,150,47.38037749279916
random,12,151,47.38037749279916
random,12,152,47.38037749279916
random,12,153,47.38037749279916
random,12,154,47.38037749279916
random,12,155,47.38037749279916
random,12,156,47.38037749279916
random,12,157,47.38037749279916
random,12,158,47.38037749279916
random,12,159,47.38037749279916
random,12,160,47.38037749279916
random,12,161,47.38037749279916
random,12,162,47.38037749279916
random,12,163,47.38037749279916
random,12,164,47.38037749279916
random,12,165,47.38037749279916
random,12,166,47.38037749279916
random,12,167,47.38037749279916
random,13,0,86.46105993413458
random,13,1,86.46105993413458
random,13,2,86.46105993413458
random,13,3,86.46105993413458
random,13,4,86.46105993413458
random,13,5,86.46105993413458
random,13,6,86.46105993413458
random,13,7,86.46105993413458
random,13,8,86.46105993413458
random,13,9,68.25022497289129
random,13,10,68.25022497289129
random,13,11,52.83728618347516
random,13,12,52.83728618347516
random,13,13,52.83728618347516
random,13,14,52.83728618347516
random,13,15,52.83728618347516
random,13,16,34.12217086214109
random,13,17,34.12217086214109
random,13,18,34.12217086214109
random,13,19,34.12217086214109
random,13,20,34.12217086214109
random,13,21,34.12217086214109
random,13,22,34.12217086214109
random,13,23,34.12217086214109
random,13,24,34.12217086214109
random,13,25,34.12217086214109
random,13,26,34.12217086214109
random,13,27,34.12217086214109
random,13,28,34.12217086214109
random,13,29,34.12217086214109
random,13,30,34.12217086214109
random,13,31,34.12217086214109
random,13,32,34.12217086214109
random,13,33,34.12217086214109
random,13,34,34.12217086214109
random,13,35,34.12217086214109
random,13,36,34.12217086214109
random,13,37,34.12217086214109
random,13,38,34.12217086214109
random,13,39,34.12217086214109
random,13,40,34.12217086214109
random,13,41,34.12217086214109
random,13,42,34.12217086214109
random,13,43,34.12217086214109
random,13,44,34.12217086214109
random,13,45,34.12217086214109
random,13,46,34.12217086214109
random,13,47,34.12217086214109
random,13,48,34.12217086214109
random,13,49,34.12217086214109
random,13,50,34.12217086214109
random,13,51,34.12217086214109
random,13,52,34.12217086214109
random,13,53,34.12217086214109
random,13,54,34.12217086214109
random,13,55,34.12217086214109
random,13,56,34.12217086214109
random,13,57,34.12217086214109
random,13,58,34.12217086214109
random,13,59,34.12217086214109
random,13,60,34.12217086214109
random,13,61,34.12217086214109
random,13,62,34.12217086214109
random,13,63,34.12217086214109
random,13,64,34.12217086214109
random,13,65,34.12217086214109
random,13,66,34.12217086214109
random,13,67,34.12217086214109
random,13,68,34.12217086214109
random,13,69,34.12217086214109
random,13,70,34.12217086214109
random,13,71,34.12217086214109
random,13,72,34.12217086214109
random,13,73,34.12217086214109
random,13,74,34.12217086214109
random,13,75,34.12217086214109
random,13,76,34.12217086214109
random,13,77,34.12217086214109
random,13,78,34.12217086214109
random,13,79,34.12217086214109
random,13,80,34.12217086214109
random,13,81,34.12217086214109
random,13,82,34.12217086214109
random,13,83,34.12217086214109
random,13,84,34.12217086214109
random,13,85,34.12217086214109
random,13,86,34.12217086214109
random,13,87,34.12217086214109
random,13,88,34.12217086214109
random,13,89,34.12217086214109
random,13,90,34.12217086214109
random,13,91,34.12217086214109
random,13,92,34.12217086214109
random,13,93,34.12217086214109
random,13,94,34.12217086214109
random,13,95,34.12217086214109
random,13,96,34.12217086214109
random,13,97,34.12217086214109
random,13,98,34.12217086214109
random,13,99,34.12217086214109
random,13,100,34.12217086214109
random,13,101,34.12217086214109
random,13,102,34.12217086214109
random,13,103,34.12217086214109
random,13,104,34.12217086214109
random,13,105,34.12217086214109
random,13,106,34.12217086214109
random,13,107,34.12217086214109
random,13,108,34.12217086214109
random,13,109,34.12217086214109
random,13,110,34.12217086214109
random,13,111,34.12217086214109
random,13,112,34.12217086214109
random,13,113,34.12217086214109
random,13,114,34.12217086214109
random,13,115,34.12217086214109
random,13,116,34.12217086214109
random,13,117,34.12217086214109
random,13,118,34.12217086214109
random,13,119,34.12217086214109
random,13,120,34.12217086214109
random,13,121,34.12217086214109
random,13,122,34.12217086214109
random,13,123,34.12217086214109
random,13,124,34.12217086214109
random,13,125,34.12217086214109
random,13,126,34.12217086214109
random,13,127,34.12217086214109
random,13,128,34.12217086214109
random,13,129,34.12217086214109
random,13,130,34.12217086214109
random,13,131,34.12217086214109
random,13,132,34.12217086214109
random,13,133,34.12217086214109
random,13,134,34.12217086214109
random,13,135,34.12217086214109
random,13,136,34.12217086214109
random,13,137,34.12217086214109
random,13,138,34.12217086214109
random,13,139,34.12217086214109
random,13,140,34.12217086214109
random,13,141,34.12217086214109
random,13,142,34.12217086214109
random,13,143,34.12217086214109
random,13,144,34.12217086214109
random,13,145,34.12217086214109
random,13,146,34.12217086214109
random,13,147,34.12217086214109
random,13,148,34.12217086214109
random,13,149,34.12217086214109
random,13,150,34.12217086214109
random,13,151,34.12217086214109
random,13,152,34.12217086214109
random,13,153,34.12217086214109
random,13,154,34.12217086214109
random,13,155,34.12217086214109
random,13,156,34.12217086214109
random,13,157,34.12217086214109
random,13,158,34.12217086214109
random,13,159,34.12217086214109
random,13,160,34.12217086214109
random,13,161,34.12217086214109
random,13,162,34.12217086214109
random,13,163,34.12217086214109
random,13,164,34.12217086214109
random,13,165,34.12217086214109
random,13,166,34.12217086214109
random,13,167,34.12217086214109
random,14,0,118.19970082058111
random,14,1,67.88896820144272
random,14,2,67.88896820144272
random,14,3,67.88896820144272
random,14,4,67.88896820144272
random,14,5,67.88896820144272
random,14,6,67.88896820144272
random,14,7,67.88896820144272
random,14,8,67.88896820144272
random,14,9,67.88896820144272
random,14,10,67.88896820144272
random,14,11,67.88896820144272
random,14,12,67.88896820144272
random,14,13,67.88896820144272
random,14,14,67.88896820144272
random,14,15,67.88896820144272
random,14,16,67.88896820144272
random,14,17,67.88896820144272
random,14,18,67.88896820144272
random,14,19,67.88896820144272
random,14,20,67.88896820144272
random,14,21,66.28951569233143
random,14,22,66.28951569233143
random,14,23,66.28951569233143
random,14,24,66.28951569233143
random,14,25,66.28951569233143
random,14,26,66.28951569233143
random,14,27,66.28951569233143
random,14,28,66.28951569233143
random,14,29,66.28951569233143
random,14,30,66.28951569233143
random,14,31,66.28951569233143
random,14,32,66.28951569233143
random,14,33,66.28951569233143
random,14,34,66.28951569233143
random,14,35,66.28951569233143
random,14,36,66.28951569233143
random,14,37,66.28951569233143
random,14,38,66.28951569233143
random,14,39,66.28951569233143
random,14,40,66.28951569233143
random,14,41,66.28951569233143
random,14,42,66.28951569233143
random,14,43,66.28951569233143
random,14,44,66.28951569233143
random,14,45,66.28951569233143
random,14,46,66.28951569233143
random,14,47,66.28951569233143
random,14,48,39.117567046120875
random,14,49,39.117567046120875
random,14,50,39.117567046120875
random,14,51,39.117567046120875
random,14,52,39.117567046120875
random,14,53,39.117567046120875
random,14,54,39.117567046120875
random,14,55,39.117567046120875
random,14,56,39.117567046120875
random,14,57,39.117567046120875
random,14,58,39.117567046120875
random,14,59,39.117567046120875
random,14,60,39.117567046120875
random,14,61,39.117567046120875
random,14,62,39.117567046120875
random,14,63,39.117567046120875
random,14,64,39.117567046120875
random,14,65,39.117567046120875
random,14,66,39.117567046120875
random,14,67,39.117567046120875
random,14,68,39.117567046120875
random,14,69,39.117567046120875
random,14,70,39.117567046120875
random,14,71,39.117567046120875
random,14,72,39.117567046120875
random,14,73,39.117567046120875
random,14,74,39.117567046120875
random,14,75,39.117567046120875
random,14,76,39.117567046120875
random,14,77,39.117567046120875
random,14,78,39.117567046120875
random,14,79,39.117567046120875
random,14,80,39.117567046120875
random,14,81,39.117567046120875
random,14,82,39.117567046120875
random,14,83,39.117567046120875
random,14,84,39.117567046120875
random,14,85,39.117567046120875
random,14,86,39.117567046120875
random,14,87,39.117567046120875
random,14,88,39.117567046120875
random,14,89,39.117567046120875
random,14,90,39.117567046120875
random,14,91,39.117567046120875
random,14,92,39.117567046120875
random,14,93,39.117567046120875
random,14,94,39.117567046120875
random,14,95,39.117567046120875
random,14,96,39.117567046120875
random,14,97,39.117567046120875
random,14,98,39.117567046120875
random,14,99,39.117567046120875
random,14,100,39.117567046120875
random,14,101,39.117567046120875
random,14,102,39.117567046120875
random,14,103,39.117567046120875
random,14,104,39.117567046120875
random,14,105,39.117567046120875
random,14,106,39.117567046120875
random,14,107,39.117567046120875
random,14,108,39.117567046120875
random,14,109,39.117567046120875
random,14,110,39.117567046120875
random,14,111,39.117567046120875
random,14,112,39.117567046120875
random,14,113,39.117567046120875
random,14,114,39.117567046120875
random,14,115,39.117567046120875
random,14,116,39.117567046120875
random,14,117,39.117567046120875
random,14,118,39.117567046120875
random,14,119,39.117567046120875
random,14,120,39.117567046120875
random,14,121,39.117567046120875
random,14,122,39.117567046120875
random,14,123,39.117567046120875
random,14,124,39.117567046120875
random,14,125,39.117567046120875
random,14,126,39.117567046120875
random,14,127,39.117567046120875
random,14,128,39.117567046120875
random,14,129,39.117567046120875
random,14,130,39.117567046120875
random,14,131,39.117567046120875
random,14,132,39.117567046120875
random,14,133,39.117567046120875
random,14,134,39.117567046120875
random,14,135,39.117567046120875
random,14,136,39.117567046120875
random,14,137,39.117567046120875
random,14,138,39.117567046120875
random,14,139,39.117567046120875
random,14,140,39.117567046120875
random,14,141,39.117567046120875
random,14,142,39.117567046120875
random,14,143,39.117567046120875
random,14,144,39.117567046120875
random,14,145,39.117567046120875
random,14,146,39.117567046120875
random,14,147,39.117567046120875
random,14,148,39.117567046120875
random,14,149,39.117567046120875
random,14,150,39.117567046120875
random,14,151,39.117567046120875
random,14,152,39.117567046120875
random,14,153,39.117567046120875
random,14,154,39.117567046120875
random,14,155,39.117567046120875
random,14,156,39.117567046120875
random,14,157,39.117567046120875
random,14,158,39.117567046120875
random,14,159,39.117567046120875
random,14,160,39.117567046120875
random,14,161,39.117567046120875
random,14,162,39.117567046120875
random,14,163,39.117567046120875
random,14,164,39.117567046120875
random,14,165,39.117567046120875
random,14,166,39.117567046120875
random,14,167,39.117567046120875
random,15,0,69.01815668257895
random,15,1,69.01815668257895
random,15,2,69.01815668257895
random,15,3,69.01815668257895
random,15,4,69.01815668257895
random,15,5,69.01815668257895
random,15,6,69.01815668257895
random,15,7,69.01815668257895
random,15,8,69.01815668257895
random,15,9,69.01815668257895
random,15,10,69.01815668257895
random,15,11,69.01815668257895
random,15,12,69.01815668257895
random,15,13,69.01815668257895
random,15,14,69.01815668257895
random,15,15,69.01815668257895
random,15,16,69.01815668257895
random,15,17,69.01815668257895
random,15,18,69.01815668257895
random,15,19,69.01815668257895
random,15,20,69.01815668257895
random,15,21,69.01815668257895
random,15,22,69.01815668257895
random,15,23,69.01815668257895
random,15,24,69.01815668257895
random,15,25,69.01815668257895
random,15,26,69.01815668257895
random,15,27,69.01815668257895
random,15,28,69.01815668257895
random,15,29,69.01815668257895
random,15,30,69.01815668257895
random,15,31,67.27017379057243
random,15,32,67.27017379057243
random,15,33,67.27017379057243
random,15,34,67.27017379057243
random,15,35,67.27017379057243
random,15,36,67.27017379057243
random,15,37,67.27017379057243
random,15,38,67.27017379057243
random,15,39,67.27017379057243
random,15,40,67.27017379057243
random,15,41,67.27017379057243
random,15,42,67.27017379057243
random,15,43,67.27017379057243
random,15,44,67.27017379057243
random,15,45,67.27017379057243
random,15,46,67.27017379057243
random,15,47,67.27017379057243
random,15,48,67.27017379057243
random,15,49,67.27017379057243
random,15,50,67.27017379057243
random,15,51,67.27017379057243
random,15,52,67.27017379057243
random,15,53,67.27017379057243
random,15,54,67.27017379057243
random,15,55,67.27017379057243
random,15,56,67.27017379057243
random,15,57,67.27017379057243
random,15,58,54.75848703099521
random,15,59,54.75848703099521
random,15,60,54.75848703099521
random,15,61,54.75848703099521
random,15,62,54.75848703099521
random,15,63,54.75848703099521
random,15,64,54.75848703099521
random,15,65,54.75848703099521
random,15,66,54.75848703099521
random,15,67,54.75848703099521
random,15,68,54.75848703099521
random,15,69,54.75848703099521
random,15,70,54.75848703099521
random,15,71,54.75848703099521
random,15,72,54.75848703099521
random,15,73,54.75848703099521
random,15,74,54.75848703099521
random,15,75,54.75848703099521
random,15,76,36.59873425438694
random,15,77,36.59873425438694
random,15,78,36.59873425438694
random,15,79,36.59873425438694
random,15,80,36.59873425438694
random,15,81,36.59873425438694
random,15,82,36.59873425438694
random,15,83,36.59873425438694
random,15,84,36.59873425438694
random,15,85,36.59873425438694
random,15,86,36.59873425438694
random,15,87,36.59873425438694
random,15,88,36.59873425438694
random,15,89,36.59873425438694
random,15,90,36.59873425438694
random,15,91,36.59873425438694
random,15,92,36.59873425438694
random,15,93,36.59873425438694
random,15,94,36.59873425438694
random,15,95,36.59873425438694
random,15,96,36.59873425438694
random,15,97,36.59873425438694
random,15,98,36.59873425438694
random,15,99,36.59873425438694
random,15,100,36.59873425438694
random,15,101,36.59873425438694
random,15,102,36.59873425438694
random,15,103,36.59873425438694
random,15,104,36.59873425438694
random,15,105,36.59873425438694
random,15,106,36.59873425438694
random,15,107,36.59873425438694
random,15,108,36.59873425438694
random,15,109,36.59873425438694
random,15,110,36.59873425438694
random,15,111,36.59873425438694
random,15,112,36.59873425438694
random,15,113,36.59873425438694
random,15,114,36.59873425438694
random,15,115,36.59873425438694
random,15,116,36.59873425438694
random,15,117,36.59873425438694
random,15,118,36.59873425438694
random,15,119,36.59873425438694
random,15,120,36.59873425438694
random,15,121,36.59873425438694
random,15,122,36.59873425438694
random,15,123,36.59873425438694
random,15,124,36.59873425438694
random,15,125,36.59873425438694
random,15,126,36.59873425438694
random,15,127,36.59873425438694
random,15,128,36.59873425438694
random,15,129,36.59873425438694
random,15,130,36.59873425438694
random,15,131,36.59873425438694
random,15,132,36.59873425438694
random,15,133,36.59873425438694
random,15,134,36.59873425438694
random,15,135,36.59873425438694
random,15,136,36.59873425438694
random,15,137,36.59873425438694
random,15,138,36.59873425438694
random,15,139,36.59873425438694
random,15,140,36.59873425438694
random,15,141,36.59873425438694
random,15,142,36.59873425438694
random,15,143,36.59873425438694
random,15,144,36.59873425438694
random,15,145,36.59873425438694
random,15,146,36.59873425438694
random,15,147,36.59873425438694
random,15,148,36.59873425438694
random,15,149,36.59873425438694
random,15,150,36.59873425438694
random,15,151,36.59873425438694
random,15,152,36.59873425438694
random,15,153,36.59873425438694
random,15,154,36.59873425438694
random,15,155,36.59873425438694
random,15,156,36.59873425438694
random,15,157,36.59873425438694
random,15,158,36.59873425438694
random,15,159,36.59873425438694
random,15,160,36.59873425438694
random,15,161,36.59873425438694
random,15,162,36.59873425438694
random,15,163,36.59873425438694
random,15,164,36.59873425438694
random,15,165,36.59873425438694
random,15,166,36.59873425438694
random,15,167,36.59873425438694
random,16,0,137.65378453900192
random,16,1,132.90054766839813
random,16,2,132.90054766839813
random,16,3,132.90054766839813
random,16,4,132.90054766839813
random,16,5,132.90054766839813
random,16,6,55.477079974853126
random,16,7,55.477079974853126
random,16,8,55.477079974853126
random,16,9,55.477079974853126
random,16,10,55.477079974853126
random,16,11,55.477079974853126
random,16,12,55.477079974853126
random,16,13,55.477079974853126
random,16,14,55.477079974853126
random,16,15,55.477079974853126
random,16,16,55.477079974853126
random,16,17,55.477079974853126
random,16,18,55.477079974853126
random,16,19,55.477079974853126
random,16,20,55.477079974853126
random,16,21,55.477079974853126
random,16,22,55.477079974853126
random,16,23,55.477079974853126
random,16,24,55.477079974853126
random,16,25,55.477079974853126
random,16,26,55.477079974853126
random,16,27,55.477079974853126
random,16,28,55.477079974853126
random,16,29,55.477079974853126
random,16,30,55.477079974853126
random,16,31,55.477079974853126
random,16,32,55.477079974853126
random,16,33,55.477079974853126
random,16,34,55.477079974853126
random,16,35,55.477079974853126
random,16,36,55.477079974853126
random,16,37,55.477079974853126
random,16,38,55.477079974853126
random,16,39,55.477079974853126
random,16,40,55.477079974853126
random,16,41,55.477079974853126
random,16,42,55.477079974853126
random,16,43,55.477079974853126
random,16,44,55.477079974853126
random,16,45,55.477079974853126
random,16,46,55.477079974853126
random,16,47,55.477079974853126
random,16,48,55.477079974853126
random,16,49,55.477079974853126
random,16,50,55.477079974853126
random,16,51,55.477079974853126
random,16,52,55.477079974853126
random,16,53,55.477079974853126
random,16,54,55.477079974853126
random,16,55,55.477079974853126
random,16,56,55.477079974853126
random,16,57,55.477079974853126
random,16,58,55.477079974853126
random,16,59,55.477079974853126
random,16,60,55.477079974853126
random,16,61,55.477079974853126
random,16,62,55.477079974853126
random,16,63,55.477079974853126
random,16,64,55.477079974853126
random,16,65,55.477079974853126
random,16,66,55.477079974853126
random,16,67,55.477079974853126
random,16,68,55.477079974853126
random,16,69,55.477079974853126
random,16,70,55.477079974853126
random,16,71,55.477079974853126
random,16,72,55.477079974853126
random,16,73,55.477079974853126
random,16,74,55.477079974853126
random,16,75,55.477079974853126
random,16,76,55.477079974853126
random,16,77,55.477079974853126
random,16,78,55.477079974853126
random,16,79,55.477079974853126
random,16,80,55.477079974853126
random,16,81,55.477079974853126
random,16,82,55.477079974853126
random,16,83,55.477079974853126
random,16,84,55.477079974853126
random,16,85,55.477079974853126
random,16,86,55.477079974853126
random,16,87,55.477079974853126
random,16,88,55.477079974853126
random,16,89,55.477079974853126
random,16,90,55.477079974853126
random,16,91,55.477079974853126
random,16,92,40.536242776295865
random,16,93,40.536242776295865
random,16,94,40.536242776295865
random,16,95,40.536242776295865
random,16,96,40.536242776295865
random,16,97,40.536242776295865
random,16,98,40.536242776295865
random,16,99,40.536242776295865
random,16,100,40.536242776295865
random,16,101,40.536242776295865
random,16,102,40.536242776295865
random,16,103,40.536242776295865
random,16,104,40.536242776295865
random,16,105,40.536242776295865
random,16,106,40.536242776295865
random,16,107,40.536242776295865
random,16,108,40.536242776295865
random,16,109,40.536242776295865
random,16,110,40.536242776295865
random,16,111,40.536242776295865
random,16,112,40.536242776295865
random,16,113,40.536242776295865
random,16,114,40.536242776295865
random,16,115,40.536242776295865
random,16,116,40.536242776295865
random,16,117,40.536242776295865
random,16,118,40.536242776295865
random,16,119,40.536242776295865
random,16,120,40.536242776295865
random,16,121,40.536242776295865
random,16,122,40.536242776295865
random,16,123,40.536242776295865
random,16,124,40.536242776295865
random,16,125,40.536242776295865
random,16,126,40.536242776295865
random,16,127,40.536242776295865
random,16,128,40.536242776295865
random,16,129,40.536242776295865
random,16,130,40.536242776295865
random,16,131,40.536242776295865
random,16,132,40.536242776295865
random,16,133,40.536242776295865
random,16,134,40.536242776295865
random,16,135,40.536242776295865
random,16,136,40.536242776295865
random,16,137,40.536242776295865
random,16,138,40.536242776295865
random,16,139,40.536242776295865
random,16,140,40.536242776295865
random,16,141,40.536242776295865
random,16,142,40.536242776295865
random,16,143,40.536242776295865
random,16,144,40.536242776295865
random,16,145,40.536242776295865
random,16,146,40.536242776295865
random,16,147,40.536242776295865
random,16,148,40.536242776295865
random,16,149,40.536242776295865
random,16,150,40.536242776295865
random,16,151,40.536242776295865
random,16,152,40.536242776295865
random,16,153,40.536242776295865
random,16,154,40.536242776295865
random,16,155,40.536242776295865
random,16,156,40.536242776295865
random,16,157,40.536242776295865
random,16,158,40.536242776295865
random,16,159,40.536242776295865
random,16,160,40.536242776295865
random,16,161,40.536242776295865
random,16,162,40.536242776295865
random,16,163,40.536242776295865
random,16,164,40.536242776295865
random,16,165,40.536242776295865
random,16,166,40.536242776295865
random,16,167,40.536242776295865
random,17,0,107.9229504760342
random,17,1,107.9229504760342
random,17,2,99.32143106431651
random,17,3,99.32143106431651
random,17,4,99.32143106431651
random,17,5,99.32143106431651
random,17,6,99.32143106431651
random,17,7,74.13655714107107
random,17,8,74.13655714107107
random,17,9,74.13655714107107
random,17,10,74.13655714107107
random,17,11,74.13655714107107
random,17,12,74.13655714107107
random,17,13,74.13655714107107
random,17,14,74.13655714107107
random,17,15,74.13655714107107
random,17,16,74.13655714107107
random,17,17,74.13655714107107
random,17,18,74.13655714107107
random,17,19,74.13655714107107
random,17,20,24.999437328033107
random,17,21,24.999437328033107
random,17,22,24.999437328033107
random,17,23,24.999437328033107
random,17,24,24.999437328033107
random,17,25,24.999437328033107
random,17,26,24.999437328033107
random,17,27,24.999437328033107
random,17,28,24.999437328033107
random,17,29,24.999437328033107
random,17,30,24.999437328033107
random,17,31,24.999437328033107
random,17,32,24.999437328033107
random,17,33,24.999437328033107
random,17,34,24.999437328033107
random,17,35,24.999437328033107
random,17,36,24.999437328033107
random,17,37,24.999437328033107
random,17,38,24.999437328033107
random,17,39,24.999437328033107
random,17,40,24.999437328033107
random,17,41,24.999437328033107
random,17,42,24.999437328033107
random,17,43,24.999437328033107
random,17,44,24.999437328033107
random,17,45,24.999437328033107
random,17,46,24.999437328033107
random,17,47,24.999437328033107
random,17,48,24.999437328033107
random,17,49,24.999437328033107
random,17,50,24.999437328033107
random,17,51,24.999437328033107
random,17,52,24.999437328033107
random,17,53,24.999437328033107
random,17,54,24.999437328033107
random,17,55,24.999437328033107
random,17,56,24.999437328033107
random,17,57,24.999437328033107
random,17,58,24.999437328033107
random,17,59,24.999437328033107
random,17,60,24.999437328033107
random,17,61,24.999437328033107
random,17,62,24.999437328033107
random,17,63,24.999437328033107
random,17,64,24.999437328033107
random,17,65,24.999437328033107
random,17,66,24.999437328033107
random,17,67,24.999437328033107
random,17,68,24.999437328033107
random,17,69,24.999437328033107
random,17,70,24.999437328033107
random,17,71,24.999437328033107
random,17,72,24.999437328033107
random,17,73,24.999437328033107
random,17,74,24.999437328033107
random,17,75,24.999437328033107
random,17,76,24.999437328033107
random,17,77,24.999437328033107
random,17,78,24.999437328033107
random,17,79,24.999437328033107
random,17,80,24.999437328033107
random,17,81,24.999437328033107
random,17,82,24.999437328033107
random,17,83,24.999437328033107
random,17,84,24.999437328033107
random,17,85,24.999437328033107
random,17,86,24.999437328033107
random,17,87,24.999437328033107
random,17,88,24.999437328033107
random,17,89,24.999437328033107
random,17,90,24.999437328033107
random,17,91,24.999437328033107
random,17,92,24.999437328033107
random,17,93,24.999437328033107
random,17,94,24.999437328033107
random,17,95,24.999437328033107
random,17,96,24.999437328033107
random,17,97,24.999437328033107
random,17,98,24.999437328033107
random,17,99,24.999437328033107
random,17,100,24.999437328033107
random,17,101,24.999437328033107
random,17,102,24.999437328033107
random,17,103,24.999437328033107
random,17,104,24.999437328033107
random,17,105,24.999437328033107
random,17,106,24.999437328033107
random,17,107,24.999437328033107
random,17,108,24.999437328033107
random,17,109,24.999437328033107
random,17,110,24.999437328033107
random,17,111,24.999437328033107
random,17,112,24.999437328033107
random,17,113,24.999437328033107
random,17,114,24.999437328033107
random,17,115,24.999437328033107
random,17,116,24.999437328033107
random,17,117,24.999437328033107
random,17,118,24.999437328033107
random,17,119,24.999437328033107
random,17,120,24.999437328033107
random,17,121,24.999437328033107
random,17,122,24.999437328033107
random,17,123,24.999437328033107
random,17,124,24.999437328033107
random,17,125,24.999437328033107
random,17,126,24.999437328033107
random,17,127,24.999437328033107
random,17,128,24.999437328033107
random,17,129,24.999437328033107
random,17,130,24.999437328033107
random,17,131,24.999437328033107
random,17,132,24.999437328033107
random,17,133,24.999437328033107
random,17,134,24.999437328033107
random,17,135,24.999437328033107
random,17,136,24.999437328033107
random,17,137,24.999437328033107
random,17,138,24.999437328033107
random,17,139,24.999437328033107
random,17,140,24.999437328033107
random,17,141,24.999437328033107
random,17,142,24.999437328033107
random,17,143,24.999437328033107
random,17,144,24.999437328033107
random,17,145,24.999437328033107
random,17,146,24.999437328033107
random,17,147,24.999437328033107
random,17,148,24.999437328033107
random,17,149,24.999437328033107
random,17,150,24.999437328033107
random,17,151,24.999437328033107
random,17,152,24.999437328033107
random,17,153,24.999437328033107
random,17,154,24.999437328033107
random,17,155,24.999437328033107
random,17,156,24.999437328033107
random,17,157,24.999437328033107
random,17,158,24.999437328033107
random,17,159,24.999437328033107
random,17,160,24.999437328033107
random,17,161,24.999437328033107
random,17,162,24.999437328033107
random,17,163,24.999437328033107
random,17,164,24.999437328033107
random,17,165,24.999437328033107
random,17,166,24.999437328033107
random,17,167,24.999437328033107
random,18,0,138.29107245282609
random,18,1,138.29107245282609
random,18,2,124.93605075993679
random,18,3,117.70623757032902
random,18,4,117.70623757032902
random,18,5,86.75745241311289
random,18,6,86.75745241311289
random,18,7,86.75745241311289
random,18,8,84.47012549398826
random,18,9,84.47012549398826
random,18,10,84.47012549398826
random,18,11,84.47012549398826
random,18,12,84.47012549398826
random,18,13,84.47012549398826
random,18,14,84.47012549398826
random,18,15,84.47012549398826
random,18,16,84.47012549398826
random,18,17,84.47012549398826
random,18,18,84.47012549398826
random,18,19,81.71438968910647
random,18,20,81.71438968910647
random,18,21,81.71438968910647
random,18,22,81.61249595428228
random,18,23,81.61249595428228
random,18,24,72.2684967518553
random,18,25,72.2684967518553
random,18,26,72.2684967518553
random,18,27,72.2684967518553
random,18,28,60.337746731764824
random,18,29,60.337746731764824
random,18,30,60.337746731764824
random,18,31,60.337746731764824
random,18,32,60.337746731764824
random,18,33,60.337746731764824
random,18,34,60.337746731764824
random,18,35,60.337746731764824
random,18,36,60.337746731764824
random,18,37,60.337746731764824
random,18,38,60.337746731764824
random,18,39,60.337746731764824
random,18,40,60.337746731764824
random,18,41,60.337746731764824
random,18,42,60.337746731764824
random,18,43,60.337746731764824
random,18,44,60.337746731764824
random,18,45,60.337746731764824
random,18,46,60.337746731764824
random,18,47,60.337746731764824
random,18,48,60.337746731764824
random,18,49,60.337746731764824
random,18,50,60.337746731764824
random,18,51,60.337746731764824
random,18,52,60.337746731764824
random,18,53,60.337746731764824
random,18,54,60.337746731764824
random,18,55,60.337746731764824
random,18,56,60.337746731764824
random,18,57,60.337746731764824
random,18,58,60.337746731764824
random,18,59,60.337746731764824
random,18,60,60.337746731764824
random,18,61,60.337746731764824
random,18,62,51.62796951144878
random,18,63,49.62226767551247
random,18,64,49.62226767551247
random,18,65,49.62226767551247
random,18,66,49.62226767551247
random,18,67,49.62226767551247
random,18,68,49.62226767551247
random,18,69,49.62226767551247
random,18,70,49.62226767551247
random,18,71,49.62226767551247
random,18,72,49.62226767551247
random,18,73,49.62226767551247
random,18,74,49.62226767551247
random,18,75,49.62226767551247
random,18,76,49.62226767551247
random,18,77,49.62226767551247
random,18,78,49.62226767551247
random,18,79,49.62226767551247
random,18,80,49.62226767551247
random,18,81,49.62226767551247
random,18,82,49.62226767551247
random,18,83,49.62226767551247
random,18,84,49.62226767551247
random,18,85,49.62226767551247
random,18,86,49.62226767551247
random,18,87,49.62226767551247
random,18,88,49.62226767551247
random,18,89,49.62226767551247
random,18,90,49.62226767551247
random,18,91,49.62226767551247
random,18,92,49.62226767551247
random,18,93,49.62226767551247
random,18,94,49.62226767551247
random,18,95,49.62226767551247
random,18,96,49.62226767551247
random,18,97,49.62226767551247
random,18,98,49.62226767551247
random,18,99,49.62226767551247
random,18,100,49.62226767551247
random,18,101,49.62226767551247
random,18,102,49.62226767551247
random,18,103,49.62226767551247
random,18,104,49.62226767551247
random,18,105,49.62226767551247
random,18,106,49.62226767551247
random,18,107,49.62226767551247
random,18,108,49.62226767551247
random,18,109,49.62226767551247
random,18,110,49.62226767551247
random,18,111,49.62226767551247
random,18,112,49.62226767551247
random,18,113,49.62226767551247
random,18,114,49.62226767551247
random,18,115,49.62226767551247
random,18,116,43.57986566478411
random,18,117,43.57986566478411
random,18,118,43.57986566478411
random,18,119,43.57986566478411
random,18,120,43.57986566478411
random,18,121,43.57986566478411
random,18,122,43.57986566478411
random,18,123,43.57986566478411
random,18,124,43.57986566478411
random,18,125,43.57986566478411
random,18,126,43.57986566478411
random,18,127,43.57986566478411
random,18,128,43.57986566478411
random,18,129,43.57986566478411
random,18,130,43.57986566478411
random,18,131,43.57986566478411
random,18,132,43.57986566478411
random,18,133,43.57986566478411
random,18,134,43.57986566478411
random,18,135,43.57986566478411
random,18,136,43.57986566478411
random,18,137,43.57986566478411
random,18,138,43.57986566478411
random,18,139,43.57986566478411
random,18,140,43.57986566478411
random,18,141,43.57986566478411
random,18,142,43.57986566478411
random,18,143,43.57986566478411
random,18,144,43.57986566478411
random,18,145,43.57986566478411
random,18,146,43.57986566478411
random,18,147,43.57986566478411
random,18,148,43.57986566478411
random,18,149,43.57986566478411
random,18,150,43.57986566478411
random,18,151,43.57986566478411
random,18,152,43.57986566478411
random,18,153,43.57986566478411
random,18,154,43.57986566478411
random,18,155,43.57986566478411
random,18,156,43.57986566478411
random,18,157,43.57986566478411
random,18,158,43.57986566478411
random,18,159,43.57986566478411
random,18,160,43.57986566478411
random,18,161,43.57986566478411
random,18,162,43.57986566478411
random,18,163,43.57986566478411
random,18,164,43.57986566478411
random,18,165,43.57986566478411
random,18,166,43.57986566478411
random,18,167,43.57986566478411
random,19,0,89.98372793986643
random,19,1,80.90677610317493
random,19,2,80.90677610317493
random,19,3,80.90677610317493
random,19,4,80.90677610317493
random,19,5,80.90677610317493
random,19,6,80.82053445575127
random,19,7,80.32541268270167
random,19,8,80.32541268270167
random,19,9,80.32541268270167
random,19,10,80.32541268270167
random,19,11,80.32541268270167
random,19,12,80.32541268270167
random,19,13,80.32541268270167
random,19,14,80.32541268270167
random,19,15,80.32541268270167
random,19,16,80.32541268270167
random,19,17,80.32541268270167
random,19,18,80.32541268270167
random,19,19,80.32541268270167
random,19,20,80.32541268270167
random,19,21,80.32541268270167
random,19,22,80.32541268270167
random,19,23,80.32541268270167
random,19,24,80.32541268270167
random,19,25,80.32541268270167
random,19,26,80.32541268270167
random,19,27,76.95783633414342
random,19,28,76.95783633414342
random,19,29,76.95783633414342
random,19,30,76.95783633414342
random,19,31,76.95783633414342
random,19,32,75.53778486977225
random,19,33,75.53778486977225
random,19,34,72.67897939223413
random,19,35,72.67897939223413
random,19,36,72.67897939223413
random,19,37,72.67897939223413
random,19,38,72.67897939223413
random,19,39,72.67897939223413
random,19,40,72.67897939223413
random,19,41,72.67897939223413
random,19,42,72.67897939223413
random,19,43,36.051665794049924
random,19,44,36.051665794049924
random,19,45,36.051665794049924
random,19,46,36.051665794049924
random,19,47,36.051665794049924
random,19,48,36.051665794049924
random,19,49,36.051665794049924
random,19,50,36.051665794049924
random,19,51,36.051665794049924
random,19,52,36.051665794049924
random,19,53,36.051665794049924
random,19,54,36.051665794049924
random,19,55,36.051665794049924
random,19,56,36.051665794049924
random,19,57,36.051665794049924
random,19,58,36.051665794049924
random,19,59,36.051665794049924
random,19,60,36.051665794049924
random,19,61,36.051665794049924
random,19,62,36.051665794049924
random,19,63,36.051665794049924
random,19,64,36.051665794049924
random,19,65,36.051665794049924
random,19,66,36.051665794049924
random,19,67,36.051665794049924
random,19,68,36.051665794049924
random,19,69,36.051665794049924
random,19,70,36.051665794049924
random,19,71,36.051665794049924
random,19,72,36.051665794049924
random,19,73,36.051665794049924
random,19,74,36.051665794049924
random,19,75,36.051665794049924
random,19,76,36.051665794049924
random,19,77,36.051665794049924
random,19,78,36.051665794049924
random,19,79,36.051665794049924
random,19,80,36.051665794049924
random,19,81,36.051665794049924
random,19,82,36.051665794049924
random,19,83,36.051665794049924
random,19,84,36.051665794049924
random,19,85,36.051665794049924
random,19,86,36.051665794049924
random,19,87,36.051665794049924
random,19,88,36.051665794049924
random,19,89,36.051665794049924
random,19,90,36.051665794049924
random,19,91,36.051665794049924
random,19,92,36.051665794049924
random,19,93,36.051665794049924
random,19,94,36.051665794049924
random,19,95,36.051665794049924
random,19,96,36.051665794049924
random,19,97,36.051665794049924
random,19,98,36.051665794049924
random,19,99,36.051665794049924
random,19,100,36.051665794049924
random,19,101,36.051665794049924
random,19,102,36.051665794049924
random,19,103,36.051665794049924
random,19,104,36.051665794049924
random,19,105,36.051665794049924
random,19,106,36.051665794049924
random,19,107,36.051665794049924
random,19,108,36.051665794049924
random,19,109,36.051665794049924
random,19,110,36.051665794049924
random,19,111,36.051665794049924
random,19,112,36.051665794049924
random,19,113,36.051665794049924
random,19,114,36.051665794049924
random,19,115,36.051665794049924
random,19,116,36.051665794049924
random,19,117,36.051665794049924
random,19,118,36.051665794049924
random,19,119,36.051665794049924
random,19,120,36.051665794049924
random,19,121,36.051665794049924
random,19,122,36.051665794049924
random,19,123,36.051665794049924
random,19,124,36.051665794049924
random,19,125,36.051665794049924
random,19,126,36.051665794049924
random,19,127,36.051665794049924
random,19,128,36.051665794049924
random,19,129,36.051665794049924
random,19,130,36.051665794049924
random,19,131,36.051665794049924
random,19,132,36.051665794049924
random,19,133,36.051665794049924
random,19,134,36.051665794049924
random,19,135,36.051665794049924
random,19,136,36.051665794049924
random,19,137,36.051665794049924
random,19,138,36.051665794049924
random,19,139,36.051665794049924
random,19,140,36.051665794049924
random,19,141,36.051665794049924
random,19,142,36.051665794049924
random,19,143,36.051665794049924
random,19,144,36.051665794049924
random,19,145,36.051665794049924
random,19,146,36.051665794049924
random,19,147,36.051665794049924
random,19,148,36.051665794049924
random,19,149,36.051665794049924
random,19,150,36.051665794049924
random,19,151,36.051665794049924
random,19,152,36.051665794049924
random,19,153,36.051665794049924
random,19,154,36.051665794049924
random,19,155,36.051665794049924
random,19,156,36.051665794049924
random,19,157,36.051665794049924
random,19,158,36.051665794049924
random,19,159,36.051665794049924
random,19,160,36.051665794049924
random,19,161,36.051665794049924
random,19,162,36.051665794049924
random,19,163,36.051665794049924
random,19,164,36.051665794049924
random,19,165,36.051665794049924
random,19,166,36.051665794049924
random,19,167,36.051665794049924
